"","gene","B cells","ILC","Megakaryocytes/platelets","Monocytes","T cells"
"1","A1BG",1.70648816229361,1.62126663675075,0,7.42541363300408,0.942491222122911
"2","A1BG-AS1",0,0,0,0.022032329623388,1.46324933412838
"3","A2M-AS1",0,0,0,0,0.0101810530948785
"4","AAAS",0,1.79281287499272,0,2.26530708178648,4.23455584115374
"5","AACS",0,0,0,0,2.13743854609335
"6","AAED1",5.41711903260572,0.350331786076653,0,0.00311664369163607,5.65101111422786
"7","AAGAB",0.344448277178502,0.408425969777661,0,0.0493190131589477,0.0440573443805382
"8","AAK1",0.0293853209028576,0.192980863830107,0,0.00286044047821661,0.403550814468305
"9","AAMDC",0,0,0,3.24369613652023,0.16713448901203
"10","AAMP",0.0191887373315554,1.60722467676687,0,0.102692497361142,0.0309167884545061
"11","AAR2",0.146244906228,0.182208003579668,0,0.177628543449114,10.692330048328
"12","AARS",0,0,0,2.38886088049199,2.92984308045708
"13","AARS2",0,0,0,0,0.423248189621645
"14","AARSD1",0,0,0,0,0.345031843809113
"15","AASDH",0,0,0,0.80186087154752,3.32878975434743
"16","AASDHPPT",2.53174085549879,1.34436787365322,0,0.368561537002299,0.714750061765287
"17","AATBC",0,0,0,0.815892640537287,0
"18","AATF",2.1616051702804,1.03289007387249,0,0.105455692958913,0.71295166174424
"19","AATK",0,0,0,1.62400402582378,0
"20","ABAT",0,0,0,1.39078857236526,0.76480315371227
"21","ABCA1",5.87270571503838,0,0,0.0439303445302324,0.0829147668733757
"22","ABCA2",0,5.85112049388374,0,0,0.123707518676998
"23","ABCA3",0,0,0,0,0.463008984298658
"24","ABCA5",0,0.732194487750397,0,0,0.514358636622043
"25","ABCA7",0.925037850906243,2.14397203955726,0,4.98200503730071,0.614398781303253
"26","ABCB1",0,3.95583899904872,0,0,2.22207967461117
"27","ABCB10",0,0,0,0.600724203195147,2.69228605721796
"28","ABCB4",0.0444130602011307,0,0,0,0
"29","ABCB7",1.36564650744168,0.0236582461900024,0,1.9958183573521,0.181968330011431
"30","ABCB8",0,0.00871647638994906,0,1.94122273192093,0.352951294905941
"31","ABCB9",0,0,0,0,0.167227780282877
"32","ABCC1",0,0,0,0.100536418189163,0.117327603947846
"33","ABCC10",0,0,0,5.85895442434823,2.59592604350767
"34","ABCC3",0,0,1.48663185749867,0.0556771463450434,0
"35","ABCC4",0,0,0.831765490472933,0.0820796061917843,0.918874486628026
"36","ABCC5",0,0.717929350216842,0,1.32608964820738,1.99809812737453
"37","ABCC6",0,0,0,0.143369730394871,0
"38","ABCD1",0,0,0,0.927837644622693,1.26571613909171
"39","ABCD2",0,0,0,0,1.72057867938451
"40","ABCD3",0,5.21121820951814,0,1.32374536311561,0.113215882717318
"41","ABCD4",0.116975323693475,0.572355296297097,0,3.65770311342283,0.0210994437463218
"42","ABCE1",0.104277546193943,1.73593707451112,0,4.59776497904332e-05,1.35240400397049
"43","ABCF1",1.38803908612305,1.17500185496402,0,0.0728631847587127,0.854548839318373
"44","ABCF2",0,0,0,0.105094080894272,0.595235205530833
"45","ABCF3",0,0.510684410907114,0,0.356211723918516,2.09513702451572
"46","ABCG1",17.0314037912771,0,0,0,1.96864083439222
"47","ABHD10",0,0.0039651692527505,0,2.64580362759294e-05,0.298330073513324
"48","ABHD11",0,0,0,1.33368121282261,0.0242532058915721
"49","ABHD12",0.00095562633663702,0.16369419661068,0,1.30232906176011,1.14363696247457
"50","ABHD13",1.54970518240207,1.43206144674624,0,2.10842204897283,0.117963130618075
"51","ABHD14A",0,0,0,0,0.00148641565678769
"52","ABHD14B",0.766766486344765,0.305209859565553,0,6.88582318078392,2.09657479134614
"53","ABHD15",0.0208888881858481,7.72791006657635,0,0,1.98294228703183
"54","ABHD16A",0.36581765661844,0.0647575998133001,0.71084918033018,0.205939158359331,0.0422698637623335
"55","ABHD17A",1.05082608458587,2.31848856461627,0,0.002880046459297,0.784922033885716
"56","ABHD17B",0.194720230533928,0.317952289121936,0,0.0761502225775667,0.99482774522758
"57","ABHD18",0,1.60025123763088,0,0.0127344636429556,0.503974347464687
"58","ABHD2",0,0.687684351312649,0,1.31890259887723,0.872052633671302
"59","ABHD3",1.57213224543523,1.43093355518996,0,0.787518045447294,1.03458862662846
"60","ABHD4",0,0,0,0.112645347266851,2.54177816992834
"61","ABHD5",0,0.0266035680480071,0,1.33125231614319,0.488582076000143
"62","ABHD6",0,0,0,3.05084242485036,0.35947855306767
"63","ABHD8",0,0,0,3.30270124766861,0.899896631738776
"64","ABI1",0.410330414229636,0.0187512210799089,2.32620837214621,0.0469994892242994,1.16753194873306
"65","ABI2",0,0.551547569526149,0,0.670902588411748,0.227486716331724
"66","ABI3",0,0.0403683866804267,0,8.13099571913597,3.65101319663572
"67","ABL1",0,0,0,0.773173775243075,0.441292821982868
"68","ABL2",0,0,0,0.172809162712796,0.010342708481573
"69","ABLIM1",3.23556626094398,0.0837280103753234,0,0,0.147805324645497
"70","ABLIM3",0,0,0.0685581963320826,0,0
"71","ABO",0,0,0,0,0.568587693197113
"72","ABR",0,0.0633379383417047,0,0.239910004281469,0.0983781632636277
"73","ABRACL",1.86539359688155,0.0959766916071062,1.37329438167543,0.0780391833971334,3.62358964711076
"74","ABT1",0.960805055725278,0.849116465123969,0,2.53579248347772,1.8416763843728
"75","ABTB1",2.58571139235417,0.0341151047683285,2.63483131955128,0.121351513609952,0.0146717784430025
"76","AC002116.7",0,0,0,0,2.37042927432899
"77","AC002117.1",2.18231985267117,3.01983004181512,0,0.00926192990017148,3.24521203334196
"78","AC002310.12",0,0,0,0,4.23791270124096
"79","AC002451.3",0,0,0,3.02981135544202,0
"80","AC002467.7",0,0,0,0,4.89436104392698
"81","AC003075.4",0,0,0,9.75901463304939,0.0568499716977179
"82","AC004069.2",0,0,0,1.52613524103447,0
"83","AC004556.1",0,0,0,0.0029026963225012,0.178922032004009
"84","AC004951.6",0,0,0,0.0137153877792473,0.1742300471164
"85","AC005037.3",0,0,0,0,0.0985055359929808
"86","AC005253.2",0,0,0,0,0.20830844517472
"87","AC005944.2",0,0,0,0,0.0471467199997131
"88","AC006129.2",0.0485236324025316,4.00861852541714,0,0,2.34105770519749
"89","AC006369.2",0,6.18600728082083,0,0,0.00257701218780394
"90","AC007246.3",0,0,0,0.690167170009002,0.0238196460591438
"91","AC007325.4",0,0,0,0,0.0534584063936591
"92","AC007383.3",0,0,0,0,0.624958762822955
"93","AC008079.10",0,0,0,0,0.00363961455631607
"94","AC009133.12",0,0,0,0,0.341735596809451
"95","AC009133.17",0,0,0,0,0.432289706768738
"96","AC009299.3",0,0,0,0,0.156988387535733
"97","AC009403.2",0,0,0,1.19746871567965,1.06864071664544
"98","AC009501.4",0,0,0,0,0.0516034950353525
"99","AC009506.1",0,0,0,0.495464286215287,0
"100","AC009948.5",0,0,0,2.95410337158245,1.41391830773778
"101","AC009961.3",0,0,0,0,0.294254499308546
"102","AC010226.4",0,0,0,5.69447736456525,0.0485113672282609
"103","AC010642.1",0,0,0,0,0.00411345150619157
"104","AC010761.8",0,0,0,0,0.0135894495640499
"105","AC010883.5",0,0,0,0,1.65442316163383
"106","AC011899.9",0,0,0,0.0294594378949414,0
"107","AC012358.8",0,0,0,0,4.263397001462
"108","AC013264.2",0,0,0,0,0.0180913933978548
"109","AC013461.1",0,0,0,1.16120007893062,1.29128500739355
"110","AC016831.7",0.329737201191338,0,0,0,0.0122166911043731
"111","AC017002.1",0,0,0,0,3.31363726387104
"112","AC018816.3",0,0,0,0,1.43698801133454
"113","AC020571.3",0,0,0,0,8.11997586718597
"114","AC021188.4",0,0,0,0,1.98324231502011
"115","AC022182.1",0,0,0,0,0.165775877619494
"116","AC022182.3",0,0,0,0.489364465934284,0.612508090757329
"117","AC023590.1",0,0,0,0,1.01146316989472
"118","AC025171.1",0,0,0,0.199525033108648,3.20075330065593
"119","AC025335.1",0,0,0,0,0.216665378338945
"120","AC026471.6",0,0,0,0,0.00963249785725977
"121","AC058791.1",0,0,0,5.74504363833688,0.0147184197066219
"122","AC062017.1",0,0,0,0.000382204444220188,3.6765933810461
"123","AC064834.2",0,0,0,0,1.64898116337727
"124","AC073254.1",0,0,0,0,0.304112739024124
"125","AC074117.10",0,0,0,0,0.222206159378586
"126","AC074289.1",0,0,0,7.8460888999854,0.945174868887378
"127","AC078883.3",0,0,0,0,0.269472473794495
"128","AC079630.4",0,0,0,0.398801516663606,0
"129","AC079767.4",0.0979260540575136,0,0,0,0
"130","AC079807.2",0,0,0,0,0.947381550752605
"131","AC079922.3",0,2.61891216159242,0,3.488928871434,1.46034211238685
"132","AC091729.9",0,0,0,0.149358189806668,0.154877050841576
"133","AC091814.2",0,0,0,0.790998085258266,0
"134","AC092580.4",0,0.0376507167953654,0,0,0.0660223228079846
"135","AC093323.3",0,0.253696234935103,0,0.534129600293728,0.0582554124917184
"136","AC093388.3",0,0,0,0,0.776804720818095
"137","AC093495.4",0,0,0,0,0.516570974958322
"138","AC093609.1",0,0,0,0,6.07831895008727
"139","AC093627.10",0,0,0,3.83223342158252,0
"140","AC093627.8",0,0,2.49971101443076,0,0
"141","AC093673.5",0,0,0,0.362293493374016,0.0230689150951568
"142","AC093818.1",0.502190201048212,0,0,0,0.497694238862555
"143","AC097713.4",0,0,0,0,1.67634280214383
"144","AC103563.8",0,0,0,0,0.411344875619221
"145","AC104532.4",0,0,0,0,0.0665520913591125
"146","AC104653.1",0,0,0,0,0.113353005473178
"147","AC104820.2",0,1.82653083913715,0,0,2.63221479728058
"148","AC108488.4",0,0,0,0,1.85936358176308
"149","AC109826.1",0,0,0,0,3.04664313791223
"150","AC113189.5",0,0,0,3.59982000210928,3.40103226493127
"151","AC114271.2",0,0,0,0,0.0164865479976793
"152","AC116366.6",0,0,0,0.358610927919049,1.15240650705466
"153","AC131056.3",0,0,0,0,7.58598586379725
"154","AC133644.2",0,0,0,0,3.28871882061516
"155","AC137932.4",0,0,0,0,0.171687335404359
"156","AC137934.1",0,0,0,0,0.0713100481279898
"157","AC138969.4",0,0,0,0,0.158951919178222
"158","AC142472.6",0,0,0,0,0.57426415034313
"159","AC142528.1",0,0,0,0,2.97297056661444
"160","AC144831.1",0,0,0,0.072312855248626,0
"161","AC145124.2",0,0,0,0,0.979109824322902
"162","AC147651.4",0,0,0,0,0.156505361180521
"163","AC159540.1",0,0,0,0,0.00242117476146128
"164","AC233755.1",0.158583696260384,0,0,0,0
"165","ACAA1",0.334623969836913,0.0088116630054369,0,0.353906500093817,0.000238866512354694
"166","ACAA2",0.00516376302335541,0.0220185294548484,0,0.0177628977338612,0.65699879655069
"167","ACACA",0,3.82232646149721,0,0.0350370705036871,0.0571971504032982
"168","ACACB",0,0,0,0,0.00140915915018661
"169","ACAD10",0,0,0,1.60058623071676,1.50922719466708
"170","ACAD11",0,0,0,0,1.00015344802316
"171","ACAD8",0,0.108903370490488,0,4.41416052722267,0.0248245915619038
"172","ACAD9",0,0,0,1.52110978748366,6.58597406219338e-05
"173","ACADM",0.0588193498004607,0.168001962348779,0,0.237745867497794,2.16634894366345
"174","ACADS",0,0.0147343472605857,0,0.11786911345322,0.0859218913850032
"175","ACADSB",0,8.10997635552387,0,0.307188484589905,0.029385713916547
"176","ACADVL",0.456768688334713,0.409600298015381,0.0118001717522536,3.56798852093936,0.0853034031407733
"177","ACAP1",0.149464449861844,0.0171788775070723,0,6.04562506819117,0.565983605924919
"178","ACAP2",0.250898223764471,0.556152806633052,0,0.320563931349386,0.797607697949064
"179","ACAP3",1.44868616352422,1.26034117587091,0,0.0291278395275395,0.0495639528126778
"180","ACAT1",0.317682307141408,0.0147831785548693,0,0.284194532547323,1.49042759363786
"181","ACAT2",0,1.61957423308342,0,0.0035641294629499,1.67140152647125
"182","ACBD3",0.476397024071141,6.08013253389927,0,0.204808731107803,0.826983728720032
"183","ACBD4",0,0,0,0,0.161186023148082
"184","ACBD5",0,6.73047965048956,0,0.83390244560474,4.35485177970483
"185","ACBD6",0.34820743883298,0.0574685499249277,0,1.58407865405736,0.45996921053991
"186","ACCS",0,0,0,1.19349514194357,5.61357029649788
"187","ACD",0.870755027010679,0.299506334747784,0,0.918801724970639,1.60439024287741
"188","ACER3",0,0.412338524075594,0,8.3183586224169,4.99182716635176
"189","ACIN1",1.18750875825086,0.0456641761648765,0,0.167043311733563,0.0194229469072246
"190","ACLY",0.106072074390873,0.495147867765943,0,0.316881104412629,0.518792490043122
"191","ACO1",0,0,0,4.42095443245004,0.0384843970903045
"192","ACO2",3.84016243808153,3.87626719530671,0,0.0154232537379369,0.000254711360107481
"193","ACOT13",0,0,0,3.89068049984173,5.04244559655238
"194","ACOT2",0,0.421108996220611,0,0.0966684136435261,0.47141759327295
"195","ACOT4",0,0,0,0,0.00104543572954178
"196","ACOT7",0,13.0778070608264,0,0,0.461514330561259
"197","ACOT8",0.0306175006471387,0.00222907880971193,0,4.98533708475943,1.51266522414963
"198","ACOT9",0.0302119837861855,0.110879108430808,0,1.3249124070972,0.362267981166605
"199","ACOX1",0,0.0452158862976005,0,6.34833807092668e-05,0.000255805814607757
"200","ACOX3",0,0,0,0.135049313916248,1.21620320193379
"201","ACP1",0.928484644009966,1.13803340845811,0.38428805260939,2.16303611017792,0.960448940845326
"202","ACP2",0,0,0,1.1777251470966,0.282409082243705
"203","ACP5",0.498991665195498,2.61678618395369,0,0.247673804242769,3.30283035930641
"204","ACP6",0,0,0,0,3.96863618214063
"205","ACPP",0,0,0,0.737489720204203,0
"206","ACRBP",0,0,3.42119856702963,0.740012027729481,3.41111894243214
"207","ACRC",0,0,0,0,0.0484073355281801
"208","ACSF2",0,0,0,3.18803467687167,0.0544541233299011
"209","ACSF3",0.943905477585267,2.62094317014915,0,0.170560898666486,0.0820770303315717
"210","ACSL1",0,0,0,3.75176818995411,1.11014260548217
"211","ACSL3",1.84305565467449,1.12204787532798,0,13.9156065271582,0.00686019025022529
"212","ACSL4",0,0,0,0.635854444147566,1.04375135283824
"213","ACSL5",0,1.97365931386766,0,0.452029958891076,0.746390570061762
"214","ACSL6",0,0,0,0,0.439828703458077
"215","ACSM3",15.8035452065913,0,0,0,0.270122321341813
"216","ACSS1",0.0970127403359109,0.036133192244707,0,0.0908480561143256,0.0226330809857428
"217","ACSS2",0,0,0,2.73627975621005,1.58457644043365
"218","ACTA2",0,0,0,0,2.82138517156323
"219","ACTB",2.02896328072104,0.766663640870887,1.8092460707434,0.659332547637379,0.827729297266803
"220","ACTG1",0.00757315281109014,0.213704837756151,5.04094413041868,0.535295856233912,0.0494505727066064
"221","ACTL10",0,0,0,0,1.07232584379201
"222","ACTL6A",0,0.286229164151,0,0.278281820687605,1.75393327247711
"223","ACTN1",0,0,0.161879124958695,3.80374357151061,0.843892930664606
"224","ACTN4",0.742339493015258,0.0295430991467709,0,1.37179546741768,0.72436262791448
"225","ACTR10",5.93481237022904,2.9002511815192,8.86034510169255,0.00709811996035017,0.363008632799218
"226","ACTR1A",0.141491565830473,2.26277305375958,0,3.69262123284784,3.23284583238214
"227","ACTR1B",0.0601813205020676,0.484747873444235,0,6.11546736882998,5.40119972451755
"228","ACTR2",0.0578194468496227,0.110993435264989,0.0144615814979355,0.00999982237199546,0.0152649402943588
"229","ACTR3",1.71505145139096,1.21145054656911,0.306351917583816,1.40361955523722,10.2285679348768
"230","ACTR3B",0,0,0,0,0.0351137983151107
"231","ACTR3C",0,0,0,0,0.914335524367884
"232","ACTR5",0,0,0,0.116861371235633,0.0223683730928125
"233","ACTR6",0.32010691542759,0.0248160567418541,1.27282327083642,0.0400340405228231,1.06336828103717
"234","ACTR8",0,0.119716231192821,0,2.92475283792567,0.908340239461545
"235","ACVR1",0,0,0,1.92452416627657,0.0349663629930895
"236","ACVR1B",0,0,0,0.924038622111722,4.92844918323279
"237","ACVR1C",0,0,0,0,0.233486946326648
"238","ACVR2A",0,0,0,4.21939483992215,1.78508835901134
"239","ACVR2B",0,0,0,0,0.00030703511803684
"240","ACY1",0,0,0,0,0.887315215520072
"241","ACYP1",1.17338786854662,1.11925706705492,0,2.17457538488433,2.76872684883845
"242","ACYP2",1.67226159268575,1.12958937228036,0,5.66495944746192,1.87734545307028
"243","AD000671.6",0,0,0,0,0.0787039609403856
"244","ADA",0,0.118153663020114,0,2.21391109283272,0.214324560375697
"245","ADAL",0,0,0,0,0.241032937015578
"246","ADAM10",0.00025272294140181,0.237832535345558,0.202507622447523,0.927947379692554,3.81499492872338
"247","ADAM15",2.76580376541888,0.243715034546854,0,0.972735479062521,3.80459474073429
"248","ADAM17",2.11978220929805,0.451595671215694,0,2.97023967546721,0.0334414852021668
"249","ADAM19",0.0662325937273708,0,0,7.65198755650931,0.5046899911524
"250","ADAM22",0,0,0,0,3.83672841442654
"251","ADAM23",0,0,0,0,10.7970567629923
"252","ADAM28",1.55403421048034,0,0,1.43368599381166,0
"253","ADAM8",0.0686308164108498,0.473165103493411,0,0.462545487894002,0.0457714875273156
"254","ADAM9",0,0,0,1.70349689596042,7.88227777347525
"255","ADAMTS10",0,0.67078299159248,0,0,3.7715094533552
"256","ADAMTS2",0,0,0,60.653090179778,0
"257","ADAMTS6",0,0,0,0,4.96018793406047
"258","ADAMTSL4",0,0,0,0.331079681970087,0
"259","ADAMTSL5",0,0,0,0,0.0824840784003579
"260","ADAP1",0,0.0195332135491653,0,0.0055693747849124,0.118431253697745
"261","ADAP2",0,0,0,0.464400325064186,0
"262","ADAR",0.115678705709469,0.0794556417231673,0,0.261311286569524,1.42804536181663
"263","ADARB1",0.0239062969666274,0,0,0,0.0163253868723358
"264","ADAT1",0,0,0,0.0065747673681883,0.90638264695843
"265","ADAT2",0,0,0,0,1.37594276843183
"266","ADAT3",0,0,0,0,0.430488803567679
"267","ADCK1",0,0,0,1.56430525937505,6.13838554638857
"268","ADCK2",0,0,0,0.759490388722972,0.405434673425788
"269","ADCK3",0.106709061238326,0.0264471651200769,0,1.92727209081882,0.998323177003328
"270","ADCK4",0,0.0657207919914525,0,3.24748844478315,0.598911406112969
"271","ADCK5",0,0,0,1.89613275088117,1.05114086847888
"272","ADCY3",0,0,0,0,3.10589128595063
"273","ADCY4",0,0,0,3.37472397830886,0
"274","ADCY7",0.702315993585879,0.371745922534738,0,2.80891755506769,0.909074361725833
"275","ADCY9",0,0,0,0.812137769835544,0.515145309219145
"276","ADD1",1.85006098261964,1.79145472450656,0,1.29173001310065,0.89167399197668
"277","ADD3",0.0463097726757417,2.57576541651989,1.91547160622629,0.0225076779074551,0.0845140800304954
"278","ADGRE1",0,0,0,7.10024667668598,2.70961023065315
"279","ADGRE2",0,0,0,0.8748086539816,0
"280","ADGRE3",0,0,0,2.33798477214726,0
"281","ADGRE5",4.99152045655793,3.99374366937145,0,3.81467397245059,2.80724758167623
"282","ADGRG1",0,0.137306112253761,0,0,0.110155209109354
"283","ADGRG5",0,5.5004764302984,0,0,0.0203162777124676
"284","ADGRL1",0,0,0,0,1.08550625335281
"285","ADH5",6.46312861216747,1.51387500041873,0,0.63018924790268,0.155837433632538
"286","ADHFE1",0,0.0195495546833511,0,0,1.64446974027449
"287","ADI1",0.00207340181239945,1.32223365906377,0.780048135533241,0.268229760241455,0.137243030658055
"288","ADIPOR1",0.647686733134306,6.09269517722094,5.17703324427588,0.771755267035871,3.01195099242714
"289","ADIPOR2",0.14346436663471,8.53946771814693,0,6.64837947883421,0.704574751712385
"290","ADK",0.533784212174123,0.0287844297779173,0,5.82445729067133,1.57947317719274
"291","ADM",0,0,0,4.56771463967679,0
"292","ADNP",0.00682494441882425,0.953471898495765,0,0.959320952220444,0.41596726286841
"293","ADNP2",0,1.9858159328762,0,10.5476903024987,6.39738618945449
"294","ADO",0,0,0,1.64969158623294,0.401096949939802
"295","ADORA2A",0,0,0,0,0.85705541376978
"296","ADPGK",0.00274059101885933,1.96659453582116,0,1.69956025193604,1.31042695181526
"297","ADPRH",0,0,0,2.36291486795866,0
"298","ADPRHL2",4.45112956551384,2.07246206565109,0,0.590947025977404,3.08011833946287
"299","ADPRM",0.132181718977688,0,0,0.487720276619197,0.837882578945801
"300","ADRB2",0,0.000180783227883981,0,0.601941873356301,2.40130511049155
"301","ADRBK1",0.00539532204023433,0.00199692456795275,0,2.06430457140473,0.00421721972192282
"302","ADRBK2",0.694424542517828,0,0,1.24265221280818,0.146012771622731
"303","ADRM1",1.75247329049691,0.307549344919069,4.77981363534017,1.32878221789556,1.6698227328671
"304","ADSL",1.96233607504496,0.0709903732482035,0,1.52555792346095,0.296859770137844
"305","ADSS",0.066249771309663,1.15374093429368,0,0.283575379812107,0.120433766583831
"306","ADSSL1",0,0,0,0,0.00226184307101415
"307","ADTRP",0,0,0,0,3.49584679517205
"308","AEBP1",0,0,0,0,2.15091666814269
"309","AEBP2",4.52330579383105,0.473795518385354,0,0.446456759028709,0.0149392293406027
"310","AEN",0.830426392793396,0.0565759694272382,0,3.43319385263721,0.613070733007217
"311","AES",0.302046484193902,0.0505081645737143,0,0.0126398712369733,0.722214271989183
"312","AF131217.1",0,1.50101876217703,0,0,10.747800415648
"313","AF213884.2",0,0,0,8.75333550556187,1.05152591500162
"314","AFAP1",0,0,0,0,0.432692387633274
"315","AFAP1L2",0,0,0,0,0.583138099481228
"316","AFF1",2.20927064194058,1.9829511977787,0,2.87969073973374,0.0649995454358562
"317","AFF3",0.212528095928464,0,0,0,2.48598171727512
"318","AFF4",2.2643200153733,0.424040972844354,0,0.84247123334638,1.88972242160483
"319","AFG3L2",0.704900656946262,0.121979507001549,0,0.404654877836891,0.561350134406502
"320","AFMID",0,0,0,0.227111396166841,0.0878959194332647
"321","AFTPH",7.07885962766557,3.72435806785806,0,1.57229654023844,0.155679681381029
"322","AGA",2.96549593388462,0.273673450719838,0,0.0276846052742487,0.325137238382411
"323","AGAP1",0,0,0,0,0.371071507741561
"324","AGAP2",0,0.0126170428011257,0,2.99908977765736,2.57076456650703
"325","AGAP3",0,0,0,0.000899195562184282,0.317383031775924
"326","AGAP4",0,0,0,0,0.0167422640708054
"327","AGAP6",0,0,0,0.403231004925645,1.48364701024631
"328","AGAP9",0,0,0,0,0.00108237586829764
"329","AGBL2",0,0,0,0,0.329552743227858
"330","AGBL3",0,0,0,0,2.17653678937276
"331","AGBL5",0,0,0,2.30665195066243,0.168814884794021
"332","AGER",0,0,0,1.46004141697933,0.012970565299047
"333","AGFG1",0.558209964380941,0.296138365602662,0,10.4519279836537,0.0357561088331005
"334","AGFG2",0,0,0,0,0.00493020676877875
"335","AGGF1",4.5285136199814,0.186046107596793,0,0.0193013926503283,0.295977964047549
"336","AGK",0,0.83109149463181,0,0.00980366535800091,1.37247296092378
"337","AGL",0.0571388744272442,7.0707774993184e-05,0,0.398219641328746,0.300744147394619
"338","AGMAT",0,0,0,0,2.49538487166291
"339","AGO1",0,0.111985635864611,0,5.84146340611202,0.0225540454300228
"340","AGO2",1.86418694027545,1.52568390161468,0,3.80757136982958,2.66477040166845
"341","AGO3",0.000841311386896647,0.0316727329777429,0,0.55047732165187,0.508280520040241
"342","AGO4",0,0.624508810932325,0,0.00857478817800246,4.3374596692267
"343","AGPAT1",0,1.52631875131837,0.00787000731486002,3.34666251893688,1.37293789007166
"344","AGPAT2",1.665825811378,2.22589128563957,0,0.0614593584748177,0.881268129140625
"345","AGPAT3",0,0,0,0.439062931323928,1.00709224506262
"346","AGPAT4",0,1.28360042955122,0,7.09519421025723,0.586777344091531
"347","AGPAT5",1.52550259742209,0.50020479025145,0,0.0146880447335624,1.39144947810877
"348","AGPS",0,2.85106470457517,0,6.24810362162874,1.90533703225123
"349","AGTPBP1",0.912706390193797,0.197167492838105,0,0.150680580784482,0.219595215371015
"350","AGTRAP",0.879267347493981,0.656428643526956,0,3.17598811899057,0.190137157844463
"351","AHCTF1",0,0.20412422955292,0.77819215585923,0.327546588540297,0.108177724794408
"352","AHCY",0.000428351280031736,0.054771335547388,0,11.1348218318457,0.403194999209154
"353","AHCYL1",0,0.115618888238738,0,0.689681339387571,2.260704391138
"354","AHCYL2",0,0,0,1.09184706962841,0.198306389787575
"355","AHDC1",0,0.0945136024884004,0,1.86838334493211,0.392980187327379
"356","AHI1",5.43278619071517,0.665790756416142,0,0,4.79019767800595
"357","AHNAK",0.000174596366001373,0.643894612022484,0,1.03208496155912,0.0116240500383612
"358","AHR",0,4.4610538134114,0,1.79550995719028,1.8455335443373
"359","AHSA1",1.04206973213965,0.682859477651115,0,1.11021278676895,3.78768364060842
"360","AIDA",0.108918253809233,0.359275546852477,0,0.547752485897078,2.44877874785119
"361","AIF1",1.6391617577207,0.435727499296978,0,0.512816682009771,6.04160808471628
"362","AIFM1",0,0.472644971485998,0,1.67528548628127,0.850191224195504
"363","AIFM3",0,0,0,2.36231771410197,0
"364","AIG1",0,0,0.281578802850484,11.7529626544558,1.72604871304627
"365","AIM1",0.801801722200627,0.503211504219893,0,0.4098335787315,0.0578153759062577
"366","AIM2",0,0,0,12.7489995690127,1.41593968699985
"367","AIMP1",0.394105899736081,0.0168640224271366,0,0.0575937290772391,0.76199947747776
"368","AIMP2",0,0.109383652549992,0,0.105180575023937,0.474337227442769
"369","AIP",0.116758225269684,0.149481937873389,0,0.0557423238313497,0.23845254288005
"370","AK1",0,0,0,0,0.00312388567010867
"371","AK2",1.56671588655415,0.743508494646886,0,0.312963192815228,1.42514524626707
"372","AK3",0.0835912999029658,0.467140532425294,1.73386313424484,1.30136037065451,0.0015695585466044
"373","AK5",0,1.02466154994671,0,0,0.00225858162751079
"374","AK6",0.00991361787318315,0.0307144830863989,0,0.011392516019575,0.402928869850575
"375","AK9",0,0,0,0.87152917932379,0.0402712418479199
"376","AKAP1",0,0,0,0.581472530886836,0.0527579498541648
"377","AKAP10",0.000658133973818166,0.729566143185906,0,0.000221505603920438,0.0296357901819073
"378","AKAP11",0.47950367290997,0.00270726146940878,0,0.798057109522717,0.783664482461354
"379","AKAP13",2.09526700394728,0.0556476900541548,0,2.76632913281325,0.0211495447948223
"380","AKAP17A",0.0137759266917364,0.767756359090063,0,0.167811095157952,2.91488078878483
"381","AKAP2",0,0,0,0,1.04493403641401
"382","AKAP5",0,12.9349607133938,0,0,0.00940923892430794
"383","AKAP7",0,0.485549552394019,0,0.0902509702197655,1.11274496041276
"384","AKAP8",0.121251168809814,2.04163020849549,0,3.01232419154647,1.29214394669701
"385","AKAP8L",1.20522009163356,2.58920807156154,0,1.61021513418936,1.99012610199076
"386","AKAP9",1.71587590013946,1.44942828076366,0,0.167515584263479,1.64668681968092
"387","AKIP1",0,2.61121408145227,1.16227526491518,1.95256126818134,1.59693099093765
"388","AKIRIN1",0.171940583616737,0.238299289662045,0.000958258666693225,5.96621064157916,4.24312652518258
"389","AKIRIN2",0.190041991528108,0.134282318607407,1.20505194940079,0.408397782120584,2.64642652882609
"390","AKNA",0.663726953596945,2.46999027199071,0,0.64435033326386,0.0185257439636491
"391","AKR1A1",0.0496810029317771,0.740536924328562,0,1.13125118065235,1.40252854822831
"392","AKR1B1",2.64322789188386,0.182978178280735,0,2.28063973267674,1.33621656533356
"393","AKR1C3",0,2.55915598713944,0,0,0.261708157864797
"394","AKR7A2",8.84249936140974,3.09654912763662,1.70149581592194,0.161165663679192,0.803866597135864
"395","AKT1",0,0.578474687441389,0,2.09109798285385,0.502521622034641
"396","AKT1S1",0,0.465795495454482,0,0.227461656554256,0.0284902888903403
"397","AKT2",5.23305948424876,3.1882767269548,0,0.000122601910767667,3.5072543314925
"398","AKT3",0,0.0266575155677616,0,15.7098223287554,2.02051886279205
"399","AKTIP",0,0,0,0.320901142130587,0.0259742983427885
"400","AL109767.1",0,0,0,0,1.96632749121646
"401","AL122127.25",0.639180888173178,0,0,0,0
"402","AL133245.2",0,0,0,0,0.289796584020772
"403","AL592183.1",0.0226315290060717,0,0,0,0.0418509514373332
"404","ALAD",0,0.906494687104549,0,0.53543002671942,0.0413620011542166
"405","ALAS1",0,2.30125761130905,0,0.0359898936234142,0.0375358391887896
"406","ALCAM",0,0,0,4.29798252517782,3.03928247661672
"407","ALDH16A1",4.10470389662698,2.99000221994609,0,0.353213501702936,1.3491567524749
"408","ALDH18A1",0,0.386117273452641,0,0,0.883916540506805
"409","ALDH1A1",0,0,0,0.0579767900113196,0
"410","ALDH1B1",0,0,0,0,0.0503551673713058
"411","ALDH2",0,0,0,0.00256339450129053,0.130833011478151
"412","ALDH3A2",0,0,0,4.06335362314188,2.46320576613067
"413","ALDH3B1",0,0,0,0.0031436985354361,0
"414","ALDH4A1",0,0,0,0.177062875359369,0
"415","ALDH5A1",0,0,0,0,0.509167102935734
"416","ALDH6A1",0,0,0,0.100237460420191,0.00475807498873759
"417","ALDH9A1",8.34874268120189,0.711101945442874,0,0.00558290736159999,4.58334731120701
"418","ALDOA",0.07719372175785,0.592579288744689,2.92392117280614,1.18692659192138,1.09514732694387
"419","ALDOC",0,0,0,2.44872283719724,0.0469854138482004
"420","ALG1",0,0.691254506420717,0,0.000674046814428213,0.0715807955725718
"421","ALG10",0,0,0,0,0.98041714281144
"422","ALG10B",0,0,0,0,0.199997863565667
"423","ALG11",0,0,0,0.275705701736752,0.33958587706207
"424","ALG12",0,1.69739166278133,0,0.180039345038595,1.17426269416293
"425","ALG13",0.498965210339889,0.0143244842918928,0,0.0996177441812432,1.89598948815285
"426","ALG14",0,0,0,0.378805734076778,2.55544754024144
"427","ALG2",0.529036996511291,1.87803682119543,0,1.67196403591291,0.70410693112187
"428","ALG3",2.4656700237954,0.511767839908875,0,3.50753769086341,2.63349740663007
"429","ALG5",1.09960674613918,0.0442305655776166,0,0.21290755683431,0.0244972989007976
"430","ALG6",0,0.312660398405343,0,1.55403280766722,2.13714146893246
"431","ALG8",0,0,0,3.51003200085705,0.477749778884264
"432","ALG9",0,0,0,0,0.345051343503611
"433","ALKBH1",0,0,0,21.4643275075052,1.86519394584418
"434","ALKBH2",0,0,0,0.120995275629192,0.288265983101999
"435","ALKBH3",0,1.34860949608555,0,0.578257146640942,1.21518013341831
"436","ALKBH4",0,0.395173161031502,0,4.15735828562732,0.259846623635463
"437","ALKBH5",0.00987338360530244,0.160436661714371,0,0.264291184188017,0.00548415627594365
"438","ALKBH6",0.00511333128671044,0.000897220094584691,0,0.00213141922210143,0.278407740634284
"439","ALKBH7",0.0703172605554387,0.38683971885192,0,8.03392892061869,0.011419266787239
"440","ALKBH8",0,0,0,0,0.0503362925264886
"441","ALMS1",0,0,0,0.0989146739211223,0.145403095391372
"442","ALOX12",0,0,7.63265573659366,0,0
"443","ALOX12-AS1",2.18340541371365,9.57039781740175,0,0.805430229575596,1.33774807347242
"444","ALOX5",5.44249268851436,0,0,1.76791458239522,3.32167840099899
"445","ALOX5AP",0.737933974102588,1.36183478097936,0,14.0532706371176,1.84364994921533
"446","ALPK1",0,0,0,1.69940512442169,0.32412554114544
"447","ALS2",0,0,0,0,0.411442678816461
"448","ALS2CL",0,0,0,0,0.00537674520151002
"449","ALYREF",0,1.87426698253273,0,0.0467644272698685,1.58623501500818
"450","AMACR",0,0,0,0,16.508950483207
"451","AMBRA1",0,0,0,0.0732836567363526,0.257683074992311
"452","AMD1",5.33737282494694,4.09890440323624,0,1.72059878876668,2.78013391289973
"453","AMDHD2",0.67095521208319,1.45281223532629,0,0.124278739165473,6.06835218212548
"454","AMFR",0.00804192137404307,0.499642761849492,0.196290601131895,0.692515041008037,0.140655339920473
"455","AMIGO1",0,0,0,0,0.0691344949295429
"456","AMIGO2",0,0,0,0,0.0225220885241454
"457","AMMECR1",0,0.532591682376058,0,0.1033342353851,1.03561321230049
"458","AMMECR1L",0,0,0,1.14832564397812,0.000538155648501171
"459","AMN",0,0,0,0,0.11856430544969
"460","AMN1",1.23401101919789,0,0,0,2.34616198433546
"461","AMPD2",0,0,0,0.00871069025880187,3.40061318386184
"462","AMPD3",0.0158367500465576,0,0,1.83716654034695,0.793280507845535
"463","AMT",0,0,0,0,0.000516561372480346
"464","AMY2B",0,0,0,1.1381980931469,0.12742542834872
"465","AMZ2",0.716631026711074,0.308565103057463,0,1.18228791506385,0.000904589887671309
"466","ANAPC1",1.46832227548762,0.927340532475668,0,0.81601111091526,0.0976920650495501
"467","ANAPC10",0.195188803861241,0.0555576972768136,0,3.65372557775684,0.17973588041255
"468","ANAPC11",1.81622926899296,2.84900152998717,1.12797611744696,1.41969599303848,3.12088113819884
"469","ANAPC13",0.0579216986739002,0.779416397102719,0,1.87303513012098,8.72954968297769
"470","ANAPC15",0.102137463039296,0.853110793338035,0,0.0756044309461533,0.196676692554941
"471","ANAPC16",3.26032659183832,6.76650429934509,1.81853613036094,0.00135623528085551,7.62330982416131
"472","ANAPC2",0,2.04097840631984,0,1.08387368168614,1.33125516757063
"473","ANAPC4",0,0.528384623770572,0,1.42798808939995,3.52405883279651
"474","ANAPC5",0.67784783710137,0.529927844403048,0.497788976439448,1.45326220223493,0.439464776773384
"475","ANAPC7",0,0.0990487586458027,0,0.376433372479785,0.526918829034036
"476","ANG",0,0,0,7.16950851669921,0
"477","ANGEL1",0,0,0,2.20030924994929,0.0377790344624392
"478","ANGEL2",0.139346823505594,0.160743533549439,0,0.405744028008304,1.15674378050754
"479","ANGPT2",0,0,0,0,0.0189009589547589
"480","ANK3",0,0,0,0,3.21910636488465
"481","ANKAR",2.18774141063939,1.2084908722749,0,0.260587008161309,0.142106733005104
"482","ANKDD1A",0,0,0,1.4911584073427,0.832310385302197
"483","ANKEF1",0,0,0,0,0.00323786153178324
"484","ANKFY1",0,0.269357368980107,0,2.07019725959624,2.59363735290773
"485","ANKH",0,0.0209535444553688,0,3.34396207454582,1.06966679730579
"486","ANKHD1",0,0,0,0.426099536303662,1.25333933708987
"487","ANKHD1-EIF4EBP3",0,0,0,0.197752756680914,0.0153142157452708
"488","ANKIB1",0,1.08630950203612,0,2.85291806371753,2.66266883717235
"489","ANKLE2",0.519044145237255,1.44214805369442,0,1.72460086452623,4.0384803611672
"490","ANKMY1",0.347063516815773,3.91928438846379,0,0.904349050532612,0.923188395210792
"491","ANKMY2",0,0.945257259550929,0,0.672965939055088,0.016109749048882
"492","ANKRA2",0.0675974011106787,0.17234813491768,0,0.976802302473333,1.90705639411064
"493","ANKRD10",0.0838647220764979,0.956453759976794,0,0.00202918772953048,0.00147980961605656
"494","ANKRD11",0.800305803453621,0.0357504050972548,0,0.00406304399509716,1.61538801268395
"495","ANKRD12",2.27697453754326,1.9192964430926,0,3.93891159118051,7.54627508662994
"496","ANKRD13A",0.0404483817522317,2.55828614222914,0,3.9306030576,4.09443484206743
"497","ANKRD13C",0,1.27753926770781,0,1.8445806562647,0.350157786992122
"498","ANKRD13D",0.50313636612736,0.226322428879757,0,0.0159049806673055,0.0694694121427474
"499","ANKRD16",0,0,0,0,0.113732621170379
"500","ANKRD17",0.0455823930108709,0.000121043393529773,0,0.266871662699541,0.0755824283523036
"501","ANKRD18A",0,0,0,0,1.96427356783137
"502","ANKRD22",0,0,0,8.21960133278684e-05,0
"503","ANKRD26",0,0,0,1.79316299487784,0.366304715694375
"504","ANKRD27",0,0.574292294044471,0,0.203907143842479,1.11020629435783
"505","ANKRD28",0,1.33006381243558,0,3.70563520108184,1.80053804270181
"506","ANKRD31",0,0,0,0,2.05757383844285
"507","ANKRD35",0,0,0,0,0.0358943882377263
"508","ANKRD36",0,1.55299006509761,0,0,2.14314523459985
"509","ANKRD36B",0,0.121781256117597,0,0,0.595774516474494
"510","ANKRD36C",0.385909573573859,0.00158771377699446,0,4.28549524312813,0.0843075719778663
"511","ANKRD37",4.0366741805772,0,0,0,0.00175125734172835
"512","ANKRD39",0.233593359809971,0.0550169035736083,0,1.90692251922728,0.050734282509714
"513","ANKRD40",0.000318872867208589,0,0,0.000269903859155604,0.0026349755363495
"514","ANKRD42",0,0,0,3.25455064652208,1.42926164821159
"515","ANKRD44",0.0148731484009498,0.0368010171544674,0,0.44813981813639,0.30420037478692
"516","ANKRD46",0,0,0,0,0.0690032765772943
"517","ANKRD49",0.744892545103199,1.93871131921994,0,1.02085803378034,3.51548436937556
"518","ANKRD50",0,0,0,0.563843853672554,0
"519","ANKRD52",0,1.02635615359902,0,0.00069520430733677,0.226023801142822
"520","ANKRD54",0,0.0677079915983396,0,1.9823434303795,0.0308377406386313
"521","ANKRD55",0,0,0,0,0.592319792978928
"522","ANKRD9",0,0,0,0.412853713799571,2.83468104987014
"523","ANKS1A",0,0,0,0.582631158279772,0.0137726456031241
"524","ANKS3",0,2.33245942281022,0,6.66922511269962,2.31191529624459
"525","ANKS6",0,0,0,0,0.175386795920046
"526","ANKZF1",0.0169958300260958,0.0264845098243276,0,1.64578867655842,0.17159397278059
"527","ANO10",0,0,0,4.75798903364412,0.0116947845457179
"528","ANO6",0,0.0683831427242521,1.04552414520838,0.472947608942254,0.707800040756079
"529","ANO8",0,0,0,0,0.203747451637092
"530","ANO9",0,0,0,0,0.992080430604969
"531","ANP32A",3.05621408670737,0.233087061340169,0,0.01228308895292,0.00126051150751859
"532","ANP32B",1.16060639095996,0.160548000808115,0.00385578171038212,4.60661590267813,1.34321070975108
"533","ANP32E",0.176632462750849,0.0366382492768265,0,0.378007829186913,0.255911219064952
"534","ANPEP",0,0,0,0.405957085532914,0
"535","ANTXR2",0.665825868620776,0,0,0.0389180904103892,1.80463416992073
"536","ANXA1",1.34101537443157,0.000323785731302318,0,5.60685359806874,0.999700285269564
"537","ANXA11",1.3483069837059,0.156885842155833,0.327691549591625,1.22429619701645,1.59763478178627
"538","ANXA2",1.30855800779825,0.251418822689092,0,1.86371850699112,0.0424739899449589
"539","ANXA2R",2.14302345297451,0.0937486046462084,0,0.111392277725578,0.195937690751133
"540","ANXA3",0,0,2.38066058131421,0,0
"541","ANXA4",0.0422424217124135,0.94314152709875,0,0.240555364981538,0.00556024467629907
"542","ANXA5",0.156640099577384,2.00586317838533,9.41312269478382,2.10781480363794,0.00809355084302031
"543","ANXA6",1.18136837233232,1.04009182219991,0,11.3890979808289,0.101227412738041
"544","ANXA7",0.428423668851331,1.08018207993063,3.15842397906463,0.406183466521781,2.30547057217902
"545","AOAH",0,0.284764438612492,0,2.46766617387367,1.98088412549907
"546","AP000254.8",0,0,0,0,0.0833104016071785
"547","AP000476.1",0,0.353315559034317,0,0,3.0806295251182
"548","AP001046.5",0,0,0,0,1.26607916129323
"549","AP001055.6",10.5619561674393,0,0,6.44556987540161,0.0319721585440796
"550","AP001059.6",0.90540177574191,0,0,0,0
"551","AP001189.4",0,0,0.00940531525536235,0,0
"552","AP001258.4",0,0,0,0,4.08280754855921
"553","AP001412.1",0,0,0,0,0.156112623841225
"554","AP001462.6",0,0,0,0,0.125291217546679
"555","AP001469.9",0,0,0,0,0.0226463091321051
"556","AP002954.4",0,0,0,1.60620411610486,0
"557","AP003068.23",0,0,3.2020787640853,0.423480014395803,1.20284593446953
"558","AP003774.1",0,0,0,0,1.33093851370842
"559","AP003774.6",0,0,0,0.579218867375096,0
"560","AP006621.5",0,0,0,0,0.837414284737012
"561","AP1AR",0,0,0,0.0170977071402368,1.76005879984274
"562","AP1B1",0.0590853027759683,0.0783354861395101,0,1.19287905093755,0.544748256206771
"563","AP1G1",1.18696960310856,2.3507356728428,0,2.66770806332801,2.25679874344837
"564","AP1G2",0.59746766927318,1.56417349800251,0,1.50096103474533,0.42772618936729
"565","AP1M1",0.0290484583377465,1.40056985429889,0,0.125471521521303,0.837515654818976
"566","AP1S1",0,0.0323935818041179,0,1.54131364343434,0.382764755547769
"567","AP1S2",0.088253569410768,0.181395802492392,4.28734480692434,2.49539516468235,0.497589785563327
"568","AP1S3",0,0,0,0,0.44621310339681
"569","AP2A1",0.760159848229857,0.379662249790178,0,5.94227720750612,2.09012335326097
"570","AP2A2",0,0.464472377483731,0,0.313818075762644,1.10682450197383
"571","AP2B1",0.000826361525051437,0.670322920992178,5.31521511158903,3.39935485951264,0.806185680364901
"572","AP2M1",0.639642117740507,0.310757437762124,0.304679534124471,0.03922787291597,0.0140922572106403
"573","AP2S1",5.37808176163791,0.186667619789134,1.07722355167913,0.498192075444516,5.29904065981973
"574","AP3B1",0.321802870935179,0.101695773082931,0,0.819178744273079,0.0517261658972486
"575","AP3D1",0.600082472745786,0.135002327985947,0,3.04804525023169,0.927858696257568
"576","AP3M1",0.349645241004893,1.79719283715536,0,0.0101818541707435,0.00177261767746254
"577","AP3M2",0.0149740770176823,1.25263417270335,0,4.46488217422813,2.62863063463815
"578","AP3S1",0.0986945696061336,0.0259634826215204,0.0987660052837991,0.654616896594268,0.452473053574432
"579","AP3S2",0,0,0,1.2030719445096,1.8335444030012
"580","AP4B1",0,0.768047765858607,0,0.0312560148485034,0.382067304921944
"581","AP4E1",0,0,0,0.0086994346227456,0.000378371121473882
"582","AP4M1",0,0,0,0.0319768285511954,0.0795562736438865
"583","AP4S1",0,0,0,0.416163686422386,0.0214526749761189
"584","AP5B1",0,0,0,0.0323534036061144,0.737756087927939
"585","AP5M1",0.0379531672002945,0.13577595294065,0,0.079627384873562,0.764366721128134
"586","AP5S1",0,0,0,0.443495622789204,0.783360255490947
"587","AP5Z1",0.0907720700549305,0.653693074631437,0,0.00110506434533776,0.00889525250358484
"588","APAF1",0,0.142734447551134,0,3.095692209349,0.150423614751328
"589","APBA2",0,0.490878588495626,0,0,0.223784820164606
"590","APBA3",0.0274651231781593,3.33197236024709,0,2.62148745480732,0.561739631653343
"591","APBB1",0,3.5297376027243,0,0,0.260747259368518
"592","APBB1IP",0.684820442850311,0.00252699630246787,0,1.38803233785102,1.65114199434061
"593","APBB3",0,0,0,2.73121504923796,0.00543459666146534
"594","APC",0,0.140443477562416,0,8.05836493217863e-05,0.313184561795266
"595","APEH",0.672696757063806,3.17566223106668,0,0.683346610660638,0.150981945426373
"596","APEX1",1.17791756782607,0.505407929374741,0,4.87752746017398,0.313553539417332
"597","APEX2",0,0,0,0.4679894387037,0.0013480310739693
"598","APH1A",0.339522398311398,0.376351720323499,0,5.65684017307345,3.45977747499902
"599","APH1B",0,0,0,7.01383437685613,6.58063036960603
"600","API5",1.61949906279063,0.00200532018657383,0,0.341428360656,0.347358118713535
"601","APIP",5.06219960255302,0,0,3.51612001343686e-05,0.507406869264393
"602","APITD1",0,0,0,0,0.654767263241429
"603","APLF",0,0,0,0,0.0162506319815663
"604","APLP2",4.43037949244581,2.90739784938592,0,1.43040373457029,3.59130556309835
"605","APMAP",0,0.162710302246253,0,0.929853051756015,0.163389452854094
"606","APOA1",0,0,0,0,0.117463949681999
"607","APOA1BP",0.573143505167978,0.999788685569679,0,0.361312876088998,0.331501461377738
"608","APOBEC3A",0,0,0,0.0877856389571408,0.10718054531207
"609","APOBEC3C",0.0317433531803527,0.0130274404861471,3.41887084622181,0.00833209301977701,0.0687674139930447
"610","APOBEC3D",0,0,0,0,0.271511082991949
"611","APOBEC3F",0,0,0,0.0475486805650516,2.2534345111554
"612","APOBEC3G",5.50502749858396,0.0959136924367505,0,0.728270742729295,0.220560349867914
"613","APOBEC3H",0,0.273859531342213,0,0,0.989435228386287
"614","APOBR",0,0.0349615112897294,0,3.4381448009978,0.75726683295661
"615","APOL1",0,0.372687194106726,0,5.98479698190974,0.0016574785546902
"616","APOL2",0.111417744325741,0.0122686496731913,0,0.160215079117009,0.000442728010257151
"617","APOL3",0.0153178486289732,2.03358643316074,0,1.22626549835833,2.47968506663894
"618","APOL6",0,0.00203529031427923,0,0.000481993193857975,0.515626030302555
"619","APOLD1",0.235846417940276,0,0,0,9.71284701365433
"620","APOM",0,0,0,5.90935624130566,1.36821218376816
"621","APOO",0,0,0,0.0750272724115868,3.81600211098546
"622","APOOL",0,0,0,0.0160357973336489,0.00502972600165102
"623","APOPT1",0.390526503209657,0.0721033433750611,0,0.440758018760235,0.0576661327042797
"624","APP",0.342768722170921,0,0.858233526093609,1.59198302996006,0.207324119196328
"625","APPBP2",0,0.917598100379986,0,0.0823441568973953,0.216819321241501
"626","APPL1",5.26388566974569,0.878651638552394,0,2.00838706970501,0.666314576747159
"627","APPL2",0,0,0,1.22688673826238,1.96199721043875
"628","APRT",0.0532625489915029,1.55934898199223,0.0862617843900987,0.0136771395244909,1.53446525818431
"629","APTR",0,0,0,0.191950288573182,1.14833120064792
"630","APTX",0.155701709853767,0.422241257005935,0,2.4888590131416,1.31704260575372
"631","AQP10",0,0,0.00481127321222,0,0
"632","AQP3",0,0,0,0,0.855264263592511
"633","AQP9",0,0,0,4.09251580711378,0
"634","AQR",8.11290854273676,0.264625495004237,0,0.0910160726502827,0.174980022117321
"635","ARAF",0.0613595318314823,0.366740548002093,0,4.91531294095838,0.0653931949788665
"636","ARAP1",0,0.00205292510228941,0,0.721125783529003,0.0949849273396838
"637","ARAP2",6.65370107956574,0.0752457663102958,0,3.35181502325045,0.167949289498829
"638","ARAP3",0,0,0,0.00716110396482094,0
"639","ARCN1",3.57938425687074,0.662541505233463,0,0.164569516726626,1.03762395099647
"640","AREG",1.13238511401479,6.50812041992602,0,8.64789057104769,2.46968108332225
"641","AREL1",0,0.853740625626296,0,0.080550826852006,0.211270397074534
"642","ARF1",0.746898443398932,0.749361276555196,0.00495503176916466,0.0180981717260191,4.39643973767503
"643","ARF3",0.00574852982702228,0.450470732883175,0.154658395269087,0.189642493016991,0.0322172930749645
"644","ARF4",0.000171749629576077,0.301541507661394,4.98947756111627,0.667140556372126,0.433794471239545
"645","ARF4-AS1",0,0,0,0,2.10472441774222
"646","ARF5",0.0017633435216735,0.00610505324687347,3.37236830429923,0.0941545732234067,0.110759785329373
"647","ARF6",0.469189025591929,0.249808068980551,0,0.00278014701249985,0.00322281913214862
"648","ARFGAP1",0,0,0,0.254024403609994,1.41947373905121
"649","ARFGAP2",0.336764514627495,0.336176254359672,0,1.24741525783282,0.912914795654992
"650","ARFGAP3",1.36520238765579,0.629428771565772,0,1.90547610205514,2.27717951290204
"651","ARFGEF1",0.0260447644285479,0.448856902127493,0,0.423753085284554,0.12771171651672
"652","ARFGEF2",0.756949618933853,0.202367639489706,0,0.26922114334367,0.11556287874704
"653","ARFIP1",3.52721168782701,5.10844427729785,0,1.83872268310813,2.73377304446994
"654","ARFIP2",1.67877624887313,3.7856473780309,0,0.509403044996321,1.38178751218453
"655","ARFRP1",0.797926631111878,1.3214797743234,0,0.958071680520246,0.909654089051208
"656","ARG2",0,0,0.396451643365802,0,0
"657","ARGLU1",0.815225209787876,0.041873288654967,0,1.14573846844822,0.00366964254318101
"658","ARHGAP1",0.856367664696658,1.24636838623731,0,0.51774773407363,0.178331141781699
"659","ARHGAP10",0,1.80869467977109,0,0,0.136457273549544
"660","ARHGAP11A",0,0,0,0,0.0174413428633805
"661","ARHGAP12",9.19613587018963,1.45388507195047,0,0.598921104996976,6.35803223076825
"662","ARHGAP15",0.00223522689106301,1.11571407835171,0,1.76089248707147,0.0144080844067517
"663","ARHGAP17",3.222812797486,0.739250614102452,0,0.457268489366171,0.622966959404861
"664","ARHGAP18",0,0.00533611955382871,0.0436656790866079,17.0698192119689,3.05095387632176
"665","ARHGAP19",0,0,0,0.401440961208632,0.691984900003296
"666","ARHGAP21",0,0,0,7.21084645770953,0.309173446921067
"667","ARHGAP24",0.682163131258491,0,0,19.0320402129756,0
"668","ARHGAP25",0.0978663161928671,0.782342303007579,0,0.502251623788546,0.376511079226971
"669","ARHGAP26",0,0.292967756261017,0,14.8909214925211,0.156223218500834
"670","ARHGAP27",1.57667123550873,2.11861866724861,0,1.70131771166848,0.285363787384276
"671","ARHGAP29",0,0,0,26.607800582378,0
"672","ARHGAP30",0.444833545795426,0.394608584864639,0,0.936318982303086,0.230213389488641
"673","ARHGAP31",0,0,0,1.00432115030433,1.1122548847888
"674","ARHGAP32",0,0,0,0.264847941522539,0
"675","ARHGAP33",0,0,0,0,0.279837256330702
"676","ARHGAP35",0,0.0151091848296697,0,0.213606753998146,0.2892984867
"677","ARHGAP4",0.505117976155066,0.0296685185383366,0,1.60960078538168,0.34586248348899
"678","ARHGAP5",0.0217502576043938,0.284878658778638,0,1.72124196358595,2.19131029884992
"679","ARHGAP5-AS1",0,0,0,0,0.00259246522470521
"680","ARHGAP6",0,0,0.833128312732779,0,0
"681","ARHGAP8",0,0,0,0,2.59212892631113
"682","ARHGAP9",0.346328434064311,1.58805788347097,0,2.84321367302735,2.35256053262326
"683","ARHGDIA",0.156081914142543,0.00897036558078444,0,0.137782435774288,1.56073265751254
"684","ARHGDIB",3.07228894904863,0.142774662222328,0.00443032384924365,1.49341487846539,0.0122025186746935
"685","ARHGEF1",0.660140123241655,0.175009893482818,0,0.563073192473001,0.00851137609796533
"686","ARHGEF10L",0,0,0,4.68353677580696,0
"687","ARHGEF11",0,0,0,0.816204698773147,0.484257440737326
"688","ARHGEF12",0,0.00139349084263419,0,0,0.078359704680695
"689","ARHGEF18",0,0,0,0,0.108654319434843
"690","ARHGEF19",0,0,0,0,1.03650159020551
"691","ARHGEF2",2.93164205052237,4.64064442684446e-09,0,2.7984593244085,1.03611224512242
"692","ARHGEF26",0,0,0,0,0.00160348458146112
"693","ARHGEF3",0.133154288386348,1.7944870446249,0,0.475055798953268,0.0278996984394714
"694","ARHGEF35",0,0,0,0,0.468159957774704
"695","ARHGEF40",0,0,0,4.03690626816013,0
"696","ARHGEF6",1.11742649566057,1.85799693112144,0,0.724080442968419,0.5522382684691
"697","ARHGEF7",0.0882718778200152,1.75643221556465,0,0.813898178864808,0.85654397224913
"698","ARHGEF9",0,0.00254496497320052,0,0.592572376466616,0.207136243945569
"699","ARID1A",1.34883041379964,0.0757115786601284,0,0.0695794874168474,0.306228781009858
"700","ARID1B",1.52346472784378,0.386812527820257,0,1.22328464974639,2.71713221762101
"701","ARID2",1.14387328676466,3.0584205016155,0,0.815301425637177,1.31367045510522
"702","ARID3A",0.0670869266107036,0,0,0.173966177048147,0.145040633857709
"703","ARID3B",0,0.846693017849984,0,0.0360032043453527,3.03278044020198
"704","ARID4A",0.141110863018447,4.11921324757301,0,3.70013191021776,5.36588671629184
"705","ARID4B",0.691815320873829,0.309292787064147,0,1.36079558608986,1.13862812983703
"706","ARID5A",3.34001090555143e-05,2.69301237089885,0,1.29079048280819,2.29061138045867
"707","ARID5B",3.47188690731866,2.64463197904573,0,9.20539890868265,0.247243858546793
"708","ARIH1",1.75805659777917,1.10266411896543,0,1.54982120386059,1.21318717978597
"709","ARIH2",0.587560813234925,0.0670985002440261,0,0.21713276151376,1.78983990429792
"710","ARIH2OS",0,1.71734515609696,0,0.0847226032661599,0.0176730210662224
"711","ARL1",1.25833465521233,0.600740359168941,0,0.193350420569896,1.0494200984793
"712","ARL10",0,0,0,0,0.060946053097779
"713","ARL11",0,0,0,4.94341566227855,0
"714","ARL13B",0,0,0,0,0.0235543120594658
"715","ARL14EP",0.103792619202622,1.94760942762209,0,1.91522970101793,0.292491626647032
"716","ARL15",0,0.000388976599271632,0,3.68543100362564,0.884926531060156
"717","ARL16",1.35703780702512,1.53860407821822,0,0.00839997458421351,0.701422867292561
"718","ARL17A",0.203229215911408,0,0,0.639665573081449,0.00632716651494295
"719","ARL17B",0,0,0,0,0.0113972725791423
"720","ARL2",1.650953741466,0.0821505696840899,0.565680884210675,0.336729987805723,0.389485118262609
"721","ARL2BP",0.195741539456872,0.0431225459046891,0,1.54916064408794,4.73783787315835
"722","ARL3",0,0,0,0.195285537213667,0.0316250700227666
"723","ARL4A",4.44605025384,2.72769038259267,0,5.67756829034733,1.60330506211224
"724","ARL4C",2.54139535292296,1.05210173600536,0,2.19902671660704,3.75234349904846
"725","ARL4D",0,0,0,0,1.95129204423129
"726","ARL5A",0.254870130966944,0.0365020085339405,0,2.67182452925913,1.6073104400322
"727","ARL5B",0,0.847393440253272,0,0.0125615311009051,1.69083338952695
"728","ARL6",0,0,0,0,0.809704459935189
"729","ARL6IP1",0.085032093012028,0.0107806906963362,4.49771203432814,0.225578299316997,0.0438017276227941
"730","ARL6IP4",3.39689560346291,0.063078086161331,0.111165044511594,6.23219350979365,1.24323315117533
"731","ARL6IP5",0.251341306679597,0.232606573146929,3.90200233966783,0.734791662624601,1.65239075928136
"732","ARL6IP6",0.0530907010910869,1.34799428309774,5.06451581031287,0.0506182108862613,0.00364659738926236
"733","ARL8A",0,2.63127105366343,0,0.0770419279042228,2.18256163424797
"734","ARL8B",0.0632847735509987,0.0267437443374389,0.0158866535847805,0.136531477589797,1.99699452081136
"735","ARMC1",2.62836378453762,0.00711137919029943,0,2.71843454486477,0.515946388968338
"736","ARMC10",0.0743045614084059,3.40272711809086,0,0.693902862313081,2.60233423457491
"737","ARMC2",0,0,0,0.0281318256829386,0.589602394763256
"738","ARMC5",0,0,0,3.386887592537,0.462922999446659
"739","ARMC6",0,0.591517424269917,0,1.31483484435358,2.79179516223546
"740","ARMC7",0,0.144869141597407,0,0.194803283720917,0.236298083379477
"741","ARMC8",0.0300649466360653,0.562512697698531,0,0.743200063590437,1.06880507451853
"742","ARMCX1",0,0,0,0.564409553961854,0
"743","ARMCX2",0,0,0,0,2.69151506743096
"744","ARMCX3",0.32543338827484,3.85350724792033,2.30469456784927,0.354706898229308,0.707952997424784
"745","ARMCX4",0,0,0,0,0.15025161229399
"746","ARMCX5",0,1.99229710462288,0,0.190935645986804,1.1694024388781
"747","ARMCX6",0.00670386955997817,6.35301072853908,0.00571195394936849,11.1574556258102,0.00561139878908476
"748","ARMT1",0,0.000653140872640396,0,2.22414859824223,0.0466616700077351
"749","ARNT",0,4.04356952673055e-05,0,0.608417637185849,0.895122058645225
"750","ARNTL",0,11.0560988711188,0,2.05694308646888,8.71630705383308
"751","ARPC1A",0.114731215919422,0,0,0.302624412529906,0.351255075042278
"752","ARPC1B",0.28284270856766,0.118098472312898,0.93610992409473,0.00385647177006645,0.0643600699887327
"753","ARPC2",0.00558245726360965,0.575805848114566,0.163208444024449,1.67537942576079,0.232836645918008
"754","ARPC3",0.266827672664577,0.257742129464721,0.100354315330839,0.495935295554452,0.028196044018178
"755","ARPC4",0.00318469213355276,0.00346854159691371,0.818201046279115,0.0800251660522359,0.0255654976523185
"756","ARPC4-TTLL3",0,0,0,0,0.108028059561925
"757","ARPC5",0.256796593486662,0.00460806433683584,0.572514874346134,0.00737799925359729,0.845058566368096
"758","ARPC5L",3.91498380561197,1.11881552329878,0,1.67223185201713,1.28447942041208
"759","ARPIN",0,0,0,0.406805254907876,0
"760","ARPP19",0.726031981492888,0.666090930138783,0,0.839017314680973,0.31426690673579
"761","ARRB1",0,0.000557084423212755,0,8.62493346397424e-06,0.137334012975997
"762","ARRB2",3.08724621232137,0.0126646602811152,0,0.968700864973751,0.439859022499265
"763","ARRDC1",0.0917459471665856,2.1974141717787,0,1.58658683511573,0.493331475290899
"764","ARRDC1-AS1",0.00245923742607568,0.109001875146094,0,0.636977150643332,1.77677653598264
"765","ARRDC2",0.00237858660940923,0.156165559534728,0,0.964731320870226,4.46354022356827
"766","ARRDC3",1.23795275142915,0.0865821708676284,0,0.0793607163380775,0.163606239206563
"767","ARRDC3-AS1",0,0,0,0,1.91105590540948
"768","ARRDC4",6.5191468757298,0,0,8.34962174036762,7.02317867104213
"769","ARRDC5",0,0,0,0,3.0777985526909e-05
"770","ARSA",3.61834846960074,2.44255531796414,0,3.96412829064679,0.1388828533498
"771","ARSB",0,0,0,1.03039860343217,0.394279899704575
"772","ARSD",0,0,0,0.62435442484446,0
"773","ARSG",0,0.670092126870696,0,2.41638658571958,0.0858856593893524
"774","ARSK",0,0,0,0,1.77990461612717
"775","ARV1",0,5.69434093513412,0,0.381486403564287,7.79303953001643
"776","ASAH1",0.00146401204765309,1.33123589347121,0.19945913706209,0.761392601202346,0.00758615729508733
"777","ASAH2B",0,0,0,0,0.0947899062854445
"778","ASAP1",0,0,0,0.0252126189639626,1.97750434084924e-05
"779","ASB1",0.0285488423805685,1.66527232216536,0,0.0207662507738258,0.208157619511668
"780","ASB13",0,0,0,2.89366051300611,0.00175523029826936
"781","ASB15",0,0,0,0,1.10873655432387
"782","ASB16-AS1",1.67290040522878,2.23943638709807,0,1.65998469406954,1.13487308716632
"783","ASB2",0,0,0,9.86258022429221,0.219474556532325
"784","ASB3",0,0,0,0.00168820913459496,0.349879099998523
"785","ASB6",0,0.0219461612869752,0,0.022309339895262,1.33506538226431
"786","ASB7",0,0.420331963896524,0,0.46888424404148,1.81449397801924
"787","ASB8",0.966979748020324,1.06942661505916,3.03604746616308,10.630835387878,10.7850859676341
"788","ASCC1",0.0203443891986886,0.324970295190718,0,0.569509572974412,0.415645176582227
"789","ASCC2",0.0590589365044527,3.9131998073743,0,0.50287513738037,0.0341722617159635
"790","ASCC3",0.511141378959621,0.380908341868185,0,0.541579036578902,0.107087429991314
"791","ASCL2",0,0.348107156024675,0,0.489485788650821,0.118015705771783
"792","ASF1A",0,0.106013020860373,0,1.49926643232597,0.262137762628091
"793","ASF1B",0,0,0,0.0259620726704135,0.715495314826529
"794","ASGR1",0,0,0,4.24510798386619,0
"795","ASGR2",0,0,0,6.1989855605346,0
"796","ASH1L",0.976700862854519,0.404306155025468,0,0.214513529051892,0.822381628445807
"797","ASH1L-AS1",0.0249574877741522,3.01245005516925,0,0.425086471392661,0.0156882873199769
"798","ASH2L",0,0.196951399426474,0,0.00228605306481864,0.322074966772745
"799","ASL",0.916011248822121,0.360985701474151,0,3.15454620799749,0.0692119533848404
"800","ASMTL",0.0191177330922894,0.200327682606997,0,2.18691877065255,2.19895984680947
"801","ASNA1",0.57156827542419,0.344721832952412,2.14779519675249,0.042009636626323,0.10531637730136
"802","ASNS",0,0,0,0,0.428558349107005
"803","ASNSD1",0.250248850179198,1.50807186242267,0,0.0153484345027761,0.374466988035015
"804","ASPH",0,0,0,16.0403558279878,0.00401081728728114
"805","ASPHD2",0,0,0,0.105954281497063,1.00036895614426
"806","ASPSCR1",0.0597914900426288,1.16301195256372,0,1.67941722560251,0.160959611826575
"807","ASRGL1",0,0,0,7.54572683986366e-06,2.9732761838458
"808","ASTE1",0.000452747665058285,0.50554132448149,0,0.100523054580611,3.36259302450721
"809","ASUN",0,0.796851568556717,0,1.50887807158868,0.177611507092617
"810","ASXL1",2.48313129507654,0.791511798090143,0,0.623384289340639,0.602820008811559
"811","ASXL2",0,1.13673049699438,0,0.0398497522974787,0.510027415159911
"812","ATAD1",0.00151014958919371,0.564528850420406,0,0.226557715590634,0.00522351972859812
"813","ATAD2",2.96644519690196,3.3459363010502,0,0.0035205247003608,1.01349426014288
"814","ATAD2B",0.269386904199558,0.850314783457111,0,0.596836911004977,0.599708338953767
"815","ATAD3A",0,0,0,2.22936246873312,0.778440734706931
"816","ATAD3B",0,1.0874964295018,0,2.00552360322684,1.16887504820069
"817","ATAD3C",0,0,0,0,0.648541750451473
"818","ATAD5",0,0,0,2.40033634955338,0.486422789005335
"819","ATAT1",0,0,0,0.15487526917685,9.32101189067482e-05
"820","ATE1",0,0.404473157503911,0,0.100376007194168,0.0473851667929348
"821","ATF1",0.640823495249577,0.0170064645102536,0,1.73296554907845,0.339774376503397
"822","ATF2",0,0.0232395802992405,0,0.493019525350249,8.42797919638257e-05
"823","ATF3",0,0,0,1.87948350560791,1.47190491384916
"824","ATF4",0.135278417923387,0.0930131193093929,0.0752093702839326,2.89480236791562,0.947018376534701
"825","ATF5",0,0.482259039741445,0,3.71503699467292,0.9277264025853
"826","ATF6",0.136969292064539,3.22907580674566,0,5.1025650521043,1.54947106330814
"827","ATF6B",0.0208401367442614,0.567189266409605,0,0.0264476848481572,0.0508932023939586
"828","ATF7",0,0.227262586877239,0,1.26073792516138,1.2063436917969
"829","ATF7IP",0.297657053347198,0.0203531580917826,0,0.485168870247841,0.0242505238406743
"830","ATF7IP2",0.76059158621993,0.000954409998124259,0,0.0802811132746581,0.235392294635228
"831","ATG10",0,2.18000616424545,0,0.184339686872611,0.0159774265071747
"832","ATG101",0.0121694821280215,0.651068692197166,0,6.56947002854144,0.414431662669519
"833","ATG12",0.14918739709759,0.316939732580769,0,0.449453322466966,0.0881702617675888
"834","ATG13",0.292056064519697,0.67642741046623,0,1.56717019379781,2.23965658279105
"835","ATG14",0.735733805309101,0.0361944723775854,0,0.226729048658365,1.76475980125567
"836","ATG16L1",0,0.0718229593124644,0,0.094237642970593,1.52972623926076
"837","ATG16L2",0.0236305939757561,0.0340357786628268,0,9.13065879606257,1.49459704274701
"838","ATG2A",3.61120871982842,0.534186562018474,0,0.0357846287713995,1.24054146265365
"839","ATG2B",0,1.10279829909851,0,1.15497094240686,0.106548210174279
"840","ATG3",4.84354148374026,2.01513689087119,0,4.565947989041,1.19886386205321
"841","ATG4A",0,0,0,0.188961265476887,0.311437643274381
"842","ATG4B",0.275764344828958,0.0181339003319318,0,4.30896897332883,1.33269229109011
"843","ATG4C",0.116110831132897,0,0,1.94543236225486,0.766507975696131
"844","ATG4D",0.0136593965218843,0.766410267133327,0,3.1929340672364,2.84063607579048
"845","ATG5",0.22755660199546,0.24606650547454,0,1.57757803562584,1.20119678996384
"846","ATG7",0,6.63750412802074,0,3.57258644536524,0.585040285347137
"847","ATG9A",0.865950613785336,9.94812348069933,0,3.55700954540853,1.40296054089496
"848","ATG9B",0,0,0,0,0.444476832628679
"849","ATHL1",3.71536028705793,0.134835837904365,0,0.0273746078653197,0.627907977898736
"850","ATIC",0.953500425743638,1.13677691121625,0,0.530458146898157,3.20426176978822
"851","ATL1",0,0,0,0,0.672439249969235
"852","ATL2",0,0.215144859889546,0,0.427626134919714,2.0388738068119
"853","ATL3",0.339995501762473,0.335649689059228,0,0.828487157771259,0.0169983833280233
"854","ATM",0.550686458894247,1.00165179944128,0,0.0336892041336306,5.79279423643896
"855","ATMIN",0,3.7078804922134,0,0.108446842672325,0.0936862919084544
"856","ATN1",0,0,0,0.0426370120050314,0.779469118733241
"857","ATOX1",2.35481362749034,1.6985994677869,0.62686877014555,1.14093299295917,2.12097844960023
"858","ATP10A",0,0.343372645404973,0,0,0.085737746862231
"859","ATP10D",0.0767775781356211,0.0109386710371029,0,0.0212169795492552,2.02571989245879
"860","ATP11A",0.0372648051257443,0,0,2.48584042432118,0.0145497288563341
"861","ATP11B",0.218723657501538,0.206334565927253,0,0.191242075323157,6.26480549876428e-05
"862","ATP11C",0,0,0,0.999582474544531,6.53970068429117
"863","ATP13A1",0.50549530056169,3.00791217404211,0,0.0217176580590147,0.406587809570042
"864","ATP13A2",0,0.503742819821689,0,3.81431717487448,0.000916108249135301
"865","ATP13A3",0.304128426431149,0.791202813058674,0,1.76301971113248,0.0615833392309694
"866","ATP1A1",0.000241317094800847,0.00201225830551191,0,0.498525661243006,0.016649303844827
"867","ATP1A3",0,0,0,0,0.0561791805844193
"868","ATP1B1",0,0,0,9.12327244413945,1.66479240545852
"869","ATP1B3",0.522878434665364,0.104216051907882,0,0.00173611651086443,0.0678300414856796
"870","ATP2A1-AS1",0,0,0,0,1.90416952330324
"871","ATP2A2",0,0.168846511457641,0,0.0142785691894546,0.00500196940753876
"872","ATP2A3",0.133380254381122,1.54594762716768,2.61342974913184,0.167004105976539,1.81168671041171
"873","ATP2B1",0.302096229337869,0.0102738306519076,0,1.28625232543942,0.243993050707573
"874","ATP2B4",0,0.00149921912957757,0,3.34427934843743,0.722406386382526
"875","ATP2C1",0,0.0840666780763948,0.825286383052131,1.38291905093214,0.0328070819631156
"876","ATP5A1",0.000104962922714397,0.00481125983259102,0.5599400127413,10.280991914995,0.789557504436158
"877","ATP5B",0.16480388278036,0.492063924988591,0.0376340386060885,0.159592199318266,0.0444636410517612
"878","ATP5C1",1.47863559955335,0.723262587010315,0.13044408540719,0.19226328346038,0.0560431669872921
"879","ATP5D",0.0598725421869502,0.935047169114136,2.28786277091829,3.12782188711602,0.051332587151266
"880","ATP5E",0.268904388402973,3.45885100025905,0.547957211167148,0.471782900229205,4.99216465130845
"881","ATP5F1",3.86310617941762,3.76092525532943,2.06780010443868,1.48274409297422,2.02171765947763e-05
"882","ATP5G1",0.875693463376144,2.24555271280163,0,0.833932998944419,2.93511813940341
"883","ATP5G2",0.0805601496666813,0.0712214345744078,4.29300842434698,1.93456091985561,0.0714952544095124
"884","ATP5G3",1.50257723967048,0.296825978925588,0.396048072336208,1.00981439630962,1.79066219281529
"885","ATP5H",0.375913241992535,1.60557233719518,0.978068272647176,1.01669847073166,0.105987461694746
"886","ATP5I",0.754603629718521,0.780428757879599,0.204098489320341,0.0306372533710407,0.369348006460938
"887","ATP5J",0.259090516711359,4.13357171964571,0.749726529105598,1.26660882961921,6.46463220342696
"888","ATP5J2",2.95672839857651e-09,1.76353566184978,0.00164597463976899,0.787218994842435,2.75832029045892
"889","ATP5L",0.62977602707267,0.309323021344267,0.388212545816444,1.53400539674806,0.00369920811705603
"890","ATP5L2",0.10560222207323,0,0,0,0.0148101817452483
"891","ATP5O",0.00373294008334014,0.0417183516436133,0.111343473236046,0.000159841971426924,0.00630597858104185
"892","ATP5S",1.51322193011958,0.392009115889442,0,2.57939136186462,0.759088419797804
"893","ATP5SL",0.0733292049679858,0.16790505323408,0,0.366584421221537,3.54203251312928e-06
"894","ATP6AP1",0.303075755636741,0.000288063661363619,1.97962866538228,0.190360199281385,0.0483222169835197
"895","ATP6AP2",0.0856938185567735,0.00449398124924766,0.208503284628147,0.124257697807746,0.283019742473013
"896","ATP6V0A1",2.50806282816489,0,0,3.4780821855368,1.70349748094199
"897","ATP6V0A2",1.18331334761109,0.464133811229422,0,1.53312363073776,0.614742754376414
"898","ATP6V0B",0.375665119329304,1.00983200471591,1.5604730811527,0.092861563113665,0.107272369676479
"899","ATP6V0C",0.0079291890537472,0.0228525898096317,6.85700554595188,0.0980486319584775,0.0855006427332538
"900","ATP6V0D1",0.68810078767988,0.942105681566944,0,0.00445699119738273,0.0544430705490129
"901","ATP6V0E1",0.640804800240479,0.651524934308692,0.412946019029837,1.06721812257806,2.3682143151164
"902","ATP6V0E2",0.328270521768659,0.0450146849697704,0,3.41014163818856,6.38561623742751
"903","ATP6V0E2-AS1",0,0,0,0,1.91938387352626
"904","ATP6V1A",0,1.65811454735472,0,1.17090293565278,0.797172140477697
"905","ATP6V1B2",0.0626589571105503,0.270888846558166,3.20534384091404,2.7384196822395,2.3083096486547
"906","ATP6V1C1",2.21401312335265,0,0,6.45149101246928,0.814728291254705
"907","ATP6V1D",0.216935714901257,0.000280309391401663,0,3.53449758358814,1.36371287470899
"908","ATP6V1E1",0.000210348443086992,0.0817942502859135,1.90887761591183,0.10390276617437,0.0017900917137265
"909","ATP6V1E2",0,0,0,3.78459996763018,0.441473102609196
"910","ATP6V1F",3.6929608104475,1.25757144054306,0.448448650731552,0.925307822478094,0.0217664617239966
"911","ATP6V1G1",2.11173189695692,0.169007586520846,1.0435514980307,0.499676741909323,1.13611576927184
"912","ATP6V1G2",0,0,0,0,2.06802973689224
"913","ATP6V1H",0.0154633178045577,0.582275517374605,0,1.11606033598144,0.180686352405315
"914","ATP7A",0,0.00791138397976986,0,0.522092553270886,0.155054525052363
"915","ATP8A1",0.546829202873123,3.78041858074806,0,6.66047942976071,1.30988744794261
"916","ATP8A2",0,0,0,0,6.65359396214996
"917","ATP8B2",0,0,0,0,1.95468479454308
"918","ATP8B3",0,0,0,0,0.702402088518335
"919","ATP8B4",0,0.706836982929286,0,2.67863292877101,0
"920","ATP9B",0.134756416373051,1.50754914184123,0,0.00308449935817951,2.50903968586994
"921","ATPAF1",0.175362885290108,3.62218674762357,0,0.199116765351173,0.00034356478537796
"922","ATPAF2",0.0794044432231116,0,0,1.96046288708084,0.0649112952234732
"923","ATPIF1",0.503285105466937,0.324820160641155,0.269603046058818,2.67163975851695,1.19504349346384
"924","ATR",1.73597554395538,1.82628148503927,0,0.120858273815594,1.49375250713067
"925","ATRAID",0.0919846252901523,0.137309106806071,0,0.948455441219042,0.154699469426821
"926","ATRIP",0,1.5156193205654,0,0.0420646291487117,0.0725575687014081
"927","ATRN",0,0,0,0.0177608295968863,0.00683297367042146
"928","ATRX",3.03167315293074,2.16493956459051,0,1.62291142253673,5.21362253534929
"929","ATXN1",0,1.17819426021423,0,2.91509597561165,1.27133027279636
"930","ATXN10",4.94835629693478,0.741034939940743,0,1.19201786153017,0.495301770456309
"931","ATXN1L",0.441610877631709,0.107397263007284,0,0.0816477668353895,0.943114792436827
"932","ATXN2",0.675430141182252,1.02155025623252,0,1.24098037262723,0.878603711475147
"933","ATXN2L",0.124818791728303,0.19523035017285,0,0.0013434323151857,1.713388784587
"934","ATXN3",0.0186883246383394,5.3050852224809,0,0.769384637985535,0.137148037075211
"935","ATXN7",0.0083053786784516,0.798895976986892,0,0,0.251160355189337
"936","ATXN7L1",0,0.180200119805884,0,14.5308939572377,0.158448249162176
"937","ATXN7L2",0,0,0,0,1.5912782713377
"938","ATXN7L3",0,0,0,0.285093081546398,0.932435257478683
"939","ATXN7L3B",0.277154078555082,0.915764815447946,0,0.0116886700922074,0.00980453536783943
"940","AUH",0,2.29495499216845,0,10.2099101258309,0.311805555147983
"941","AUP1",2.90283547180622,0.473349419734462,0,1.39220717726094,0.733620724182298
"942","AURKAIP1",0.334741773248045,0.0164047893429185,0.0160984097918357,0.187746274943687,1.43295034602951
"943","AUTS2",0.330767797740186,0.947476936795149,0,0,1.13885422415031
"944","AVEN",0,0,0,0,1.26608980953539
"945","AVIL",0,0,0,0,0.0934956882074083
"946","AVL9",2.80532088305794,2.72210303363082,0,0.697094868706258,0.00823260240595996
"947","AVPI1",0,2.15000649482987,0,0.904417041405952,0.493172283774008
"948","AXIN1",0,0.241784819187421,0,0.515933735964596,0.0175706033134977
"949","AXIN2",0,0,0,0,0.0392846528874532
"950","AZI2",0.171077451362421,0.018991243977581,0,2.133232869884,3.38868314216176
"951","AZIN1",0.0296351703191064,1.98219000933291,0,1.34447432207928,0.377643913008992
"952","AZIN1-AS1",0,0,0,0,1.23689077557919
"953","AZIN2",0,0,0,0,0.313614938573772
"954","AZU1",0,0,0,0.156348516650092,0
"955","B2M",8.1703043688171e-05,0.134782409561064,0.217623591561674,0.00189483249556383,0.0449478185390634
"956","B3GALNT2",0,0,0,0.000922355427710563,1.65960764120519
"957","B3GALT4",0,0.123410559329383,0,0.525624133318254,0.062214434927149
"958","B3GALT6",0,0.0748153080316763,0,0.26781279114515,0.109088689224912
"959","B3GAT1",0,0,0,0,2.34761011500579
"960","B3GAT2",1.32502694866276,0,0,0,0.0205890912799064
"961","B3GAT3",0.0181934528625849,0.127355413309576,0,0.471338069359623,0.155803513390866
"962","B3GLCT",0,0,0,0,1.11330757228556
"963","B3GNT2",0.0596367188398415,0.627634288682023,0,8.84217633198253,0.310961406555822
"964","B3GNT5",0,0,0,0.666309626152151,0
"965","B3GNT7",0,3.31726222536664,0,0,0
"966","B3GNT8",0,0,0,5.01446790355363,0
"967","B3GNT9",0,0,0,0,0.748199308078544
"968","B3GNTL1",0,0,0,1.79684316881986,6.94399088274641
"969","B4GALT1",0.162946945289565,0.373659304354755,0,0.213856800468579,0.175292798598652
"970","B4GALT1-AS1",0,0,0,2.10240979585523,0
"971","B4GALT3",0.485622539845823,2.55485057986718,0,3.48320358590516,0.0621638874037717
"972","B4GALT4",0,0.376812168277903,0,0.65969862540311,0.105477456455682
"973","B4GALT5",0,0.297613412774441,0,1.94637101783744,0.220421645914689
"974","B4GALT7",0.352691785430863,0.278315676551326,0,0.0104315302985907,0.426538599877214
"975","B4GAT1",0,0,0,0,0.43847392028994
"976","B9D2",0.345150992833977,0,0,0.608550941606312,0.130023758591686
"977","BABAM1",0.00666384382823449,0.426275823121999,0,0.345090832252076,0.057642097061003
"978","BACE1",0,0,0,0.106818513437514,0
"979","BACE2",1.17423508267758,0,0,0,0
"980","BACH1",2.13108620239468,0.580658077160255,0,3.04842728820489,5.94079528712863
"981","BACH2",1.93781353420327,1.560714361816,0,0,0.448067141680841
"982","BAD",0.106942420697953,1.27505013107271,0,2.40760892318968,1.04939611069659
"983","BAG1",0.281342444991416,0.737104356336278,0,1.86105884711406,2.48174909259822
"984","BAG2",0,0.171569591543666,0,0,2.28631844534006
"985","BAG3",0,0,0,0.490086473701851,3.95177302174362
"986","BAG4",0.0593418379632064,0.0480103996082527,0,0.950225893890693,2.90433083992133
"987","BAG5",0.857911115842064,0.858855329066701,0,7.11699120579021,2.8271787797139
"988","BAG6",0.0174020294591644,0.654279366908976,0,1.94750480496847,0.933508994784331
"989","BAHCC1",0,0,0,0.0321961260841873,0
"990","BAHD1",0,0,0,1.26447474380974,0.658124659622973
"991","BAIAP2",0,0,0,10.4640976231059,0.0453644770376516
"992","BAIAP2-AS1",0,0,0,0.0056766067132428,0
"993","BAK1",0.0246225492113961,2.37340700670043,0,1.17266787100449,1.09456778977983
"994","BANF1",0.31796178667601,0.950932723147943,7.09919309815927,0.155970770876886,4.8766109763442
"995","BANK1",0.725309273392245,0,0,1.95296721725439,0
"996","BANP",3.11236615780227,2.07467003377983,0,0.161786654511319,0.0388381488298823
"997","BAP1",1.39796392877064,2.46887863772216,0,0.0094840530621832,0.509987260771233
"998","BARD1",0,0,0,0.297519351135593,1.35273016637598
"999","BASP1",1.65145913656526,0,0,4.4802482137245,0
"1000","BATF",0,0.0310664948410448,0,0.903383893149347,0.0328164348685777
"1001","BATF3",0,0,0,0.00549333012893784,0
"1002","BAX",0.279855178481471,1.3055417205965,0.596529382053296,0.000458418454347829,0.440409855126839
"1003","BAZ1A",2.13501187522328,0.233424064500179,0,0.58089184066803,1.57807799100819
"1004","BAZ1B",0.00610137022097128,1.85595538870603,0,0.0984948463015149,0.638928379692266
"1005","BAZ2A",0.719883628914385,3.39040005720322,0,3.40130470250169,5.23211332017828
"1006","BAZ2B",2.50167574756574,0.918929674583171,0,1.166969760804,0.220314920224179
"1007","BBC3",0,0.0759232790257046,0,0.838072820459603,0.228603685654727
"1008","BBIP1",0.153337577280153,0.724689760018818,0,0.675715033895047,0.755064348967497
"1009","BBOF1",0,0,0,0,0.508074563575851
"1010","BBS10",0,0,0,0,1.59726097229075
"1011","BBS12",0,0,0,0,0.989022157288555
"1012","BBS2",0,0,0,0.565829829480265,0.0986972723231522
"1013","BBS4",0,0,0,0,0.109053101072352
"1014","BBS7",0,0,0,0.528228866477431,0.0050384610655229
"1015","BBS9",0,0.637310223313298,0,0.130250275373512,0.208822565451723
"1016","BBX",0.186821780538297,1.69442338548016,0,2.50993109070071,2.6988039074533
"1017","BCAP29",0.382394310108298,0.0630085119761689,0.234434174796512,1.34346885465271,0.964451362979287
"1018","BCAP31",0.126472169775831,0.305627361223547,5.09623396336403,0.041809383095223,0.699466509688952
"1019","BCAS2",1.30168394396441,0.493680072726372,0,1.88551824434323,0.0511234290157665
"1020","BCAS3",0,6.22337476172617,0,2.21098879525382,0.339689222093346
"1021","BCAS4",0.472185537975602,0.00295325182402538,0,0,0.0378004553679301
"1022","BCAT1",0,0,0,14.7182028176924,0
"1023","BCAT2",0.128213990345506,0,0,0.0385068432971986,0.00140116030703146
"1024","BCCIP",0.0113846763922253,0.0007464700528862,0,0.0605909713941928,0.236954378863481
"1025","BCDIN3D",0,0,0,0,0.940571769739515
"1026","BCKDHA",0,0.0948060608361957,0,3.8411432141842,0.103561849410001
"1027","BCKDHB",0.023055948536604,0.170957538596208,0,1.12661866026891,0.775855645726148
"1028","BCKDK",0,0.577336623765675,0,0.176640060341091,1.45480115044868
"1029","BCL10",0.230918730722654,0.270210851591649,0,1.11426749513725,4.32299692400463
"1030","BCL11A",0.883862257268213,0,0,0.425878223585401,0
"1031","BCL11B",0,0.00162774104765366,0,0,0.0512068033521523
"1032","BCL2",2.80921167768835,2.04174842229968,0,1.64028398493747,7.58675693773966
"1033","BCL2A1",0.0435166614425981,15.8919102821285,0,0.362807132751261,2.79505639673094
"1034","BCL2L1",0,1.10274475751317,0.217970657966711,1.76137069578202,2.29549774084881
"1035","BCL2L11",10.0636327335398,1.67795399129403,0,1.76999964537674,0.0875140450510601
"1036","BCL2L12",0.111957761428696,0.220739768547473,0,0.1817563703126,0.474844593382402
"1037","BCL2L13",0.198412287212605,0.0353386224866046,0,4.57815414941502,0.0265540202128136
"1038","BCL2L14",0,0,0,0,0.212853362031859
"1039","BCL2L2",0,0,0,0.18632072417394,0
"1040","BCL3",1.8134583053079,1.57957670136571,0,1.93814431973548,6.83627523965858
"1041","BCL6",4.41807881179396,0,0,1.68971331294523,2.0320554047184
"1042","BCL7A",1.29215492543287,0,0,0,2.87574653130218
"1043","BCL7B",0.605545017575229,0.0661660789723956,0,1.56662511815292,3.95473509670972
"1044","BCL7C",0.988337681095524,7.14713261536361,0,0.798946957283601,0.563956826530278
"1045","BCL9",0,0,0,0,1.24364552299232
"1046","BCL9L",0,0.133156072119865,0,0.809043621691474,0.240255281067277
"1047","BCLAF1",3.28535941637288,1.01914148760956,0,0.12691336413376,3.2868965824291
"1048","BCO2",0,0,0,0,0.418665636793304
"1049","BCOR",0,0,0,3.95855424166551,0.232588980777069
"1050","BCORL1",0,0,0,1.99663398063275,0.170465750136129
"1051","BCR",0,5.20776972116464,0,0.40050810219704,0.202579096759923
"1052","BCS1L",0,0,0,3.4307905389125,1.52934232796458
"1053","BDH1",0,0,0,0,4.92931573094856
"1054","BDH2",0,0.0691743806608136,0,9.31003100575193,0.197025894886103
"1055","BDP1",0.171420552234771,0.185586578873391,0,0.665027288990407,0.0163525104899126
"1056","BECN1",2.49743241388269,0.995150885071185,1.19859073312921,1.75688070224815,1.06430208940586
"1057","BEND5",0.0839614873583627,0,0,0,0.0180928029772003
"1058","BEND7",0,0,0,0,0.370486134680816
"1059","BEST1",0,0.696052663248742,0,0.520281455484545,0.816067667592185
"1060","BET1",0,0,5.59441071209153,0.193727814663826,0.0813662017819535
"1061","BET1L",2.79990526433266,0.0262224524136116,0,2.42341878056581,1.0606415428276
"1062","BEX2",1.0358534417377,1.4603426491706,0,0,2.40709189209997
"1063","BEX4",0.0918501189705499,2.98320255846987,1.66563975191704,3.29918451899721,1.9203204429162
"1064","BEX5",0,0,0,0,2.00751273891247
"1065","BFAR",0.850955586902304,10.7096610610941,0,12.146860127354,4.39451239445728
"1066","BFSP1",0,0,0,0,1.40716582732494
"1067","BHLHE40",0.181408951959548,0.833197051812185,0,3.61631866970848,1.73947303286843
"1068","BICD1",0.248514252571782,0,0,0,0.392024089970528
"1069","BICD2",0.23009777575412,0.224758803472364,0,0.0373889047670842,1.68432455485057
"1070","BID",4.48550611886546,6.01688972630278,0.00478896752184843,4.22733160706337,0.127526259292071
"1071","BIK",0,0,0,0,2.19894442912166
"1072","BIN1",0.536705932499979,3.0069778468101,0.639854945161788,0.0531978016817137,0.529560336553633
"1073","BIN2",1.09514256910448,0.428211018682364,1.65807758804817,0.46650941058033,0.0080885212128784
"1074","BIN3",0,1.16065231070916,0,0.0221078768724086,0.00912281462988854
"1075","BIRC2",0.0328073996456885,0.49055161212671,0,0.00354646472578939,0.0353140881172801
"1076","BIRC3",0.702063257376199,4.26706836608581,0,13.1466164941784,6.38833172517076
"1077","BIRC5",0,0,0,0,1.06723253120732
"1078","BIRC6",0.0856634764270213,0.145644786268554,0,0.236195482071955,0.772845509315893
"1079","BISPR",0,5.78088221629025,0,0.265092047048645,0.0131894746168924
"1080","BIVM",0,0,0,0,0.259485787246082
"1081","BLCAP",2.5581371527691,0.0710579828563781,0,0.257006845312215,1.0311380850229
"1082","BLK",9.18890288400376,0,0,0,0.136518910590011
"1083","BLM",0,0,0,0,0.402594486314403
"1084","BLMH",0,0.147795857543335,0,0.0968435147292921,0.626547846585349
"1085","BLNK",3.89180809494478,0,0,0,0
"1086","BLOC1S1",0.18424118348888,0.197334208201086,0.123497448486901,0.149902606330907,0.11556171747212
"1087","BLOC1S2",6.17969993910562,0.0463037891640945,0,0.0197522339265933,0.138022697741608
"1088","BLOC1S3",0,0,0,0.453088193707027,0.0670018034950873
"1089","BLOC1S4",0.30803344169274,1.95697062659003,0,0.60008147014793,5.02656926892336
"1090","BLOC1S5",0,0,0,0.0545861706365569,0.00837431137893085
"1091","BLOC1S6",0.0178594415459959,2.53240965418877,1.09315833821906,3.36567718562822,2.63472927963506
"1092","BLVRA",0,0.429392165805587,0,0.130742237848326,0.496202454787298
"1093","BLVRB",0.530109041177661,6.11107726067763,0,13.3246881474035,0.595319054865657
"1094","BLZF1",0,0.000976638380214334,0,2.22641262713497,0.0151304463441083
"1095","BMF",0,0,0,3.73810562060918,0.00629174562929687
"1096","BMI1",0.00255764292596161,0.346503934826485,0,0.241735067381598,3.68183718333229
"1097","BMP2K",2.14831971519764,0,0,0.76429862109761,0.0145858681354034
"1098","BMPR1A",0,0,0,0,2.97491738895471
"1099","BMPR2",0,0,0,0.0349652730367039,1.8884576713764
"1100","BMS1",1.96580058273328,0.15147782455183,0,0.467855487392903,0.0336536015671847
"1101","BNC2",0,0.00112438790344527,0,0,0
"1102","BNIP1",0,0.271234020450899,0,0.15450992243384,2.06488844268497
"1103","BNIP2",1.03377654350468,0.0128355079502786,0.828734333984391,0.595971566107916,2.2832872735619
"1104","BNIP3",0,0.85591353016874,0,3.73187168299446,2.04811579315928
"1105","BNIP3L",1.95297814877768,12.0160511483063,0.0783180738931709,0.105082788988944,7.32494372562834
"1106","BOD1",0.141618604378921,0.569734608030761,0,0.214291205872409,0.00092673943153447
"1107","BOD1L1",0.144880773299624,0.39168293728424,0,0.000813587413826317,0.262269790641438
"1108","BOLA1",0,0,0,0,2.73459602443296
"1109","BOLA2B",0,4.55035951474265,0,0.0416034147098633,6.03437949061443
"1110","BOLA3",1.13179455453697,0.908976432865656,0,1.20190619602152,3.60749266572452
"1111","BOLA3-AS1",0,0,0,0,0.710621500226607
"1112","BOP1",0.0500353634997973,0.684174793098936,0,8.56298975286782,1.92844084043681
"1113","BORA",0,0,0,0,2.59381816706664
"1114","BORCS5",0.35446278132789,1.78187788340905,0,0.0257348239283581,3.2771987936876
"1115","BORCS6",0,0.0539674030655221,0,0.0270922748194758,0.658909815599112
"1116","BORCS7",0.572524159060265,0.611494909810797,0,0.341812389801746,0.219255995158934
"1117","BORCS8",0,0,0,0.812344588519087,0.448143100855758
"1118","BORCS8-MEF2B",0,0,0,0,0.542528377525534
"1119","bP-21264C1.2",0,0,0,0,0.456129996629142
"1120","BPGM",0,0.330338851554571,0,0.525541926452692,0.0358586298252574
"1121","BPHL",0,0,0,0,0.106527227140126
"1122","BPI",0,0,0,0.00266578564459217,0
"1123","BPNT1",0,0,0,0.220353269046994,2.75406666675319
"1124","BPTF",0.0137757591778867,1.76638751300863,0,0.202203435833262,0.238683174947291
"1125","BRAF",0.00337985692070565,0.771389306428353,0,1.62187287850378,0.880082538354249
"1126","BRAP",0.2279174163362,1.16109615565646,0,0.223631359654365,6.71168984238192
"1127","BRAT1",0,5.8148411553503,0,3.34830540327603,0.465291261875368
"1128","BRCA1",0,0,0,0,1.4365800852883
"1129","BRCA2",0,0,0,0.373355342305483,1.58468294659537
"1130","BRCC3",0.0128356951218925,1.52989900533261,0,0.962456337819268,0.707694571289973
"1131","BRD1",0,1.19655517264535,0,3.71773723795515,3.07006608859187
"1132","BRD2",1.21923682226459,2.49362870286853,0,0.142442952988231,0.394118798644154
"1133","BRD3",1.32334900392757,0.36231721345378,0,0.063541394026655,0.00908243149647222
"1134","BRD4",1.32365980615385,1.01717642370724,0,1.24244236984841,1.37327091396442
"1135","BRD7",0.00447088134948678,3.88733802807482,0,1.45481905750856,0.937547587156987
"1136","BRD8",0,11.9598311139857,0,7.58464487067447,10.3920292359757
"1137","BRD9",0.0373287662018715,0.13798943866644,0,0.0261130243327286,0.696086188402927
"1138","BRE",0.699173843479002,0.2903469809205,0,0.0279382973609648,0.0356948325116077
"1139","BRF1",0,0.493986101849055,0,1.34765121720616,2.65776988046561
"1140","BRF2",0,0,0,0.0727001373075825,3.72837164432057
"1141","BRI3",0.165199526147782,0.905551798636978,0,0.0370525996665833,5.05013730505117
"1142","BRI3BP",0.159176859534232,0,0,1.5895958346941,3.18945768701286
"1143","BRICD5",0,0,0,2.95653261812503,1.05760543775875
"1144","BRIX1",0.0248533962797131,0.292960743572836,0,0.0247741692333964,1.72142381279485
"1145","BRK1",0.0460727826867755,2.32909924075147,1.3967970897627,1.31253874312577,3.76953408618748
"1146","BRMS1",0.00858985069752493,0.0624669436333517,0,0.018838741382414,0.113644743118623
"1147","BRMS1L",0,0,0,0,0.0717538571463974
"1148","BROX",1.00809238911804,0.524190361913951,0,0.468931539789744,0.080226760475952
"1149","BRPF1",0,0.0526920710492068,0,2.22039982391485,1.63833483533751
"1150","BRPF3",0,0,0,1.85358786271321,1.7232838656126
"1151","BRWD1",0.0125270291711819,0.438380322358552,0,1.43527528546239,1.06431439007173
"1152","BRWD3",0,1.60090571708774,0,0.0077806633534894,0.10368167319245
"1153","BSCL2",0,1.16682680486972,0,0.0323816291344465,0.176307059270485
"1154","BSDC1",0.720583135042923,0.0444445581465696,0,0.110882121246412,5.19305930406377
"1155","BSG",0.846830174227158,0.985185076068034,2.08157736627003,1.11240136848088,0.504019883616665
"1156","BST1",0,0,0,10.5505544882396,0
"1157","BST2",0.817068654641839,5.33912384106522,0,1.44946976811699,0.83966111610993
"1158","BTAF1",0.372572654040348,0.100033723243615,0,0.00448854230090899,0.491924669067973
"1159","BTBD1",0.174766848785025,0.0472210362249759,0,0.12595011821176,1.14662106554465
"1160","BTBD10",0,0.0444951157375933,0,0.0607102430071708,0.599435758794307
"1161","BTBD11",0,0,0,0,3.36860819805114
"1162","BTBD19",0,0,0,1.85401889073659,0
"1163","BTBD2",0,0,0,5.7470532418786,3.96949326214191
"1164","BTBD3",0,0,0,1.50089287340595,0
"1165","BTBD6",0,0,0,0.554977506796478,0.0798887420421494
"1166","BTBD7",1.34260304204483,0.0776425000857151,0,0.629381251436492,1.4502986139256
"1167","BTBD8",0,0,0,0,0.108196665566961
"1168","BTBD9",0,0.100491807849903,0,0.0213292543677691,1.5349164453999
"1169","BTD",0,9.89681929792311,0,1.62873163279597e-05,2.66829047638128
"1170","BTF3",0.407513108180627,0.021502184831268,3.86555867874849,6.92457066953598,0.448239265908979
"1171","BTF3L4",0.08859766070795,0.11182161926133,0,0.0772265809426712,0.29697654160858
"1172","BTG1",0.0707037541696907,0.419824595107447,0,1.55479569527213,1.59814991883864
"1173","BTG2",7.58307734327176,1.80420385362402,0,0.298204451036205,0.0183143592867606
"1174","BTG3",0.20991557040918,1.4671840650149,0,0.00649686916118553,3.64316776434822
"1175","BTK",2.71507975610318,0,0.0513641036123384,0.736087598139036,0
"1176","BTLA",2.3318558717389,0,0,0,0.253793510213531
"1177","BTN2A1",0.425803594743904,0.587945641507871,0,4.21992591259753,0.925772889644251
"1178","BTN2A2",1.85804765582895,2.69049906551555,0,0.151653710719604,2.22230777195083
"1179","BTN3A1",0.283590908041919,0.491958791635106,0,0.13947866771197,1.49519966410598
"1180","BTN3A2",0.437426314845933,10.8160857634925,0,2.97640961877762,7.17905002770832
"1181","BTN3A3",0,5.22744153826063,0,0.167327362135325,1.19665266473157
"1182","BTRC",0,0,0,1.14388851433227,0.00160129901477358
"1183","BUB3",0.417874740205418,0.0623554673478325,0,0.339103592188056,0.0370979704568801
"1184","BUD13",0,0.570429009538795,0,0.0111198460227702,1.27150991028711
"1185","BUD31",0.0152064376221438,0.281140217630373,1.43338933122603,0.27679212559867,2.32051291712921
"1186","BYSL",0,0,0,0,0.0127926431270441
"1187","BZRAP1",0,0.0582762361063167,0,0.082118484579896,0.698275203755553
"1188","BZRAP1-AS1",0,1.48810596187726,0.585738311737836,1.20431686804127,0.0385444348458886
"1189","BZW1",2.35834172017513,0.0236576954817629,2.64962061164032,0.0151198228034764,1.24919868964029
"1190","BZW2",2.14507267640876,0.833630119361671,0,0.0775458880592315,6.7575875127453
"1191","C10orf11",0,0,0,0.752633391110784,0
"1192","C10orf128",0,0,0,0,0.246726179349127
"1193","C10orf2",0,0,0,0,0.581012527061702
"1194","C10orf35",0,0,0,0,0.783777077116441
"1195","C10orf54",0.151150788905317,0.413909514369202,0,0.198135375657235,0.8825274993886
"1196","C10orf76",1.00677880965896,0.0931856858282395,0,0.144704676186285,1.29443846636555
"1197","C10orf88",0,0,0,0,0.000675643853856852
"1198","C10orf91",0,0,0,0,10.0984123203796
"1199","C10orf95",0,0,0,0,0.0310176810300008
"1200","C11orf1",0.0136340760767079,0.00213817423063991,0,6.41267052891395,7.00784452770477e-07
"1201","C11orf21",0,0.684438689238011,0,1.63607793432158,1.17712794193613
"1202","C11orf24",0.0692135622610991,0.345986450310558,0,1.45673322976219,1.00015202687117
"1203","C11orf31",1.6741700756999,2.61974630362372,0.60326992752785,0.0939778321067252,5.18912048679672
"1204","C11orf49",0,1.56047605083133,0,0.63204016858323,0.141660606120987
"1205","C11orf54",0,0,0,3.53370981212237,1.56150946916629
"1206","C11orf57",0.659262564013224,0.567527259184455,0,4.97291474602791,2.40702687915933
"1207","C11orf58",0.15672103704242,0.079399866197177,0.0766597743110352,0.218337297122129,0.424364825665674
"1208","C11orf63",0,0,0,0,0.00195872579351118
"1209","C11orf65",0,0,0,0,0.00732341998097056
"1210","C11orf68",0,0,0,0.00139281401360016,0.532679955599565
"1211","C11orf71",0,0,0,1.56002462190651,0.51055383258641
"1212","C11orf73",0.193157548046182,1.72388855792867,0,2.12471153226354,4.50228894639259
"1213","C11orf74",0,0,0,0.0114296840121563,0
"1214","C11orf80",0,0,0,0,0.238178749587807
"1215","C11orf84",0,0,0,0,0.00997162821008346
"1216","C11orf98",0,0.00335768536443685,0,0.0475520070806148,0.0483199874843147
"1217","C12orf10",0.510284633889746,0.47758748879434,0,6.08839189731892,0.208371310369462
"1218","C12orf29",0,0.7712158211436,0,0,0.682220313438713
"1219","C12orf4",0,0,0,0.102350396443997,0.723077077147411
"1220","C12orf42",3.48605330729875,0,0,0,5.9259919142159
"1221","C12orf43",1.42598634175594,0.495411392773867,0,0.241996165377972,0.216782042014461
"1222","C12orf45",9.83022601315864,3.23183932596334,0,0.0437766875802563,1.63545983460895
"1223","C12orf49",0.112663240639843,0.715903000620717,0,0.00548431554298088,0.0164340867171852
"1224","C12orf57",0.195215764467635,0.504769087534319,2.63516208396581,7.38583612825092,0.00740657399902461
"1225","C12orf60",0,0,0,0,0.0180168360985882
"1226","C12orf65",1.71693420991822,0.0838327727423668,0,0,6.52436761360255
"1227","C12orf66",0,0,0,2.00819269469091,0.937351002302084
"1228","C12orf73",0,0.077698351021171,0,0.000166328961776747,0.125524541137606
"1229","C12orf75",0.0205918538027298,0.674347173609773,0.037457663439441,0.0245640374613247,0.0148740285142648
"1230","C12orf76",0.0469654606983817,8.00457545424209,0,0.00343169545345359,0.315035561633796
"1231","C14orf1",0.281847002706502,7.54960020456981e-05,0,8.74518807740191e-06,0.00402522728112516
"1232","C14orf119",0,0.054729299495015,0,0.120733968701732,0.197239366320671
"1233","C14orf132",0,0,0,0,1.22936466326501
"1234","C14orf142",0,0.000243479074269554,0,1.9969165083242,1.73876415015068
"1235","C14orf159",4.51039285717489,6.46736414634698,0,1.19501013208504,1.86183564099118
"1236","C14orf166",0.77652595921891,0.503247812621999,0.325588334459095,2.21402484396879,0.338655820359117
"1237","C14orf169",3.11053917588955e-05,0.0492712075808717,0,0.984377011796777,3.45722069785592
"1238","C14orf2",0.078316304076186,0.0899159062056949,5.72559187367183,0.0110039275256945,0.00314303861010204
"1239","C14orf28",0,0,0,3.03345922370393,2.92352373881534
"1240","C14orf80",0,0,0,0.475150054147309,0.13956376886735
"1241","C14orf93",0,0,0,2.21043006061273,0.525824442894424
"1242","C15orf39",0,1.65515624809129,0,1.60988536631851,0.153041669715484
"1243","C15orf40",2.12222798032943,0.128287976234858,0,0.381740490322447,2.79842602502545
"1244","C15orf41",0,0,0,0,1.50185165396026
"1245","C15orf48",0,0,0,2.88025943746878,0
"1246","C15orf53",0,0,0,0,0.088784461399665
"1247","C15orf57",0.413870777330117,0.38142288247997,0,0.181449562906659,0.0919049611313038
"1248","C15orf61",0.0269957617637247,1.53724098817768,0,1.62303262685116,2.31976618323102
"1249","C16orf13",1.4663044647101,4.42674677922722,0,0.275109187042745,3.28585787552336
"1250","C16orf45",0,0,0,0,0.96193351741927
"1251","C16orf52",0,0,0,0,0.0423345913333836
"1252","C16orf54",0.333776194144674,0.238526375857909,0,0.913237052448382,0.0361705231029225
"1253","C16orf58",0,0,0,1.33058142984576,0.163536032390057
"1254","C16orf62",0,7.06565523307016,0,0.220743036583409,0.226101947390204
"1255","C16orf70",0,0,0,0.870480896251035,0.00953178915898587
"1256","C16orf72",0.126664621055312,0.746639260280168,0,0.271704877907245,0.197589089955549
"1257","C16orf74",0.135494089504691,0,0,0.160503985068658,0.107808726729346
"1258","C16orf86",0,0,0,9.9436703077164,2.54626272681536
"1259","C16orf87",0.00737443196699221,0.679744968520479,0,0.481215408200259,0.597716014736031
"1260","C16orf91",0.141936222099165,0.00614267747086752,0,0.574219927260753,0.0875922838468309
"1261","C16orf95",0,0,0,0,0.217712144187799
"1262","C17orf100",0,0,0,0,0.260770371322109
"1263","C17orf107",0,0,0,0,0.177643560952133
"1264","C17orf49",0,4.11561009916638,0,0.558508665967578,1.68600771618338
"1265","C17orf51",0,0,0,0,0.0283974235163975
"1266","C17orf58",0,0,0,0.0188977886741667,0.330805740644115
"1267","C17orf62",0.634485312073584,2.38064769690439,0,1.98708264404383,1.67573798852946
"1268","C17orf67",0,0,0,0,0.528627119753821
"1269","C17orf75",0,0,0,0.754333824106543,0.0339955219034809
"1270","C17orf80",0,0,0,0,9.39957296112616
"1271","C17orf89",0.0497968371617013,1.58575311708219,0,0.000166550217491324,4.77649800085435
"1272","C18orf21",1.63801700337402,1.1338767140574,0,2.24795582407136,3.76024821024513
"1273","C18orf25",0.568350127477089,0.017325425627274,0,1.89994171916154,0.0470157913439175
"1274","C18orf32",1.51791656580782,0.0380196048141094,0,5.43555441743404,2.79163012127519
"1275","C18orf8",5.08967256887353,0.0651593797738079,0,3.35968561391203,7.73796878858075
"1276","C19orf12",0,0.960573636191264,0,0.0628817711240827,1.78651617911687
"1277","C19orf24",0.162502462469037,2.76471637204505,0,0.714248977645308,2.75545043606869
"1278","C19orf25",3.07854129192723,0.274104278412663,0,0.0057540482104325,0.884042141550883
"1279","C19orf33",0,0,0.938503379516199,0,0
"1280","C19orf35",0,0,0,11.5103367467524,0
"1281","C19orf38",0,0,0,3.54391492817246,2.08997344177203
"1282","C19orf43",0.0273831724372824,0.153564773699977,0.0356040050942742,2.1631649730807,0.134899636937137
"1283","C19orf47",0,0,0,1.46725775441207,1.56271736840416
"1284","C19orf48",0.0150355958681255,0.38693469643528,0,17.1214147918607,0.020938833462249
"1285","C19orf52",0,0.099481483330531,0,1.00987791587105,1.78051362101933
"1286","C19orf53",0.644160521924665,0.291825994778079,0,0.627538124076633,0.378513802771134
"1287","C19orf54",0,0,0,0.0694074795378759,0.0230339884324449
"1288","C19orf60",0.662633952283967,1.9308412215078,0,2.800803512209,1.43913234126396
"1289","C19orf66",7.56347134768112,6.44076745505722,0,0.0266409842886322,0.0363362581241749
"1290","C19orf68",0,0,0,0.322799667050457,0.00249014321983669
"1291","C19orf70",1.94104762403454,3.09670902577248,0,0.0864426670402037,2.23070614669943
"1292","C19orf73",0,0,0,0,8.81926930343052
"1293","C1D",0.546793618106721,0.673212905668645,0,0.000136309702530878,0.196195253154666
"1294","C1GALT1",1.03153385181961,0.0669702864651653,0,1.04100395998864,0.000228372959787185
"1295","C1GALT1C1",0,0,0,1.69604838654708,1.56464726162115
"1296","C1orf109",0,0,0,0,0.226024669455787
"1297","C1orf112",0,0,0,0,1.65929942579526
"1298","C1orf122",0.000332287171529588,2.10464274569924,0,0.66110276720507,0.674052755184503
"1299","C1orf123",0.0801604247149488,1.3379739287194,0,0.850112379228782,4.88114583500052
"1300","C1orf131",0.00979003378878628,0.47104683301144,0,0.0500173675468489,0.000412731141160903
"1301","C1orf132",1.20668517460173,0,0,2.55890784778211,3.05662897600926
"1302","C1orf159",0,0,0,0.481672094979065,0.112239918421071
"1303","C1orf162",0.407923557700394,0.945371237020782,0,2.99810217008342,27.3796543184291
"1304","C1orf174",0.000354865415860372,3.98264814267413,0,0.735801451006896,0.0850034223524132
"1305","C1orf198",0,0,0,0,0.244687650214565
"1306","C1orf21",0,0.827039660128974,0.000125122142866326,0,0.0201549425657692
"1307","C1orf216",0,0,0,4.42219414706268,0.0202823533791774
"1308","C1orf228",3.62502689038256,0,0,0.566844162947462,0.329505988529433
"1309","C1orf233",0,0,0,1.49981840509261,0
"1310","C1orf27",0.0162750441838393,0.119982116540983,0,0.438126048805029,0.837529081006315
"1311","C1orf35",1.48558681494103,1.90777247259306,0,0.224495602261479,1.62701005567649
"1312","C1orf43",0.210138988497183,4.63108357324063,2.60756239841582,4.90794041083776,1.60817633660648
"1313","C1orf50",0,4.82053769919266,0,1.22060542316313,0.747749044406914
"1314","C1orf52",1.12991805738349,3.1642156598873,0,3.86315433658399,3.30589462373143
"1315","C1orf53",0,0,0,0.207213577070528,0
"1316","C1orf54",0,0,0,0.0459605439803197,3.91640155425047
"1317","C1orf56",0.0774384237486848,0.0418586606787866,0.268189932789217,0.00275108863801586,0.032038718130582
"1318","C1orf61",0,0,0,0,2.19521323661189
"1319","C1QA",0,0,0,7.00259860037855,0
"1320","C1QB",0,0,0,13.2270319256441,0
"1321","C1QBP",0.819602084757902,0.0353724432798145,0,0.103120343389971,0.193139003055912
"1322","C1QC",0,0,0,18.570520401193,0
"1323","C1QTNF6",0,0,0,0,2.29543482347968
"1324","C1RL",0,0.211719132837661,0,1.15775054137879,0.972052669085335
"1325","C1RL-AS1",0,0,0,0,1.4974738695019
"1326","C2",0,0,0,1.65062536091026,0
"1327","C20orf194",0,0,0,0.176908353205322,6.48420734742168
"1328","C20orf196",0.000225295760431079,1.73445685847398,0,0.403280875820569,0.541538365954446
"1329","C20orf24",0.0570065442420222,1.11498708508328,0,0.298817408034691,0.0214117582787667
"1330","C20orf27",0.0219738610196884,3.27671494109828,0,0.284219714205248,0.646104958525953
"1331","C20orf96",0,0,0,0.111394133164572,1.66494686379653
"1332","C21orf2",0.426301007656899,0.761816673540228,0,9.37862900189464,4.65230967517264
"1333","C21orf33",0,0,0,0,0.000292649681991568
"1334","C21orf58",0,0,0,0,4.67690655775909
"1335","C21orf59",0.802781797821096,0.844092108267037,0,0.858050737893499,2.17576176212421
"1336","C21orf62-AS1",0,0,0,0,3.70969547234339
"1337","C21orf91",0,0.319108498658523,0,0.238867231431591,0.249843467950718
"1338","C22orf15",0,0,0,0,6.84023902938751
"1339","C22orf29",0,0,0,0,0.187216059328011
"1340","C22orf34",0,0,0,5.94436810389849e-05,0.273647022429182
"1341","C22orf39",0.00282819465882052,0.000493405159739578,0,0.67073901475755,0.123511928906932
"1342","C22orf46",0,0,0,16.2470976540552,0.0661186457921427
"1343","C2CD2",0,0,0,0.0375209490507135,0.803104556578191
"1344","C2CD2L",0,0,0,0.724317328531371,0.0130017386870056
"1345","C2CD3",0,0.268621586926123,0,2.39613076773159,0.441079721050128
"1346","C2CD4D",0,0,0,0,1.28624574843224
"1347","C2CD5",0,0,0,2.46157049337813,1.02786533471448
"1348","C2orf40",0,0,0,0,1.33668081548382
"1349","C2orf42",0,0,0,0,2.25280172908248
"1350","C2orf44",0,0,0,0,0.148075228217676
"1351","C2orf47",0,3.18548297084678,0,0.000954090100198262,5.82874284267127
"1352","C2orf49",0,1.31705271220259,0,0.232836829984469,0.0125216442399768
"1353","C2orf68",0.205060795888776,1.08289281639623,0,0.00191245604199013,0.0685743115925819
"1354","C2orf69",0.346433224816093,10.9586927934889,0,1.42269751508154,2.40434242435396
"1355","C2orf74",0,5.87204187797643,0,0.532228952746459,12.9886800478986
"1356","C2orf76",0,0.00395576936932214,0,7.73930083111183,1.10587206853089
"1357","C2orf88",0,0,0.138338723581626,0,0
"1358","C3AR1",0,0,0,0.307678284224056,0.095753079763258
"1359","C3orf14",0,0,0,0.0083299285150672,1.53460046723066
"1360","C3orf17",0.288486908033835,2.18090407341146,0,1.90887031348722,1.31107840184809
"1361","C3orf18",0,0,0,0,0.910967292347909
"1362","C3orf33",0,0,0,0,0.110217488606969
"1363","C3orf38",0.0754994071437085,0.200061058531702,0,0.00535289779278906,1.73288171278317
"1364","C3orf58",0,0.0900981130806964,0,0.0781895612700789,0.0722674347136761
"1365","C3orf62",0,0,0,0.424090037180296,0.238713897708007
"1366","C4orf27",0,0.346477321032739,0,3.11962275725106,1.26651044815812
"1367","C4orf3",0.0298513932373628,0.774589341634841,0.74120265427032,0.160480859995687,1.45076151444455
"1368","C4orf32",0,0,0,0.540443184133323,2.8072218961891
"1369","C4orf33",0,4.0454878627444,0,0.326472593047237,2.23067834867272e-07
"1370","C4orf46",0,0.169091757807039,0,0.000527351723205709,0.0176331503908402
"1371","C4orf48",2.26886715389998,5.2388988749668,2.87304427542134,4.39719045601794,4.05450968578787
"1372","C5AR1",0,0,0,0.987356054702786,0.221684616514928
"1373","C5AR2",0,0,0,1.83967491150904,0
"1374","C5orf15",0.0200370359300839,1.91204153750761,0,0.17800769716289,0.021570716489265
"1375","C5orf22",0,0,0,2.05906567359235,1.14332472041028
"1376","C5orf24",0.731912105907525,2.89295196615163,0,1.04816020289506,2.13419815522032
"1377","C5orf28",0,0,0,0.161205243336321,0.0100873611201285
"1378","C5orf30",0,0,0,3.82538279708296,0.0272753545790196
"1379","C5orf34",0,0,0,0,0.110923209959536
"1380","C5orf42",0,0,0,0,2.1273568788935
"1381","C5orf45",0.0116519045005972,0,0,0,0.0455891956825454
"1382","C5orf51",0.41173609846435,1.60163202938825,0,0.63734289392253,0.195975934491455
"1383","C5orf63",0,1.34554260073768,0,0,3.92531550742902
"1384","C6orf1",0.656809281367079,1.80474195166256,0,1.55115752883113,1.78165220481189
"1385","C6orf106",3.73911748107441,0.849870086340982,0,2.30332380964184,0.876126200681129
"1386","C6orf120",0,0,0,2.90198457225722,0.649789050563786
"1387","C6orf136",0,1.19635522985155,0,1.24094337307396,0.574052334322266
"1388","C6orf203",0,0.284070713755406,0,0.0883015963456307,0.00364035784809737
"1389","C6orf226",1.69668442120847,0.405442633454436,0,2.12570037137197,3.00253698331804
"1390","C6orf25",0,5.16413512755965,6.39245113743092,2.31150773218963,5.89832360058219
"1391","C6orf47",0,0.713078066481748,0,0.00377768175323365,0.621178450568951
"1392","C6orf48",0.0894733874683925,0.000456761868853604,0,0.804659703089834,0.819773222137672
"1393","C6orf62",0.680796044615776,0.219854970634497,1.14990147862166,1.02212162972493,0.87330932894205
"1394","C6orf89",0.961210881020733,0.432260519363543,0,0.531191714362404,0.56830138486536
"1395","C7orf26",0,0.018629667092076,0,0.547769086847615,0.012937904922893
"1396","C7orf31",0,0,0,2.48304648427694,1.15522902395445
"1397","C7orf43",0,0,0,3.40736420131986,0.112841652510934
"1398","C7orf49",0.0306070946308373,0.632931562515868,0,1.24641282198305,0.715846289571165
"1399","C7orf50",0.0953868582243636,1.34019886178516,0.00177163835998089,2.15655908550689,0.309670475070542
"1400","C7orf55",0.242109140443835,0.0430496075776711,0,1.70307965471646,2.06582753618468
"1401","C7orf60",0,0.00456118276589144,0,0.854611144415893,0.230737114014881
"1402","C7orf73",0.904455186418635,2.66061587021554,1.39923332287559,0.0481208215034348,2.81309295534849
"1403","C8G",0,0,0,0,0.326701174501308
"1404","C8orf33",0.327056806418987,0.014282850983188,0,0.00557048548824557,0.0597208323166501
"1405","C8orf37",0,0,0,0,2.57815624263593
"1406","C8orf44",0,0,0,1.61266975654886,0.809632612597983
"1407","C8orf58",0,0,0,0.0135718752950456,9.38659356238247
"1408","C8orf59",0.113511243950958,0.887106120689908,0,0.997243431870223,1.089869998786
"1409","C8orf76",0,2.04514135477588,0,2.60554976592843,2.81388931168384
"1410","C8orf82",0.557462008944435,0.240249192856305,0,0.409113382420323,0.724194867083881
"1411","C8orf88",0,0,0,0,1.63979160552635
"1412","C9orf114",0,1.88066997980162,0,13.6410397612581,3.94336987209918
"1413","C9orf135",0,0,0,0,4.62178523710766
"1414","C9orf139",0,0,0,12.3933574415945,0.0763119878396707
"1415","C9orf142",0.0484569217265702,0.462094300134376,0,1.37416993864446,3.06577537021714
"1416","C9orf16",1.57507208881528,0.849263663423065,1.86966558100372,7.38574372623575,0.762875190998926
"1417","C9orf172",0,1.69763901998876,0,0.0168344754192053,0.33078021080376
"1418","C9orf3",0,0,0,0,6.39165669281892
"1419","C9orf40",0,0,0,0,0.273779542093454
"1420","C9orf47",0,0,0,4.60418885021176,0
"1421","C9orf64",0,0,0,0,2.14475942791529
"1422","C9orf66",0,0,0,0.00347611751296871,0
"1423","C9orf69",0,0.294635316889513,0,1.42147426903585,3.84851588642485
"1424","C9orf72",0.145847332027776,1.93707288055867,0,0.11146016609933,2.6268057051526
"1425","C9orf78",0.068214229059585,0.0398217755055649,0,4.03829198341812,2.36560218681082
"1426","C9orf85",0,1.86165935385184,0,0.151839462825229,0.318885963088194
"1427","C9orf9",0,0,0,0,0.399639909256731
"1428","C9orf91",0,0,0,0.0733777332705804,0.0151904345601361
"1429","CA11",0.392413695748948,0,0,0.0129401527140766,0.360540625307012
"1430","CA13",0,0,0,0,1.11444392055545
"1431","CA2",0,0,0.227988951272802,0.0229535375028202,0.12559375720215
"1432","CA5B",1.86655360472413,0.159479784805696,0,0.194643364549722,0.0192454538636069
"1433","CAAP1",0,1.06042712102433,0,0.00121715299965898,2.70423906078427
"1434","CAB39",1.50701345515022,0.296563318530823,0,0.543522386754535,0.0472844729008977
"1435","CAB39L",0,0,0,0,0.280694931724624
"1436","CABIN1",0.867908561998505,3.98028500584956,0,1.46985011893993,3.25192424096199
"1437","CABLES2",0,0,0,0,0.00156915089973418
"1438","CABP4",0,0,0,0,2.95915122619284
"1439","CACFD1",0,0,0,0.254991654411042,0
"1440","CACNA1C-AS1",0,0,0,0,0.84775934291978
"1441","CACNA1C-AS2",0,0,0,0,0.28462162448348
"1442","CACNA1I",0,0,0,0,0.469721678407803
"1443","CACNA2D2",0,0,0,0,8.94574528892763
"1444","CACNA2D3",0,0,0,0.959542098643808,0
"1445","CACNA2D4",0,0.100653284243389,0,1.50578809081976,0.156481282671016
"1446","CACNB1",0,0,0,0,0.714967385920247
"1447","CACNB3",0,0,0,0,1.88445690990634
"1448","CACTIN",0,0,0,1.76198363068675,1.37860704671961
"1449","CACUL1",0.788772002045826,0.275465935735058,0,7.97542395287505,1.99771937625131
"1450","CACYBP",0.582937611661493,0.0373998152383709,0,0.00304817298823603,1.98403390187551
"1451","CAD",0,0,0,0,0.709760613858058
"1452","CADM1",0,0,0,0,1.21582315082189
"1453","CAHM",0,0,0,1.13745079693021,0.230103122277724
"1454","CALCOCO1",5.67610032512859,0.000342042199642041,0,9.00180760225346,0.0140208845929294
"1455","CALCOCO2",0.0701164469032925,0.351426782163964,0,0.391740636159628,1.86583211155221
"1456","CALCRL",0,0,0,0.17700700282531,0
"1457","CALD1",0,0,0.848361005883579,0,0.121255571011615
"1458","CALHM2",0,0.0153020743407335,0,0.0576342324593108,2.12357980357094
"1459","CALM1",2.17651113957375,0.000620223796260341,0.113304862466016,0.208967699635374,0.701138274652108
"1460","CALM2",0.000769976787310706,0.0628739820913884,30.8105944204615,0.00369424608423122,0.154804316368695
"1461","CALM3",0.245049709399241,0.271410750180772,2.14516774117461,0.0421480900490023,0.259448745397671
"1462","CALML4",0,0,0,0.176564552927977,0
"1463","CALR",0.198941824342008,0.0458500522682666,0.0473478511953865,1.09774600505487,0.0982199756910275
"1464","CALU",0,0.233472304167123,0,2.64455845194846,0.576135003338822
"1465","CAMK1",0,0,0,0.00273414927464753,0.0783834634138642
"1466","CAMK1D",0.402215901816255,0.794796418706533,0,0.950613074461906,0.575581976067675
"1467","CAMK2D",0.31529132593856,0.00208393671521874,0,0.912160564795783,0.152776342011306
"1468","CAMK2G",0,0.282276673403703,0,0.115875772165527,0.158174051614409
"1469","CAMK2N1",0,0,0,0,3.92039177708843
"1470","CAMK4",0,0,0,0,0.288262411624008
"1471","CAMKK1",0,0,0,0.0726291795893987,0.0463994538054193
"1472","CAMKK2",0,0,0,0.277951717189494,0.139794114539912
"1473","CAMKMT",0,0.40982100553424,0,0.444117025507231,0.297163644497863
"1474","CAMLG",0.729279799606317,0.752182324173679,0,6.01712738749238,3.14160822365795
"1475","CAMSAP1",0,0,0,0.0399123251578456,0.351353128384044
"1476","CAMSAP2",0,0,0,0,0.897705807929584
"1477","CAMTA1",0.353718500143909,0.106894870805286,2.10554506856926,0.390868938350065,1.30253815889628
"1478","CAMTA2",0,1.29126753463473,0,0.273764143601523,0.206793068719768
"1479","CAND1",2.11811723178782,1.46826253555835,0,0.947256994323012,2.43947652463036
"1480","CANT1",3.43256349598436,0.0638735293282863,0,0.00110621850263439,0.000392422970198191
"1481","CANX",0.0996840656180933,6.19690566487903,0.0478157053834679,0.0138719434614674,0.0138613339000825
"1482","CAP1",3.62679248937634,0.00818642066119896,0.107446481457684,0.0726073059630018,0.00165485685301568
"1483","CAPG",0.0234864973048129,4.86903758537714,0,0.804455928211812,11.2950670262542
"1484","CAPN1",0.0991522180355615,0.391637079192773,5.37925399483401,4.29967126097252,0.00416916975340373
"1485","CAPN10",0,0.294396938621783,0,0.29004056334118,0.00710708856284212
"1486","CAPN10-AS1",0,0,0,1.82585855007404,3.17564209105631
"1487","CAPN12",3.96835714653898,0.221484038843043,0,0,0.259975307943248
"1488","CAPN15",0,0.00182310581461665,0,1.01775937483488,1.26233538977418
"1489","CAPN2",0.153312008550991,1.776445492114,1.12164603579691,1.94267920845223,0.00636029611965864
"1490","CAPN3",0,0,0,0,1.06356922719992
"1491","CAPN7",3.74609298881071,0.196414852514311,0,0.0116437854901411,0.731817818122334
"1492","CAPNS1",0.317795939302003,0.00058554142283333,0,0.011388943467306,0.0558166537751357
"1493","CAPRIN1",0.0908310018158338,0.674144853795168,0,0.0350847555022255,0.138969823406902
"1494","CAPRIN2",0,3.89730923315716,0,2.07461424999587,0.583924230550169
"1495","CAPS",0,0,0,0.435773192646299,0.626021653606255
"1496","CAPZA1",0.0116953877108445,0.0832582236716677,0.552122604124916,0.208147566765113,2.36078391218282e-06
"1497","CAPZA2",0.516670377043201,0.470713654702406,8.6126627576251,0.425229669306887,0.227313182705562
"1498","CAPZB",0.284415588765913,0.328658677622676,0.0019586790056634,0.753347244597081,0.21871017710123
"1499","CARD11",0.182746295542654,1.20746950816053,0,0,0.32964089177595
"1500","CARD16",1.06511309722403,1.32135582974071,4.33963397413988,2.20562169225204,4.30703111325725
"1501","CARD17",0,0,0,0,2.04028499642925
"1502","CARD19",0.640358019354193,1.13757246572797,8.23634186743355,0.391949102419818,3.26407793198106
"1503","CARD6",0,0,0,0.531722277661157,0
"1504","CARD8",0.0739477946172158,0.045953244200654,0,1.52180937392556,2.47331128262185
"1505","CARD8-AS1",0.756090961037138,0.123198291326736,0,0.126832251334734,0.863926617515505
"1506","CARD9",0,0,0,0.874757850816011,0
"1507","CARF",0,0.592839270851735,0,0,1.16616800428773
"1508","CARHSP1",0.819039262460377,0.000177905450250336,0.0833455168446448,1.26123482320553,0.0672335423798609
"1509","CARKD",0,0,0,0.93733453506276,0.231317488087079
"1510","CARM1",0,0,0,1.35781509557765,0.876100025827673
"1511","CARNMT1",0,1.59370849782673,0,0.656764349991994,0.468817936298946
"1512","CARNS1",0,0,0,0,0.0745911703793612
"1513","CARS",0,0.412278302696109,0,5.12326263367164,8.42037154536299
"1514","CARS2",0.744947314971283,0.545039617587995,0,4.21831956215259,0.798260587431703
"1515","CASC3",1.47056439741634,1.18090881030636,0,0.0636835806035686,0.0495081202848527
"1516","CASC4",0.868395760382995,0.198254038273403,0,0.123627898253852,0.0048914050594272
"1517","CASC8",0,0,0,0.439456876877865,0
"1518","CASD1",0,0.710992484558228,0,0.0723825426933549,0.00178891601020318
"1519","CASK",0,0,0,0.0489664626960082,0.689514099977136
"1520","CASP1",1.00605985297915,0.857164742488224,0,1.13032035160537,0.861698657079164
"1521","CASP10",0.364692014438993,2.13452305310061,0,0.696563877859586,10.1337221755624
"1522","CASP2",0.207682406279352,0.333077465351617,0,0.0394218327044072,0.113206202484822
"1523","CASP3",0.951070692817608,10.3000210211902,9.69385850996077,4.65485848270593,2.44666258868332
"1524","CASP4",0.10049195542591,0.437470732272609,6.76632378283766,1.97531603885588,0.00766272655342497
"1525","CASP5",0,0,0,0.172853112043272,0
"1526","CASP6",0,0,0,0.00384169496432004,0.888132232563145
"1527","CASP7",0,0.0224541928201089,0,2.62552460228007,0.0295491127225599
"1528","CASP8",0.140851873978148,0.335657317891945,0,3.4670328283573,0.164959505579335
"1529","CASP8AP2",0.181521291286466,0.559684923352593,0,1.46627203257237,0.482625462406731
"1530","CASP9",2.04853969534936,0,0,0.0473127306132257,2.22144050759143
"1531","CASS4",0,0,0,0,0.0417524046859747
"1532","CAST",0.284171442994274,0.169615102933803,0,0.000248670661242988,6.05449659386055
"1533","CASZ1",0,0,0,0,1.50094259715389
"1534","CAT",2.95201282745337,0.238542961215178,2.71883677106947,3.36919107506902,0.585524699611476
"1535","CATSPER1",0,0.0510371828970432,0,1.76985666859138,0
"1536","CATSPER2",0,0,0,0,0.0382365708641581
"1537","CATSPERG",0,0,0,0,0.145675189352982
"1538","CAV2",0,0,1.17959426590649,0,0
"1539","CBFA2T2",1.62184632825266,0.338642492448346,0,0.298171922142448,2.36830391255656
"1540","CBFA2T3",0.260547716006305,0,0,0.00160408049601454,0
"1541","CBFB",0.396103056840037,0.240740064740025,0,0.369306202768801,0.349155468435035
"1542","CBL",1.75906997044544,0.0711414383279673,0,1.38391581973707,0.0503661863886978
"1543","CBLB",0.825882705521626,0.225870131774241,0,0.0383537560678767,0.317450698274114
"1544","CBLL1",0.00485332052536301,0.296218263389404,0,2.8076674104266,4.72447661799587
"1545","CBR1",0,0.0800186217655893,0,4.88448966291245,2.87985076846912
"1546","CBR3",0,0,0,0,0.662214287871755
"1547","CBR4",0.0030604255528617,1.87047854919978,0,0.928672279294014,0.0965520881563223
"1548","CBWD1",2.4702215270156,0,0,0.411605561856565,1.84480877544831
"1549","CBWD2",0,0.00983840868788215,0,0.451914004117178,0.454732524679309
"1550","CBWD3",0.221217963729692,0,0,0.00467317339348484,0.00120538949095191
"1551","CBWD5",0.780489044574293,1.57566373066789,0,0.065139055809444,0.405181681205688
"1552","CBWD7",0,0,0,0.0828019421069882,0.693638783046156
"1553","CBX1",0.15647811663835,0.061781659551678,0,3.50787133853511,0.456725233088535
"1554","CBX3",0.0520386632444035,0.401295212894909,2.06235322430036,0.0148171690170442,0.00152094816782603
"1555","CBX4",0,2.22732321846973,0,0.557074274000867,0.527756681815996
"1556","CBX5",0.901514005330952,0.275846740713455,0,9.88095532150447,0.607079021176251
"1557","CBX6",0.0335848254732553,0.750355860213063,0,0.847663684277629,0.0533645548247983
"1558","CBX7",0.774922566060163,0.306300336594024,0,2.14771268639153,1.98644496968585
"1559","CBX8",0,0,0,0,0.000176886147592902
"1560","CBY1",0,0,0,0,1.63021110876798
"1561","CC2D1A",0,3.45821221741581,0,0.280257561846273,2.83457184261648
"1562","CC2D1B",0,0.0269744000002415,0,1.10111230158366,0.103054980027895
"1563","CCAR1",0.0366797360865661,1.94485600073061,0,0.233880384672839,1.49889602751077
"1564","CCAR2",0,9.09579020321522,0,0.628067047642588,3.96101637947078
"1565","CCBL1",0,0,0,0,0.517753232316036
"1566","CCBL2",0,0.563142085454384,0,2.58256894848395,0.447374692995493
"1567","CCDC102A",0,1.10087399839538,0,0,0.614296733377965
"1568","CCDC102B",0,0,0,0,2.42220159714806
"1569","CCDC106",0.0492782635283771,0,0,0,4.00264966583471
"1570","CCDC107",0.919350971499117,1.45595101454556,0,0.65422833355545,2.14896549353013
"1571","CCDC109B",1.77412190324433,3.82227569211663,0,0.0818181677279953,0.0936181152838725
"1572","CCDC112",0.000909031054682881,0,0,0.853422770995071,0.0149825101880924
"1573","CCDC115",2.39210517951163,0.102759028870528,0,5.02573123772741,0.732426341841009
"1574","CCDC117",0,1.60323854298693,0,0.0375645204291077,0.000440703947431176
"1575","CCDC12",0.159194568071055,0.00662210912006139,0,0.732595976712541,0.192576166136749
"1576","CCDC120",0,0,0,0,0.978805468320074
"1577","CCDC122",0,0,0,0,0.584926881174401
"1578","CCDC124",2.41267520716202,2.47934518329995,0,0.367094820442559,0.877843814304128
"1579","CCDC125",0,0,0,0.141229131312284,0.583773030124984
"1580","CCDC126",0,0,0,0.947905443882426,2.20504396685282
"1581","CCDC127",0,0.444249742783253,0,0.192079955493727,1.45763472216457
"1582","CCDC130",1.44820043095683,0.129038276198298,0,1.36870270579852,1.26824900460854
"1583","CCDC136",0,0,0,0,0.765319357537466
"1584","CCDC137",0.00654279926651794,1.04031732169264,0,2.12161931082657,0.000255057674899304
"1585","CCDC138",0,0,0,0,0.465657653287679
"1586","CCDC14",0.363892069148511,0.244713231308587,0,0.607134068511956,1.0366943433269
"1587","CCDC141",0,0,0,0,1.54302442480813
"1588","CCDC142",0,0,0,0,0.0185480328279816
"1589","CCDC144A",0,0,0,4.11921280571309,0.137724215675924
"1590","CCDC146",0,0,0,0,0.454935491455419
"1591","CCDC149",0,0,0,1.69768691683445,0
"1592","CCDC15",0,0,0,0,2.03934452487735
"1593","CCDC151",0,0,0,1.04106355267042,0
"1594","CCDC152",0,0,0,0,0.0185014728947395
"1595","CCDC153",0,0,0,0.693156703958237,0
"1596","CCDC157",0,0,0,0,2.45269529704762
"1597","CCDC159",0,0.161678130793747,0,2.85414564198905,0.796551717160958
"1598","CCDC163P",0,0,0,0,0.0200449113280679
"1599","CCDC167",0.262027709663971,1.62796001546301,0,1.51640878612391,6.30287355646015
"1600","CCDC170",0,0,0,0.0207104345166869,0
"1601","CCDC171",0,0,0,0,1.07300106646457
"1602","CCDC174",1.10967865691749,0.0241196157029977,0,0.0159423500100838,0.956248069258922
"1603","CCDC18",0,0,0,0.231530776848791,0.239771918943738
"1604","CCDC180",0,0,0,0,0.0186981776752036
"1605","CCDC186",0.0481775398961285,0.0184622824465007,0,0.813980464516034,2.46336986859408
"1606","CCDC189",0,0,0,6.30825826982047,0
"1607","CCDC191",0.337109744943889,0,0,0,0.00176341727182628
"1608","CCDC22",0.253147312099298,1.81721020488324,0,0.00423040121575813,0.167093155366313
"1609","CCDC24",0,0,0,0.344562624350549,0
"1610","CCDC25",1.28977539899774,0.00693270767462975,0,1.6486597563158,0.0426047407628563
"1611","CCDC28A",3.16150538715286,1.05131925645025,0,0.299600422162083,3.88061352221603
"1612","CCDC28B",0,0.0588380154561402,0,0.165885795525717,5.2723022393883
"1613","CCDC30",0,0,0,0,0.607694471991987
"1614","CCDC34",0,0,0,0,1.43247458682235
"1615","CCDC43",0,0.000198661605631986,0,0.018673602216315,0.0901930237933312
"1616","CCDC47",1.16419157203325,0.264245644664717,0,0.760905622147381,0.0729307901044836
"1617","CCDC50",0.600067213850373,0.168131986949476,0,0.1265814239587,1.67705501080098
"1618","CCDC51",0,0,0,0,0.333825286546045
"1619","CCDC53",0.809283963962187,2.68838413376871,0,0.708505741152641,4.86457341235903
"1620","CCDC57",3.30684770725369,4.51958376317623,0,1.96482216874744,0.018072354743062
"1621","CCDC58",1.22481303511523,0.698718761327061,0,0.325044193514818,1.66223613455659
"1622","CCDC59",1.08891754169677,0.637964940125311,0,0.59524667642933,3.54959580488403
"1623","CCDC6",4.08121434389023,3.49309377840186,0,1.55136046370411,0.0836069973202433
"1624","CCDC61",0,0,0,0.504295829404637,0.480463563613541
"1625","CCDC64",0,0,0,0,0.34688257165117
"1626","CCDC65",0,0.157450263877183,0,0,0.00610003778692441
"1627","CCDC66",1.89754634403994,0.0068575179761769,0,0.453697189320939,0.211132145330442
"1628","CCDC69",3.31510911667089,2.03612416780738,0,3.51356792900283,0.700125631269685
"1629","CCDC7",0,0,0,0,0.897267790516407
"1630","CCDC71",0,0,0,0.177420021058184,0.00688232176780715
"1631","CCDC71L",0,0,0,0.195626378440789,2.37371085707891
"1632","CCDC77",0,0,0,0.248737095145548,0.950730503119752
"1633","CCDC82",1.17895712207655,1.24274846130861,0,1.60434281085139,0.000327433042468261
"1634","CCDC84",0,5.4837086425741,0,2.00011669427608,6.97149432082336
"1635","CCDC85B",0.328021165312265,0.800626896246229,0.00149225521668901,6.92280115356346,2.7237752013237
"1636","CCDC85C",0,0,0,0.188510095950108,0.0433005228965199
"1637","CCDC86",0,0,0,0.451238090890798,0.733918089448908
"1638","CCDC88A",0,0,0,0.126928580819063,0.878044716847313
"1639","CCDC88B",1.57670916786567,0.183506188544938,0,3.01746973875836,0.0935244746585353
"1640","CCDC88C",2.0574333567012,0.358784909505367,0,0.0933701960177499,0.187096272022823
"1641","CCDC9",0,0,0,0.262829803415136,0.00214683591749168
"1642","CCDC90B",1.73189439628312,0.414098172011176,0,0.774910509340828,1.0428341383822
"1643","CCDC91",0.185766948706425,0.157424944996717,0,0.0011578642882208,0.0147426752677954
"1644","CCDC92",0,4.27354901062463e-06,0,1.25555609357909,0.450618132269356
"1645","CCDC93",2.62135145284921,4.90825928662706,0,0.341597684458045,3.39893727060212
"1646","CCDC94",0.296599001292868,0.940822554842438,0,0.313986588843646,0.757777144574275
"1647","CCDC97",0.612814761717714,0.103818726891002,0,4.14234768449871,0.83011941085456
"1648","CCHCR1",0,0,0,0.797943529390867,0.108694868531167
"1649","CCL2",0,0,0,0.0140443143700658,0
"1650","CCL20",0,0,0,0,3.31647562900941
"1651","CCL28",0.326286180115182,0.381177189316923,0,0,1.02749674859084
"1652","CCL3",0,1.68742080601536,0,0.00272653733383306,0.088101558850799
"1653","CCL3L3",0,0,0,3.58020261750833,0.353887665327444
"1654","CCL4",0.442344130332279,2.63948223189498,0,1.83336553657163,3.60799618619811
"1655","CCL4L2",0,7.33401910734557,0,0.709857502008831,20.4096525979913
"1656","CCL5",0.00953293338538455,0.845816650302201,1.73363259388831,0.170510966017692,0.0795101806867274
"1657","CCM2",8.87910987142076,0.445901619886476,0,7.01890267735048,4.5477607154617
"1658","CCNB1",0,0,0,0,6.74053239985229
"1659","CCNB1IP1",1.85223752269218,1.75030978804251,0,12.8315614877638,1.32946661450504
"1660","CCNC",0.0560956243815759,0.578787703183788,0,1.03939929657359,0.60747226332568
"1661","CCND2",0,0.0680569208002258,0,2.60140069361502,0.210910124934788
"1662","CCND3",2.94406246138434,5.28843289545908,0.0527019917385759,9.48560689633112,2.82939855248939
"1663","CCNDBP1",0.273105072595087,1.18863476227738,0.295797699078338,0.382159559884164,0.622404743356827
"1664","CCNE1",0,0,0,0,1.71956275279996
"1665","CCNG1",0.00038038691148068,2.59807841558364,11.7124818122569,5.20392653110055,2.79352016397518
"1666","CCNG2",0.327344102903227,0.308401103057183,0,6.25211246008926,0.0493876413838392
"1667","CCNH",4.05069231430379,2.52569436336912,0,8.36722004589981,0.0570234204636191
"1668","CCNI",0.00335123990092243,0.784205807114117,0.933613007853663,14.3601116673878,2.12556242024951
"1669","CCNI2",0,0,0,0,0.180585793577989
"1670","CCNJ",0,0,0,0.189961615937732,1.18116345996298
"1671","CCNJL",0,0.112681173009625,0,0,0
"1672","CCNK",0.726104517455283,0.609302506927711,0,0.653471659851505,1.73868972377847
"1673","CCNL1",6.0469468773329,0.957693082251021,0,7.64094906687755,0.121300859385179
"1674","CCNL2",0.182581311798086,0.231570640446464,0,0.303558007412794,0.0288358633372194
"1675","CCNT1",0.349992536435293,0.506384663978076,0,0.552073556919879,2.79604486150002
"1676","CCNT2",0.829220522800959,0.254304191524014,0,0.215710706722712,1.85873621518217
"1677","CCNT2-AS1",0,0,0,0,0.102402020210809
"1678","CCNY",0,0.274344076085526,0,2.02276298511367,0.657332604107891
"1679","CCNYL1",0,0,0,0.174942417611107,7.88606365436515
"1680","CCP110",0,0,0,1.70846573980536,0.904675436165091
"1681","CCPG1",0.226636219393427,0.0566517583607392,0.129479364819351,7.03814792513863,0.609772977183764
"1682","CCR1",0,0,0,0.000102374256225889,0
"1683","CCR10",0,0,0,0,0.118995395468818
"1684","CCR2",0,0,0,6.74633456644294,3.12630817075256
"1685","CCR4",0,0,0,0,6.13923007323572
"1686","CCR5",0,0,0,0,3.87402330060917
"1687","CCR6",0,0,0,0,5.41465691121969
"1688","CCR7",1.39368327721238,0,0,0,0.228694520289705
"1689","CCRL2",0,0,0,0.0550258965826355,0.0452416827290037
"1690","CCS",0.58954598680996,4.61851883558495,4.30579747362525,1.78147516662826,3.87918476208479
"1691","CCSAP",0,0,0,10.8639215096745,9.85435667044875
"1692","CCSER1",0.997020173016582,0,0,0,0
"1693","CCSER2",9.44779051557881e-05,1.87066281740063,0,2.3378536634303,3.40446071198412
"1694","CCT2",1.45667509895987,0.430116113745981,0,0.0926140470217209,0.0535403530277563
"1695","CCT3",0.0929048619243421,0.050509005205146,0,0.0800339634770623,0.162778361926047
"1696","CCT4",0.582151397866876,2.08775931049948,0,0.536400677498409,0.054642964075678
"1697","CCT5",1.35813954398432,1.32725255325157,0,1.05018813111294,5.04918609993299
"1698","CCT6A",0.0531248982068327,0.720100914212091,0,4.24264159456075,0.121790599623148
"1699","CCT6B",0,0,0,0,1.95838240779815
"1700","CCT7",0.0208396828501627,0.0115043506031127,0,0.211347381392245,0.202404172453994
"1701","CCT8",0.0670851721798957,0.0665176076328723,0,0.503570984386565,3.56445883071005
"1702","CCZ1",1.76131294029338e-08,0.298927027269827,0,0.256045828216528,0.0211214321119411
"1703","CCZ1B",0,0,0,0.0404464687075239,0.0095281741732605
"1704","CD101",0,0,0,1.71417249705404,0.180801449433972
"1705","CD14",0,0,0,2.3919501574558,1.14954285817488
"1706","CD151",0.165280977312471,4.43810012454848,1.78982604832469,0.342466406052994,0.326902878914155
"1707","CD160",0,0.946997787091172,0,0,0.342862066514326
"1708","CD163",0,0,0,11.0889624459941,0
"1709","CD164",3.54934474787559,0.0392879276220249,0.0254380207116301,3.07267497668298,0.112814792354679
"1710","CD180",3.17168545529384,0,0,0.0209435666602944,0
"1711","CD19",4.22559116143907,0,0,0,0
"1712","CD1C",1.15899413981884,0,0,1.22928902951771,0
"1713","CD1D",0,0,0,0.152818293177652,0
"1714","CD2",0,2.34540238481579,0,0,0.546879495873161
"1715","CD200",1.89680074137309,0,0,0,2.20086819149915
"1716","CD200R1",0,0,0,0,1.01549881018697
"1717","CD22",0.0269280590915747,0,0,0,0
"1718","CD226",0,0.487383965060993,0.349818099041916,0,0.00104291022286767
"1719","CD24",0.464658125677994,0,0,0,0
"1720","CD244",0,0.388640320130718,0,2.70290991979767,2.77053877911171
"1721","CD247",0,3.39016558372334,0,0,0.166709777537945
"1722","CD248",0,0,0,0,6.12916987698742
"1723","CD27",0,3.49715384866283,0,0,6.59875975015744
"1724","CD274",0,0,0,0,0.00518309738685227
"1725","CD28",0,0,0,0,1.85984359419715
"1726","CD2AP",3.15530510287576,2.61861782993781,0,3.42588808469258,0.275165991748047
"1727","CD2BP2",1.4666947034353,0.664436058872022,0,0.233744105082218,0.00050209888883754
"1728","CD300A",0,0.016199709936533,0,2.08917590544764,0.741929989578783
"1729","CD300C",0,0,0,0.563182948406118,0
"1730","CD300E",0,0,0,0.0602420035799613,0.368873835314652
"1731","CD300LB",0,0,0,5.19846027171841,0
"1732","CD300LF",0,0,0,3.44514303728059,0
"1733","CD302",0,0,0,0.0478412118305772,0.340740245543052
"1734","CD320",1.5559744398219,2.57339293636392,0,0,0.307070892595573
"1735","CD33",0,0,0,3.5628415786253,0
"1736","CD36",0,0,25.8494133616213,3.00076297816641,0.126257340616018
"1737","CD37",0.0167082424969904,0.310753730751297,0,2.97046680251456,1.72551520372548
"1738","CD38",0.922921090746937,0.268025525827625,0,0.0176399709732612,2.53814444601744
"1739","CD3D",0.218367962023322,0.299007636766155,0,0,0.275458503264667
"1740","CD3E",0,0.970133382457704,0,0,0.197371853177148
"1741","CD3EAP",0,0,0,0,1.17536461748587
"1742","CD3G",0,0.733274094228375,0,0,0.336783707086283
"1743","CD4",0,0,0,0.250604398491082,0.621009125021
"1744","CD40",9.93811470786427,0,0,1.51166232111566,0.580525169414025
"1745","CD40LG",0,0,0.665457456450332,0,0.397538766880165
"1746","CD44",1.65224649363869,0.359278821597623,0,2.76705855122912,4.13479033308953
"1747","CD46",0.338215127546019,0.148011963817682,1.19475020713123,0.494657602293528,0.259497680777579
"1748","CD47",1.57836505398672,0.132335479947877,0.0148684739272195,0.161570966941765,0.10075254809554
"1749","CD48",0.258051457872017,2.10317426477479,0,0.662529377547695,4.18379456297157
"1750","CD5",0,0.0473666987797888,0,0,11.8171541007534
"1751","CD52",0.755999000836725,1.46136723670467,0,0.000307542153894305,0.00688064479428696
"1752","CD53",0.409941334715305,4.97617787368887,0,1.25180818052312,5.96631002901407
"1753","CD55",2.85923093451521,0.0811755829685532,0.0032637664044441,0.0211244566819874,0.00759783471388147
"1754","CD58",0,0.0234066938222924,0,0.295826296058049,0.270361772736923
"1755","CD59",0,0,0,0,0.697055617663948
"1756","CD6",0,0.0415398016287439,0,0,6.05077912066241
"1757","CD63",4.30712958359899,0.014450517072285,1.21281874646048,0.350926008178634,0.0784335116206359
"1758","CD68",3.13106727964218,0.174413270787846,0.384910371162918,0.203526819281408,0.000435124190469525
"1759","CD69",3.34119373114151,1.34068251718717,0.5339479997596,0.170411138015098,1.52764622791955
"1760","CD7",0,0.396028340681928,0,6.8389071591319,1.45369787609682
"1761","CD70",0,0,0,0,0.365803033096633
"1762","CD72",0.496675642822674,0.171467946899833,0,0,0.460203811960755
"1763","CD74",0.000909323664900052,0.190561998607765,0.135715156818518,6.99456651026358,0.542461036249079
"1764","CD79A",0.337944211197666,0,0,0,30.0242355402757
"1765","CD79B",1.28124566148495,0.0779543962344647,0,5.06669478904533,2.33501248352403
"1766","CD81",0.391309623669209,6.82196922852549,0,0.38109115681314,0.229611723094871
"1767","CD82",0.0371801708136964,0,0,1.36672316065508,2.3650016140236
"1768","CD83",5.17818989999385,0.163664855336568,0,1.90057755957083,5.89334812582441
"1769","CD84",0,0,0,0.676644317909129,1.73298757649208
"1770","CD86",0.0038884783731977,0,0,7.67715244026036,0.498413280652826
"1771","CD8A",0,1.21991745817976,0,0,0.00108815754175425
"1772","CD8B",0,0.211208366555065,0,0,6.9706610523954
"1773","CD9",0.948852027724359,0,0.0120632140179357,0.169865102974558,1.99696685044834
"1774","CD93",0,0,0,0.00873632329392164,0
"1775","CD96",3.47925008718011,0.000119273938305462,0,0,1.34222799869985
"1776","CD99",3.26875103772929,0.0843416790280559,5.05179028617404,14.6736686700462,2.09785853549994
"1777","CD99L2",0,0,0,0.0439752958665814,0.000555591851906304
"1778","CDA",0,0,0,0.612443016885221,3.25135347209544
"1779","CDADC1",0,2.15327868544995,0,0.721700308812449,2.09459404501318
"1780","CDAN1",0,0,0,0.129927623657011,0.0118979475244299
"1781","CDC123",2.3018132146616,0.773298478227747,0,0.233530503055196,0.164578987709586
"1782","CDC14A",0,0.013265263471281,0,0.0446768041275228,0.30482171388844
"1783","CDC14B",0,0,0,0,0.577369297130515
"1784","CDC16",0.893832690556689,0.0177602389379193,0,8.19165458547308e-05,2.55517505612249
"1785","CDC23",0,0,0,0.720170428105592,0.0519580680498709
"1786","CDC25B",0.0108137985482651,4.36773350925182,0,0.958371606094602,0.0412329537019283
"1787","CDC26",2.72629241082558,4.6539999625797,0,0.0339117177290554,3.8578495227785
"1788","CDC27",0.267965013433652,0.88870765584521,0,2.64775042941077,1.1105174006251
"1789","CDC34",0,7.79722198934985,0,0.192237474021557,0.040450775746501
"1790","CDC37",0.39987897925331,0.0128204233871629,0.568701780792367,0.936018578647209,0.499184429958032
"1791","CDC37L1",1.28948992860442,4.97331492602988,0,5.22725365830015,5.74661640305016
"1792","CDC37L1-AS1",0,0,0,0,0.197908260834944
"1793","CDC40",3.66513502008181,0.213936561941715,0,0.354547537276827,1.00466103664289
"1794","CDC42",0.146000720561856,0.0387161423263269,1.66928241150202,0.00491265304903535,0.001553265675832
"1795","CDC42BPB",0,0,0,3.11348805699097e-05,0.18044549699066
"1796","CDC42EP1",0,0,0,0.00521422177233456,0
"1797","CDC42EP2",0,0,0,2.35298375930977,0
"1798","CDC42EP3",0.622837942851283,0.0792665756329967,0,0.0181404700645357,0.0611794679887717
"1799","CDC42EP4",0,0,0,1.19479754660584,0
"1800","CDC42SE1",1.75290096630144e-05,0.0433289372500081,1.23490448812824,0.000126977966288101,0.0775285855402789
"1801","CDC42SE2",0.149685311123466,0.497308506000325,3.73114620526605,3.88885683448057,1.44679609553551
"1802","CDC5L",0.629248559261913,0.967935302710399,0,0.0178994980743693,0.0518673619392918
"1803","CDC7",0,0,0,0,0.132228253705796
"1804","CDC73",0.0539280482343535,0.892452339192859,0,0.564727643396376,0.200167364384513
"1805","CDCA4",0,0.0108697344691084,0,1.13025228556828,0.0730965665116575
"1806","CDCA7",0,0,0,0,5.13514820530805
"1807","CDCA7L",6.65246149804806,0,0,0,3.80488428259536
"1808","CDH23",0,0,0,0.0963632571858332,0.259405976386715
"1809","CDHR3",0,0,0,0,0.00249216571824329
"1810","CDIP1",0.498575721308703,7.6381062337439e-05,0.00508543194675909,15.2033669493804,0.00517374410167866
"1811","CDIPT",1.29579733401611,0.181992304881223,0,0.364579555596752,0.0240523851626918
"1812","CDK10",0.228455243967662,4.62297387110621,0,9.63615380979404,1.09796551655131
"1813","CDK11A",3.67489611864054,0.122183765703883,0,2.74684058228678,1.81247382688759
"1814","CDK11B",0.982877155358566,0.831919523698635,0,0.681811035481105,0.225304778875636
"1815","CDK12",0.126105144376675,0.0146479962450766,0,1.66666972893173,2.50044459276754
"1816","CDK13",2.14410794852621,0.00266868234352062,0,0.0306557379374266,0.817849658360942
"1817","CDK14",0.555900837036067,0,0,1.04528613281844,0
"1818","CDK16",0.139375329150636,1.01408961841562,0,0.136973495288976,2.50251346613696
"1819","CDK17",2.46567623128592,0.210129361387298,0,3.5030724372021,0.930342432290723
"1820","CDK19",0.0705545499801487,0.00485411024442274,0,4.41829254513716,1.27265367015463
"1821","CDK2",0,0,0,0,0.32947716471266
"1822","CDK20",0,0,0,0,3.7126348229352
"1823","CDK2AP1",0,0,6.00655676370264,1.73276339896973,2.86472923942674
"1824","CDK2AP2",2.20359172548745,0.603466498156862,4.87182276416941,0.543077461292978,0.55833513355066
"1825","CDK4",7.3887536831794,0.0818935346248029,0,0.663295598339294,2.73821354953584
"1826","CDK5",0,0.72636383611145,0,2.76714261416719,5.09651019424578
"1827","CDK5R1",0,0,0,0,3.02975868923345
"1828","CDK5RAP1",0.090938591447636,1.16973567888596,0,0.277274736649574,2.9183216690179
"1829","CDK5RAP2",0,0.177862067372457,0,0.0617117216274208,0.115672684839518
"1830","CDK5RAP3",0.437987742973991,0.247449759133007,0,6.66045363315852,0.00679605390951531
"1831","CDK6",0,0.00691127860978651,0,0.000198142669499168,1.49028588138321
"1832","CDK7",0,2.8454325536183,0,2.59497211616369,6.05600005366401
"1833","CDK8",0,0.0626989653394223,0,0.624519472698457,0.199316366142445
"1834","CDK9",0.212217677685423,3.5349366368097,0,4.05049510983332,4.85062142658474
"1835","CDKAL1",0,0.79054883077912,0,0.0022034697752903,0.22361755654434
"1836","CDKL1",0,0,0,0,1.17072722934447
"1837","CDKL3",0,0,0,0,0.508514138869069
"1838","CDKL5",0,0,0,0,3.35052425520167
"1839","CDKN1A",1.78875181303802,0.383500395987832,4.62166405662165,3.00264585531793,5.92101399201568
"1840","CDKN1B",0.467073508723695,3.08699047572848,0,4.30748406754875,2.7355499063871
"1841","CDKN1C",0,0,0,18.4602720625411,0
"1842","CDKN2A",0,0.170851782438602,0,0,0.199104325241288
"1843","CDKN2AIP",3.60086121983079,1.06141345607532,0,4.19473771383215,3.85728806802331
"1844","CDKN2AIPNL",1.25109167474665,2.65342993333226,0,0.000966486185569489,0.76569304621404
"1845","CDKN2C",0,1.58476007097855,0,0.438925355512262,3.06593120532854
"1846","CDKN2D",1.80235487917308,4.77912474449836,2.11135733670515,0.244646316189593,3.35620373613532
"1847","CDKN3",0,0,0,0,0.516142125539556
"1848","CDNF",0,0,0,0,0.0249611144689305
"1849","CDPF1",0,1.30027474599946,0,0.00304485185348383,6.15695899779445
"1850","CDR2",0,0,0,0.0125960612546762,2.51639480176856
"1851","CDS2",1.06663050177023,0.099957449135383,0,0.907211332973338,4.58440442021658
"1852","CDV3",0.0412499789434077,1.49975693928496,0,5.07499173610321,1.45407366489687
"1853","CDYL",0,0.00283523969552805,0,0.178985282241257,0.228726200177114
"1854","CDYL2",0,0,0,2.3404325918091,0.0390380069298062
"1855","CEACAM1",0,0,0,0,0.0203468244814581
"1856","CEACAM21",0,0.169753735061085,0,0,0.387628762985178
"1857","CEACAM3",0,0,0,12.0586107752606,0
"1858","CEACAM4",0,0,0,30.2538908005813,0
"1859","CEBPA",0,0,0,2.71873814698403,0.649854534667853
"1860","CEBPB",0.050199527561657,4.75014838393456,0,0.286882730014272,2.76367923551346
"1861","CEBPD",0,0.428079229123713,0,2.71437928310807,0.143339834855947
"1862","CEBPG",1.03529769702574,5.13065544297663,0,6.01577383269562,5.24971977383996
"1863","CEBPZ",0.0218686824189186,2.9227976487669,0,0.067896036212596,2.0638483559047
"1864","CEBPZOS",2.96322159567906,0.373570607203939,0,0.00243891755465906,0.130362640564281
"1865","CECR1",4.83827193029108,1.62699813702379,0,1.37118179158288,1.49388989293841
"1866","CECR5",0.434459701814584,0.532217505842168,0,2.7164720023692,2.08631240179896
"1867","CELA1",0,0,0,1.54899240165381,4.51683593564584
"1868","CELF1",2.95607860844828,0.284257579318236,0,0.0560791713209804,1.1575235005054
"1869","CELF2",0.022656656451224,0.0758980349015654,2.24768679823989,2.82183280390345,0.385490128968365
"1870","CENPB",0,0,0,0.575825526233368,3.38355591427796
"1871","CENPBD1",0,0,0,0,1.91911705306635
"1872","CENPC",0.993251230061857,0.148524703776622,0,0.707841284853849,1.03133148179704
"1873","CENPE",0,0,0,0,1.28015976556006
"1874","CENPF",0,0,0,0,0.691688471570925
"1875","CENPH",0.041133788501562,0,0,5.84749884809498,1.34555039042899
"1876","CENPJ",0,0,0,0,0.127199025365298
"1877","CENPK",0,0,0,0,8.21316669481017
"1878","CENPL",0,0,0,0,0.525099424611808
"1879","CENPM",0.0713432916972435,0,0,0,0.133514734011815
"1880","CENPN",0,0.468961194326949,0,0.340401136186394,0.730436391247566
"1881","CENPO",0,0,0,0,0.196654175291728
"1882","CENPP",0,0,0,0,2.25680657531979
"1883","CENPQ",0,0,0,1.43984163072785,4.16396671934338
"1884","CENPT",0.44811853826476,0.597130355976558,0,6.79407141961695,0.0456679527854392
"1885","CENPU",0,0,0,0.0713577609160331,0.506684444891665
"1886","CENPV",1.35050100750973,0.203663570929566,0,0,1.25677676632483
"1887","CENPW",0,0,0,0.106211913282721,4.26671742359882
"1888","CEP104",0.00743886838696564,0.274867292584592,0,0.139106143591988,0.336033041824746
"1889","CEP120",0.661578248695257,0.20581986848998,0,0.309147952953279,1.52796960568898
"1890","CEP126",0,0.0393043693516628,0,0,0.00201054179154926
"1891","CEP128",0,0,0,0,1.30424014091775
"1892","CEP131",0,0,0,0.0417662099186063,0.235099873992225
"1893","CEP135",1.77426425411523,0.298406790118844,0,0.308479475734392,0.293174980432723
"1894","CEP152",0,0,0,0.0200796185436168,0.489794017941619
"1895","CEP162",0,0,0,3.43400844994037,1.66372051335375
"1896","CEP164",0,0.0628492245048681,0,0.00838101828935792,0.354369750393897
"1897","CEP170",0.228768830499766,0,0,1.01098344532292,0.00464096715553325
"1898","CEP19",0,0,0,0,0.924241418101283
"1899","CEP192",0,0.0417291678140893,0,0.00464731873580908,0.0449952575886577
"1900","CEP250",0,0.526838416994664,0,0.29595218141079,2.91864078170496
"1901","CEP290",2.52471583705386,2.21329221168647,0,2.30338781077865,2.64561443073024
"1902","CEP295",0,0,0,0.092535105567316,0.731405239133346
"1903","CEP350",1.72396058926779,0.02893880080923,0,0.00942870920614012,0.0104589795421619
"1904","CEP41",0,0,0,0,11.2994409650754
"1905","CEP44",0,0,0,0.162907888518824,0.1610877144522
"1906","CEP57",0.0726259337358012,0.917270517237198,0,2.87263892782357,1.49903197577838
"1907","CEP57L1",0,0,0,0,3.68350916566562
"1908","CEP63",0.377675170374036,1.66304840374125,0,0.478527718317446,0.88803760337159
"1909","CEP68",0.229535902573797,0,0,12.7124449829421,5.63233358423756
"1910","CEP70",0,0,0,0,2.1696881061055
"1911","CEP72",0,0,0,0,0.198776503402356
"1912","CEP76",0,0,0,0,2.70658313311356
"1913","CEP78",0,2.81306165574668,0,1.37588004092555,0.279341116048155
"1914","CEP83",0,0,0,0,2.1324667849711
"1915","CEP85",0,0,0,0.498261612382772,0.465028498138522
"1916","CEP85L",0.450021957779477,3.59244657141867,0,0.633886656726218,2.49912579888963
"1917","CEP89",0,0,0,0.607609362255589,2.93575722182306
"1918","CEP95",0.456600710234679,1.85973622480148,0,1.78823792426026,1.75953792116043
"1919","CEP97",0,0,0,0,0.00162193657082489
"1920","CEPT1",2.16534317685313,0,0,0.938507457705541,2.4143911659883
"1921","CERCAM",0,0.469029589124872,0,0,0.280477268449295
"1922","CERK",0,1.07071977890895,0,23.3360785174622,5.55684191758944
"1923","CERS2",0.255664559520384,1.53235244728398,0.0556109505920936,0.0243774583805925,0.0648719410281368
"1924","CERS4",0.016933234484314,0.222772378113164,0,1.24318752244749,0.352942308513597
"1925","CERS5",0.142974420300613,0.24752215144251,0,0.429316632918357,0.104104765386847
"1926","CERS6",0,0,0,5.41336096640311,5.30741035042601
"1927","CES1",0,0.113242357555966,0,23.4432218899535,0.00517321785040809
"1928","CES2",2.36547402556831,0.42239166548775,0,0.10393003607411,3.13732607138461
"1929","CES4A",0,0,0,0.358016361854419,0.26381187547444
"1930","CETN2",0,0.097623809068685,0,0.0300898147261959,0.305421760241715
"1931","CETN3",0,0,0,0,4.6426012233279
"1932","CETP",0,0,0.0959257249464845,0.013186165710752,0
"1933","CFAP20",7.58071002052187,0.108569628394658,0,0.00365064194105834,0.163940503848666
"1934","CFAP36",0,1.15085242871123,0,2.34652973794105,2.28051907620019
"1935","CFAP44",0,0,0,0,4.16112485815833
"1936","CFAP97",0.434158766562503,0.149453808256588,0,3.53654865099465,0.250358998800577
"1937","CFD",0,0,0,1.44551667346061,6.9453958286706
"1938","CFDP1",0.597927806427091,2.49267666681343,0,3.92749079668228,2.29695186628379
"1939","CFH",0,0,0,0,0.6401614567387
"1940","CFL1",0.0818816181134142,0.0240543876127733,2.31019116532939,0.0142015541025362,0.295106733547301
"1941","CFL2",0,0.00854271138865789,0,0.00014658535884551,1.09326335962591
"1942","CFLAR",2.6520968117754,7.19710445653576,0.540714555675869,5.94042550686852,0.571160712697601
"1943","CFP",0,0,0,0.685344388705357,0.0433527652256461
"1944","CGGBP1",0.00664615797641747,1.69585011985409,0,0.0592908452514482,1.20161761612267
"1945","CGRRF1",0.882064067814642,0.594040004664989,0,3.79682638173347,9.00348834057608
"1946","CH17-189H20.1",0.642147335723224,0.11467938552503,0,0.000678502442057504,0.00252851474625729
"1947","CH17-264L24.1",0,0,0,0,0.0875077148595335
"1948","CH17-340M24.3",0,2.67548596137545,0,4.73224504732395,2.36981778148804
"1949","CH17-373J23.1",0,0,0,0.0301608015976668,0.443406677047343
"1950","CH507-42P11.8",0,0,0,6.43017840545575,0.725854306103961
"1951","CH507-9B2.3",0,0,0,0,0.704085457384784
"1952","CH507-9B2.5",0,0,0,0,0.134305807165796
"1953","CH507-9B2.9",0,0,0,0,0.0707160379410817
"1954","CHAC2",0,0,0,0,0.198472537798532
"1955","CHAF1A",0,0,0,1.6396320730172,0.0904609069302525
"1956","CHAF1B",0,0,0,0,3.54053631698925
"1957","CHAMP1",4.01353224466612,3.63132234372656,0,0.503415890288285,0.736126109154671
"1958","CHCHD1",0.161213316997578,0.000144340445830787,0,1.95066361789795,3.75295624948774
"1959","CHCHD10",0.155354155152734,15.129398550046,0,5.37745344351815,0.420237969708548
"1960","CHCHD2",0.0142543770077912,0.00186203169018609,0.0265089380004928,1.84232582483962,0.435249461664994
"1961","CHCHD3",3.48991739291485,0.0865409690968186,0,1.80483525747457,0.00428475088873678
"1962","CHCHD4",0,0,0,0.0462628201723357,4.75989777995131
"1963","CHCHD5",1.78643843737436,0.701417475065493,0,0.0473789372900032,3.83495031779405
"1964","CHCHD6",0,0,0,0,0.037846853236485
"1965","CHCHD7",0.719482731075429,4.2162313312389,0,2.5703403257448,0.207298577658714
"1966","CHD1",0.523745418576259,5.88748248928952,0,3.62094032866162,2.9569550753281
"1967","CHD1L",0.110022477666593,0.0805193067938069,0,0.310538004167277,4.82978525694835
"1968","CHD2",0.000917806011883752,0.306149123320072,0,0.225582901076738,0.233549714930811
"1969","CHD3",1.82202421106916,0.067953768014501,0,1.43253320088561,0.639128468150367
"1970","CHD4",0.434870125464862,0.436207641739094,0,0.0323441259348695,1.92561677628457
"1971","CHD6",0.0829092995085799,0.396823721127091,0,1.4124219826407,1.56514913618939
"1972","CHD7",9.43005643617913,0,0,5.19983550334599,2.02504039192605
"1973","CHD8",2.72020395960432,0.833881498627602,0,0.0366984183152397,0.974732102226367
"1974","CHD9",0.770733247111324,0.209512457857898,0,1.99124448460113,1.34323560052638
"1975","CHEK1",0,0,0,0,0.0136415652282037
"1976","CHEK2",0,0,0,0.123948985604058,2.98163329479808
"1977","CHERP",1.00109643602602,0.140318582756585,0,0.203244674012981,7.10579629805798
"1978","CHFR",0.000619662904380782,0.0182715426392612,0,3.01150386312973,0.24166922527916
"1979","CHI3L2",0.23924280369978,0.66947294538784,0,0,2.38381730399656
"1980","CHIC1",0,0,0,0,0.14283859905734
"1981","CHIC2",0.0181152514113333,0.564839593148383,0,0.0103326965067208,0.107867272606519
"1982","CHID1",0.00451375924036198,1.60637187362804,0,0.234506655014947,0.973510509617227
"1983","CHKA",0,0,0,0.00724062110234539,0.0647187781019299
"1984","CHKB",0.0720498862106607,0.489840526690475,0,0.00238520459633349,0.271243195283235
"1985","CHKB-AS1",0,0,0,0,2.59033182607459
"1986","CHM",0.0433972638160731,1.48864588099341,0,0.212035011441113,1.52841984802921
"1987","CHML",0,0,0,3.99308580528417e-05,6.74615902696592
"1988","CHMP1A",0.206800231885839,0.818702035430394,0,1.55813236177251,0.0824659332114769
"1989","CHMP1B",0.310562616826829,0.0244944912955003,0,0.000798442540264769,0.068331003323553
"1990","CHMP2A",0.978754121369984,0.00202937488785139,4.05253201977123,1.71115497845517,0.231698189846452
"1991","CHMP2B",0.00609346397122549,0.609577540977261,0,2.2801038779625,1.95683390502859
"1992","CHMP3",0.0108048197251597,0.00479579452624696,2.73955020350484,0.00658011422209747,1.0487203344497
"1993","CHMP4A",0.100137927881149,0.0139924805147931,0,0.183687110803552,0.00835114741396402
"1994","CHMP4B",0.125138523546068,1.3621544864935,0,0.494128580477389,1.94190739896492
"1995","CHMP5",0.0147867491922819,0.596248871399256,1.58992457529568,0.895124903622278,3.66287701721978
"1996","CHMP6",0.421752278987387,2.32947128512844,0,0.0554982917372921,1.07045938863096
"1997","CHMP7",6.95709988188088,0.744372290948237,0,0.49739630741803,0.41455535000845
"1998","CHN1",0,0,0,0,9.33663842271577
"1999","CHN2",0,0.109750147386296,0,0.0190837370344306,1.21371082751972
"2000","CHORDC1",3.09962377724143,0.578765688966836,0,1.18157382009118,0.662502682610331
"2001","CHP1",0.707564409124098,0.19703343034824,0.00820210662379234,0.00437712978520712,0.0347740515321795
"2002","CHPF",0,0.333840722511314,0,0,4.20507860144951
"2003","CHPF2",0,0.334957742750282,0,1.41724758249408,0.0746750114604167
"2004","CHPT1",0.0383922464486591,0.00615315149211427,0,0.040487574322826,0.140547967671984
"2005","CHRAC1",0.00376515958270552,2.09213900759036,0,1.71519087529278,1.21872158524352
"2006","CHRFAM7A",0,0,0,0.403797721718925,0
"2007","CHRM3-AS2",0,0,0,0,0.418026763836876
"2008","CHRNB1",0,0.859000372188586,0,0.332449007866369,5.53071020232911
"2009","CHRNE",0,0,0,0.232346389986717,1.28638391346003
"2010","CHST10",0,0,0,0,0.0273743080125549
"2011","CHST11",0.608848727946113,0.4524392811721,0,0.0607101206869092,0.0560516835404597
"2012","CHST12",3.7546239409418,0.614606165399617,0,0.605287079673167,0.0107702045253338
"2013","CHST13",0,0,0.205993915024622,0.0205316201060754,0
"2014","CHST14",0,4.29005219750198,0,2.63829599368083,0.00014576738959679
"2015","CHST15",0,0,0,6.04012173996963e-06,0
"2016","CHST2",0.00250436467619036,1.07096750982396,0,4.50533609248551,3.43508408352065
"2017","CHST7",0,0,0,1.23098514663743,2.51521148982726
"2018","CHSY1",0,0,0,0.1023779577749,3.12188831403981
"2019","CHTF18",0,0,0,0,2.17048500339722
"2020","CHTF8",2.83265440420467,4.36757571055257,0,0.474020672744704,1.17190889827428
"2021","CHTOP",0.433860418382783,0.0830630821021134,0,0.137023779269456,1.28991119554118
"2022","CHUK",0,0.0810579239299707,0,1.91900451271963,0.380875532147998
"2023","CHURC1",0.00666859499420384,1.11015014317021,0,0.0136466663351032,1.11733277828714
"2024","CIAO1",0.2352054826667,2.75888731532763,0,0.00244628117494026,1.35909418958742
"2025","CIAPIN1",0,1.18632420123055,0,2.9162227239735,2.60671494494442
"2026","CIB1",5.85159196441911,1.13387031215665,0,3.40094423644174,2.180586634739
"2027","CIC",0,0.27820201592371,0,8.94329410160787,0.21677945088333
"2028","CIDEB",0,1.73015500105299,0,0.60493043427174,0.0129212285250521
"2029","CIITA",0.0703936412904276,0,0,0.31805992363642,11.7565329765733
"2030","CINP",0.00666191707963837,0.0478567895690083,0,0.0943801513059935,0.751571730430617
"2031","CIPC",0,0,0,0.287093943395064,0.384298696105102
"2032","CIR1",0.0333012240220194,1.54446587626121,0,2.23274782534872,1.95341693042071
"2033","CIRBP",0.133525740640438,0.671982729349849,6.51436746399211,9.93096175997171,4.94629121333346
"2034","CISD1",0.827827384348173,2.09059482749874,0,2.2576218882781,9.66442104115938
"2035","CISD2",0.0731289167815881,0.0811715860137259,0,0.265470718601837,0.551672589666259
"2036","CISD3",0.765038448359485,1.80874492962261,0,0.365590502260802,2.35167851541441
"2037","CISH",0,0,0,3.38761939690793,17.5276607407348
"2038","CITED2",1.32379184506079,2.31353476028875,0,0.0822326818763547,0.632582322528958
"2039","CITED4",0,0,0,3.64760580413585,0.656642996955182
"2040","CIZ1",1.30116328380882,0.51429020936901,0,0.0426509285177505,0.209255096092558
"2041","CKAP2",2.86084430991525,0.00561605672659679,0,1.68105138767164,1.19989379819735
"2042","CKAP4",0,0,0,0.0428238032628534,5.12536278976552
"2043","CKAP5",0,0.0595094713625295,0,2.17490534218456,2.00231223930392
"2044","CKB",0,0,5.16629895787049,24.3617672511862,0
"2045","CKLF",0.290725161291896,0.290697857302994,1.38759125654733,0.840085973821317,0.603273419944532
"2046","CKMT2-AS1",0,0,0,0,0.214533435697158
"2047","CKS1B",0.236698841966715,2.63198475810336,0,2.83588749369838,2.44062093494563
"2048","CKS2",0.246679587174186,1.51909361566237,0,8.35060351569129,17.6873080823401
"2049","CLASP1",0,0.0183688039918767,0,0.0606329417152791,1.29315245944753
"2050","CLASP2",0.088826351966842,1.66439756990263,0,0.208710134193814,0.573213779148654
"2051","CLASRP",0.63007018537568,0.714563970060285,0,0.130883750428652,2.62962118677391
"2052","CLCC1",0,0,0,0.781532058921035,0.172112856059452
"2053","CLCF1",5.57096723692977,0,0,1.38348904276066,11.126413766073
"2054","CLCN3",0.918939948687432,1.52082404739472,0.0625502914884146,1.38838509135784,1.39814068491853
"2055","CLCN5",0,0,0,3.53142670987342,0
"2056","CLCN6",0,0,0,0.749844083382092,0.101636893715229
"2057","CLCN7",0.10221371668554,0.0933782011730713,0,3.10740539605793,0.000741136525257209
"2058","CLDN15",0,0,0,0,0.488315962192131
"2059","CLDN5",0,0,1.57877342342015,0,50.1581375838461
"2060","CLDN7",0,0,0,0,6.18914010036497
"2061","CLDND1",0.291527340157291,0.00545592960630075,0,2.35163641494822,0.769185560554683
"2062","CLDND2",0,0,0,6.73443884015881,0.0524178221774894
"2063","CLEC10A",0,0,0,8.70068199801085,0
"2064","CLEC11A",0,0.00299632730704894,0,0.787584889321105,1.277600679041
"2065","CLEC12A",0,0,0,9.81218349834611,0
"2066","CLEC12B",0,0,0,2.56129652344145,0
"2067","CLEC16A",0,0,0,0.630012186688673,0.163566896920006
"2068","CLEC1B",0,0,0.445294661220309,1.68425679336129,0.0331295259551177
"2069","CLEC2B",2.74670434305941,3.84242615085341,0,0.679804263959633,1.8354788158927
"2070","CLEC2D",0.00902093303802877,0.310399675860837,0,0.299688016226402,0.0202504335720073
"2071","CLEC4A",2.89811453422426,0,0,2.76224278018353,0.0880052898932819
"2072","CLEC4D",0,0,0,15.7115964779161,0
"2073","CLEC4E",0,0,0,47.3507472323213,0
"2074","CLEC4G",0,0,0,0.0236832753367977,0
"2075","CLEC5A",0,0,0,0.0175075589751113,0
"2076","CLEC7A",0,0,0,0.229742505044503,0.156279126597435
"2077","CLECL1",0.449888532042026,0,0,0.0260984263152948,2.81715456265917
"2078","CLHC1",0,0,0,0,0.365410058071057
"2079","CLIC1",0.0167060827992649,0.0641280010825775,0.000274047261552714,0.0137710075083351,1.87541551148369
"2080","CLIC3",0,2.18989735388977,0,0,0.948909611159059
"2081","CLIC4",0.490174668300015,0,1.48920562218562,0.261039061572758,0
"2082","CLIC5",0,0,0,0,2.54916037534186
"2083","CLINT1",0.0835061532247995,0.0651540391379823,0,0.0518386711755304,0.76908552042293
"2084","CLIP1",1.17660625750378,0.0363617908360859,0,1.97523934083361,1.10720936510756
"2085","CLIP2",0,0,0,1.75327101520057,0
"2086","CLIP3",0,0,0,0,0.249751345271123
"2087","CLIP4",0,4.709922263346,0,2.26626364562143,1.12837270171472
"2088","CLK1",8.54249394916961,0.490155170654386,0,4.99505566442604,0.806892155498876
"2089","CLK2",0,2.71796043482432,0,0.258506593638993,1.51115362338326
"2090","CLK3",3.08402586379456,1.49963722329213,0,0.828444414367954,0.0303602340705216
"2091","CLK4",0.405185631275792,0.705116199706516,0,0.123412459933645,0.44332438691994
"2092","CLMN",0.248070417927013,0,0,0.127083586707337,0
"2093","CLN3",0,0.431787904304568,0,0.244348120556955,0.0225506159506685
"2094","CLN5",0.0679836316791123,0,0,0.056326134161037,2.36807982010038
"2095","CLN6",0,0,0.292454777776222,0.0329619783308929,0.171144742853986
"2096","CLN8",0.310941571036904,0,0,0.120429228275191,0.280055956126463
"2097","CLNS1A",1.92558155378966,5.17492294240423,0,2.20006426413638,0.534407813863696
"2098","CLOCK",0,0.511084016757047,0,0.293111359039059,2.1309566818517
"2099","CLP1",0.443501141460941,0.00311408895749199,0,1.23585068148809,4.00761704248392
"2100","CLPB",0,0,0,6.17464686028678,1.6428004597762
"2101","CLPP",0.0894128496225308,0.232981094925254,0,1.46706905862936,0.616147737923306
"2102","CLPTM1",1.39346491496595,0.295449762181988,0,0.00467676834402539,0.295438549048614
"2103","CLPTM1L",0,1.62963062853244,0,0.663775692989046,0.42054665795046
"2104","CLPX",0.0979914204559498,0.250507963428311,0,0.11635691120235,0.28401910488852
"2105","CLSPN",0,0,0,0,2.06419492433013
"2106","CLSTN1",0.672188694711018,0.739351521138051,0,0.0174011820335839,1.27523514155622
"2107","CLSTN3",0,0.139419176818848,0,1.14239889213178,0.234554666749438
"2108","CLTA",2.98887013289478,0.673249904078134,0.0851599405087755,0.426158694725126,0.796513698837225
"2109","CLTB",0.37339682674012,0.0709224867088605,0.956684523420476,0.0454093281249957,6.43939346752023e-06
"2110","CLTC",1.51473133026878,0.146618743499593,0,0.256590652956421,0.816386628922336
"2111","CLU",0.237526672963795,0.189213505337109,0.582734633823706,2.11179783499097,0.0992489212023394
"2112","CLUAP1",0,0,0,0,1.01867481226544
"2113","CLUH",0,0.373863913811475,0,1.61277613912049,0.00656041547392133
"2114","CLYBL",0,0,0,0,0.0494354806580355
"2115","CMAS",0.782561436192291,0.689312057943022,0.37856716031149,0.0166172041245721,1.30932160114527
"2116","CMC1",0.00708490712705394,0.594793175549689,0,6.96650069329439,0.919996748882894
"2117","CMC2",0.379775099653059,0.354574797272442,0,0.316070522529859,0.537199339238967
"2118","CMIP",0.759428594881069,8.58722177758581,1.08243560768881,0.0155565771753766,3.0676364741654
"2119","CMKLR1",0,0,0,7.79243080864622,0.00268136776506233
"2120","CMPK1",1.14271193301496,0.544752997816729,17.9513549553195,0.494199431088274,0.0587073491677093
"2121","CMPK2",0,0,0,1.65429963771746,0.000695860101788578
"2122","CMSS1",0.082620098882046,0,0,0.0978065786300917,1.35009578825667
"2123","CMTM2",0,0,0,0.00606658500356939,0
"2124","CMTM3",0,0.0240442102159319,0,4.80620010721045,1.0550542734554
"2125","CMTM4",0,0,0,1.61713047113586,0
"2126","CMTM5",0,0,0.105922407932621,0.887040506422861,0.745200928221218
"2127","CMTM6",0.196755434597838,0.300096483951251,0.204106749833938,4.77880741524562,0.711355913325048
"2128","CMTM7",0.055960481341086,0.103873483047289,0,0.517943676414095,0.721624327063878
"2129","CMTM8",0,0,0,0,2.09379603987734
"2130","CMTR1",0.366598659617774,1.2951981982724,0,1.62575795609438,0.318315015618149
"2131","CMTR2",3.16648050083158,0.529991491937869,0,0.33519363063387,0.0778409674773398
"2132","CNBD2",1.65388823447806,2.68591395249117,0,2.01393560146241,0.225460102491781
"2133","CNBP",4.35135833847091,2.73580481754284,3.17894649592464,4.4671683762283,4.87292989386112
"2134","CNDP2",0.38804063819346,1.6459475452378,0,1.4584079761229,0.380180831315178
"2135","CNEP1R1",0,1.32680508296236,0,0.032731714663561,2.02007578476897
"2136","CNFN",0.149040729089224,0,0,0.0306089151947601,0.288798273522835
"2137","CNIH1",0.462433660737062,0.0368709243339865,0,0.939211951702209,0.535670399546788
"2138","CNIH3",0,0,0,0,1.22696042954231
"2139","CNIH4",2.2736298695086,0.00494663800253945,0,0.26519694226438,0.443712016733134
"2140","CNKSR1",0,0,0,0,2.34319296601159
"2141","CNKSR2",0,0,0,0,0.9291409642346
"2142","CNN2",0.0114790928353984,1.98534149451787,6.50433505158982,3.01297592736523,0.176153599344741
"2143","CNN3",0,0,0,0,0.774601287111501
"2144","CNNM2",0,0,0,0.392822876778033,4.07648416065845
"2145","CNNM3",0,0,0,0,0.109834964854274
"2146","CNNM4",0,0,0,0.0469176532067976,5.10485184834724
"2147","CNOT1",3.67573337924229,1.56395161291909,0,0.101059959287864,0.678205008750122
"2148","CNOT10",0,0.46472258726703,0,0.21267016289695,0.0129431879428585
"2149","CNOT11",1.75078988698351,0.663198136432296,0,0.191886653974398,0.041822104588077
"2150","CNOT2",0.000836508524138135,2.19877487089472,0,0.0995722148535742,0.539280482150742
"2151","CNOT3",0.00134276112115531,0.789207840302044,0,0.0361760821547435,2.00904989678237
"2152","CNOT4",0.912133074665569,1.18233061576439,0,0.00161642891523501,0.0838542204124185
"2153","CNOT6",0,0.218074230644893,0,0.240117173027652,0.0723769147561496
"2154","CNOT6L",0.475289600223797,0.0911464009252738,0.00555525479377383,3.30080813836386,0.00187514380879602
"2155","CNOT7",0.637531837074687,0.0188103472914575,0,0.475617773375555,0.00125770050690003
"2156","CNOT8",0.257198089856018,0.00276942007458486,0,0.622737071149668,3.32933070827633
"2157","CNP",0.126874917587193,3.16522859588957,0,3.26313361797819,0.781819915105728
"2158","CNPPD1",0.079799344916416,0.00974467112035037,0,2.37892422853515,5.88738753995094
"2159","CNPY2",0.104054363738606,0.00174261049306677,0,0.633673780038262,0.103141836394949
"2160","CNPY3",0.522864687238665,0.0272613716981341,0,0.0978893917349312,1.73632176267116
"2161","CNPY4",0,1.8573075168346,0,0.993603190769376,0.94048270563732
"2162","CNR2",0.0922035177086734,0,0,0,0
"2163","CNST",0.0278388262477354,0.360599252578258,0.0518896905411438,0.00739776550091414,0.131469722298091
"2164","CNTLN",0,0,0,3.38138107755531,0
"2165","CNTRL",0.0324432946755047,0.380748383585314,0,2.79955293155386,1.15480627053603
"2166","CNTROB",0,0,0,0.355711776993528,0.774425060395234
"2167","COA1",0.00889630512033619,1.0052160962557,0,0.0994691394119176,0.854644987326814
"2168","COA3",0.683742886710672,0.382474506180317,0,2.75916398755019,2.27868396537995
"2169","COA4",0.396030812191968,1.51930703053263,0,0.400855788642872,6.23380446578971
"2170","COA5",3.02009685862175,0.149116277638132,0,0.225724937350177,2.91695281839986
"2171","COA6",0,0.719202501748077,0,4.35612153303609,4.80765112938518
"2172","COA7",0,0,0,0.789238742341251,0.00279553194693354
"2173","COASY",0.765170649047248,0.0771658389628463,0,1.66042897912666,0.122106718334572
"2174","COBLL1",1.14358282525015,0,0,0,0
"2175","COCH",0,0,0,0,0.000382894774084418
"2176","COG1",0,3.97379458382291,0,3.12921631978194,5.04839791996138
"2177","COG2",0.0387593694534323,0.00272971773139969,0,0.0332967492360726,0.340071759276845
"2178","COG3",4.06037761219346,1.06506964965196,0,0.321453184595584,2.66511373688701
"2179","COG4",0,0.238966349789145,0,7.94532040147094,0.624883494300752
"2180","COG5",0,0.0280511495913659,0,1.42621045112951,0.112606926672884
"2181","COG6",0,0.017489159533687,0,1.6604760694841,3.08268156471589
"2182","COG7",0,0,0,0.122042022080453,0.519706469751017
"2183","COG8",0,0,0,0,0.0106909166773366
"2184","COIL",0.00765699358825994,1.78253976868681,0,2.45325481569588,0.184658500646016
"2185","COL18A1",0,0,0,0,0.344461147739298
"2186","COL19A1",2.10741240172832,0,0,0,0
"2187","COL4A3BP",0.598631744325517,1.18855428250436,0,2.38116759562418,0.576215326384268
"2188","COL6A1",0,0,0,0,0.0653100263855233
"2189","COL6A2",0,11.8431868925664,0,0,1.88843315485947
"2190","COL9A2",0,0,0,2.03971029760979,2.94608326728654
"2191","COLEC12",0,0,0,0,1.04524664641145
"2192","COLGALT1",0.31690322902044,0.676792601501213,0,4.06397674561195,0.273233621804079
"2193","COLQ",0,0.0343538529694107,0,0,0.608271435194947
"2194","COMMD1",2.14022705178571,0.430006808543861,0,3.74705516403953,2.43591946237032
"2195","COMMD10",2.03270968064484,0.0229072020921483,0,0.0429067653588315,1.17523365007966
"2196","COMMD2",0.114975099717492,1.81922838973564,0,3.94849827881294,4.79018463290554
"2197","COMMD3",0.00244211679543048,0.2160214990614,0,0.234221990108709,0.00141778644364474
"2198","COMMD4",0.639797133907589,0.0866120768869753,0,0.820957832523399,1.02696825508873
"2199","COMMD5",4.2630288268089,1.51522424993824,0,0.418089252657716,1.12168045558583
"2200","COMMD6",0.802905244080493,3.61912654237794,0.0525958593652328,0.531998826976332,0.0962834125960174
"2201","COMMD7",0.0686990050690995,1.30583905572564,5.486893593361,0.206483966017317,0.254632649545371
"2202","COMMD8",0.316591682567336,0.0391602697345628,0,0.677106302453558,2.08886744353099
"2203","COMMD9",2.60651675156819,2.77690213544049,0,0.184124144206605,0.00608689137582719
"2204","COMT",0.253672579886375,0.0871258600786865,1.89607482545974,11.2918085113738,1.84793147417474
"2205","COMTD1",0,2.92376797285056,0,2.96456186306647,0.181217218556652
"2206","COPA",0.0580474011657153,9.25502938005024,0,0.022268268018995,2.71517980253248
"2207","COPB1",0.000284695823975717,0.778656067613736,0,0.276557699833241,2.71075580082356
"2208","COPB2",0,0.920487843163883,0,0.0244290441872061,0.30630388606376
"2209","COPE",0.0604417987978715,0.187316202835533,1.7025948845623,0.162730608038666,0.0314293185722264
"2210","COPG1",0,0.903254129474317,0,0.0270577537192622,1.3848602908075
"2211","COPG2",0,0,0,2.61900867247859,0.479547182689062
"2212","COPRS",0.0265877343463998,0,0,0.0431209153567981,0.329194258517234
"2213","COPS2",0.0234339795631699,0.305936092234152,0,1.41369057898041,1.61593280910183
"2214","COPS3",1.45888989525701,2.35308368490778,0,7.05665608602062,1.28578319058135
"2215","COPS4",0.109891535353423,1.5762804439252,0,0.158308503739786,0.075712522581926
"2216","COPS5",0.253058902679226,0.115010601881461,0,0.228986185717848,0.228508814484001
"2217","COPS6",7.23571011941372e-05,0.583962690993913,0,0.695063122531339,0.00399194795141871
"2218","COPS7A",6.13112606675434e-05,0.331969002404788,0,2.10491548974892,1.60496549550246
"2219","COPS7B",0.923037460281699,3.02025396698781,0,0.312659750959628,0.830254700611861
"2220","COPS8",0.0571311086483336,1.11295899236722,0,0.37565843063036,1.95493720364885
"2221","COPZ1",0.53720359050001,1.55230777638857,0.439099056126462,0.437100597103,1.63348535012109
"2222","COQ10A",0,0.410397765331737,0,0,0.220776946256374
"2223","COQ10B",0.0127587662922348,0.128681090762809,0,0.268939123513347,0.678648066226952
"2224","COQ2",0,0,0,0.993201538891024,0.00469526367642071
"2225","COQ3",0,0,0,0,0.0184564282307479
"2226","COQ4",1.55559319194924,0.577387028988656,0,1.18968408404664,1.41897430141661
"2227","COQ5",0,1.74266404090614,0,1.5670293350189,5.12748971457822
"2228","COQ6",0,0.587860824992746,0,0.226169297657458,0.787179467147115
"2229","COQ7",3.83634584170667,1.74936967580769,0,5.50014282013939,0.216952176891453
"2230","COQ9",0,1.58572044248297,0,2.1630353742038,3.80290423580338
"2231","CORO1A",0.221575179519459,0.274522397544737,0.17083791693964,0.114659201304482,0.87821186195486
"2232","CORO1B",1.03349737787004,1.62986246273252,0.00464865357118727,0.102613561062725,1.9827802710367
"2233","CORO1C",0.83731588229159,0,0.220452883143146,2.44713739005399,0.491953582350833
"2234","CORO2A",0,0,0,1.19307746080803,0.830015141019959
"2235","CORO7",0.259734494064979,0.0771195342519184,0,0.511290498085979,0.0261326836683893
"2236","COTL1",1.6594101614024,0.0224379021811956,0.65021149337039,5.46416414697748,0.178776332837882
"2237","COX10",0,0.622452696505638,0,2.07016330122319,4.45694257948852
"2238","COX11",0.00117764268943936,0.378816908484528,0,0.102310925053388,0.108129971078897
"2239","COX14",2.28640526128393,0.826217111716763,0.49580424585664,0.196376024624922,0.000409841314654182
"2240","COX15",0,0,0,0.171364633842357,1.97873243532816
"2241","COX16",1.29574268049922,0.323551053972824,0,0.000265676618375028,0.515297514569425
"2242","COX17",0.735560125607971,0.00251372837106734,1.43020204756376,0.0731407293772327,0.218850794131945
"2243","COX18",0,0,0,2.07570246984531,2.0030398163
"2244","COX19",0.623145339294295,0.283329570479004,0,0.329687633309384,0.502927161187043
"2245","COX20",0.0424620344895045,0.135370636796091,0,0.320035187500209,0.414088164807609
"2246","COX4I1",0.1526030253365,0.0751686774016881,0.261104579393449,3.74412861329734,1.49944183805993
"2247","COX5A",0.24112212507443,0.501543178829889,0,1.68493485763746,0.896877507655643
"2248","COX5B",0.060812659355395,0.577562688402852,0.102893479430489,0.548114013888874,0.213110105570339
"2249","COX6A1",0.738142620956438,0.433445186343796,0.42553675277061,0.300701716322023,4.21772377232294
"2250","COX6B1",0.0178013420141829,1.85287832664139,0.0796554074622433,0.0136478830970531,1.27147622841304
"2251","COX6C",0.634692591315402,0.959442273739164,0.195512323299988,0.107309717881926,0.578992812013858
"2252","COX7A2",0.0205362512100263,0.42711413817774,0.745959486628556,0.0914785953640512,0.00505970807700048
"2253","COX7A2L",2.44572539057518,1.71824089775828,2.63529936760501,3.2816056157915,1.56954032592209
"2254","COX7B",0.446791507819429,0.117684452984697,8.01104786174876,0.0480068856798444,0.486135392659129
"2255","COX7C",0.17645282253358,2.01515759986541,0.454029669840081,0.499075945385322,0.00506165022729055
"2256","COX8A",3.11629153790019,0.240059751804422,2.17149207999641,0.288774501155412,0.54364996652892
"2257","CPA5",0,0,0,0,0.00486902912216507
"2258","CPAMD8",0,0,0,1.47488174480874,0
"2259","CPD",0,0.738086823771324,0,0.103299169725364,0.0411994095319016
"2260","CPEB2",0,0,0,1.10572331294495,1.8996595690335
"2261","CPEB3",0,0,0,1.90983390239177,1.58236347944867
"2262","CPEB4",2.00649434000974,0.684363262597805,0,1.09247867513819,0.29801696222609
"2263","CPED1",0,0,0,0.516864159604059,0
"2264","CPM",0,0,0,15.9327372207331,0
"2265","CPNE1",1.39707660720011,1.79940192597578,0,2.00065509904878,0.688945778331298
"2266","CPNE2",0,0,0,2.27843643118539,25.1777297505983
"2267","CPNE3",1.99566761394897,1.30051984228979,0,0.171198716450493,0.187116433039426
"2268","CPNE5",1.16156808943466,0,0,0,0
"2269","CPNE7",0,0,0,0,1.31190454703366
"2270","CPNE8",0,0,0,37.1066973425595,0.000855375336464273
"2271","CPOX",0,0,0,1.92878819190387,0.000200535341165751
"2272","CPPED1",0,0,0,2.93550600392871,0.123278825813299
"2273","CPQ",0,0.0573317911754521,0.804587838467009,1.23049889861621,12.7478555847098
"2274","CPSF1",1.51762578584597,2.18162703151512,0,0.118487321435075,0.263764898401976
"2275","CPSF2",0,0.605403688855888,0,1.07651228295208,4.63878433414488
"2276","CPSF3",0,0.393813244513196,0,2.81485495177711,1.2631343276143
"2277","CPSF3L",1.54887122973636,0.34004115607424,0,1.63939750716331,0.10177555461927
"2278","CPSF4",3.06836550058175,0.82778559200683,0,4.38828745196157,0.055608385399568
"2279","CPSF6",0.32664309774782,1.45057472692053,0,0.855786482881863,0.314488674350324
"2280","CPSF7",0.367165046816701,0.918759713610917,0,0.473368923669668,0.0887464142721562
"2281","CPT1A",5.16368031118438,0.0151448329425606,0,1.31509939953432,0.062128561275496
"2282","CPT2",0,0,0,0.61471283197404,4.18788172326009
"2283","CPTP",0,1.62959890743697,0,0.00331933876764273,0.60586839522611
"2284","CPVL",0,0,0,2.96970812615007,0.00333614066498516
"2285","CR1",1.1975231853173,0,0,18.7368867980883,3.05574075496246
"2286","CR2",0.888026425133616,0,0,0,0
"2287","CRACR2A",0,0.613909847956134,0,0.0192028694753148,0.301231870235271
"2288","CRADD",0,0,0,0.309533784220004,0.103327793514659
"2289","CRAMP1",0,0,0,0.162601241642087,2.35652170501439
"2290","CRAT",0,0,1.23585251295071,0.0478343360055018,0.00252999447330058
"2291","CRB3",0,0,0,0,0.118783766693395
"2292","CRBN",0.0233329049291367,0.0876690755371995,2.30439187304564,0.273606655545917,0.585450109642969
"2293","CRCP",0.230201911821589,4.23260621268449,0,0.123070949104373,2.15407219654991
"2294","CREB1",0.0427160913463259,0.553377292328993,0,1.3998143051992,1.01523659948631
"2295","CREB3",0,0.105629525361461,0,1.55175077081194,2.42148476677001
"2296","CREB3L2",0.0136202522846687,0.19326726705453,0,0.626551079647857,4.38747909284014
"2297","CREB3L4",0,0,0,0,0.896745261824508
"2298","CREB5",0,0,0,18.440987436144,0
"2299","CREBBP",0.830609428823968,8.16375820532413,0,0.00238750608926444,1.39930903479279
"2300","CREBL2",0,1.31181756121849,0,2.82091606868035,0.427342711724806
"2301","CREBRF",0.0232321690973897,0.881322570890477,0,0.0174042577379615,1.2570859454621
"2302","CREBZF",1.13717698823251,0.0248393140064443,0,0.559841066184242,1.83798791087414
"2303","CREG1",0,0,0,0.00518981171003498,0.137016585381404
"2304","CRELD1",0,7.33969695067838,0,11.8363950343019,1.27426921677501
"2305","CRELD2",1.00026785474281,0.715537590178208,0,1.28989608257049,0.891880388600127
"2306","CREM",1.31098624303755,1.5600776540774,0,2.96514608170881,0.260314244602767
"2307","CRHR1",0,0,0,0,0.0104919855145569
"2308","CRHR2",0,0,3.48717362844625,0,0
"2309","CRIM1",0,0,0,0,0.0157695968389347
"2310","CRIP1",2.0918509166498,1.60866714826692,0,0.844813763421888,1.31081507357665
"2311","CRIP2",0,0,0,0,0.110838047199472
"2312","CRIPT",0.426252299756121,1.51250898970938,0,2.44390016774439,1.59129949092048
"2313","CRISPLD2",0,0,0,11.4687799198879,0
"2314","CRK",0,4.89352575224259,0,7.46554578938548,3.70792853591777
"2315","CRKL",0,0.662641019195175,0,0.00614724041874786,0.690839756011986
"2316","CRLF3",1.34802012445057,2.52651816087654,0,1.36933807098949,0.0205733526591268
"2317","CRLS1",0,0.0428264241875126,0,7.70741016366052,4.21684258747565
"2318","CRNKL1",0,1.75788069187219,0,0.0817150772793828,2.93406706923358
"2319","CROCC",0,0,0,0.0538108181333467,0.759970607464396
"2320","CROT",0,3.91601994143731,0,0,1.40558824702653
"2321","CRTAM",0,0,0,0.26125233391388,66.6434117358873
"2322","CRTAP",0.0630797518413739,0.034507689514366,0,0.964097072702777,1.26905712268255
"2323","CRTC1",0,0,0,4.29798418397211,2.65906923089338
"2324","CRTC2",0.000373968509677034,0.671254102853207,0,1.56341191720041,3.38848399762978
"2325","CRTC3",0.150460543180084,1.39856855460708,0,0.352468275781353,0.0856463697436869
"2326","CRY1",0.749162806535589,0.920059275775206,0,0.0147709768099338,3.68008375411308
"2327","CRY2",0,0.193980344524967,0,0.110421504909939,1.09788338790478
"2328","CRYBB2",0,0,0,0,0.766672934338185
"2329","CRYBG3",0,0,0,1.44340287820077,0.407819357165414
"2330","CRYL1",0,0.211142438289222,0,8.10847681507451,7.59550041583438
"2331","CRYZ",0,0.0334763016687479,0,0,0.0913669395594737
"2332","CRYZL1",0.526828704318281,1.05496998699373,0,1.04872373733214,0.764511202316237
"2333","CS",0.375462029904562,0.159460198376763,0,0.92506167164406,0.34577943995483
"2334","CSAD",0,0,0,0.71855734506552,0.607719202788138
"2335","CSDE1",0.973137609357234,0.0183370130805317,0.0358323770232265,2.81475056869789,2.54489798261657
"2336","CSE1L",0,0.838856195081345,0,0.885153436758017,0.368760267114088
"2337","CSF1",0,0,0,0,1.3094181922684
"2338","CSF1R",0,0,0,3.11006007634009,0
"2339","CSF2RA",0,0,0,0.379637120603201,0
"2340","CSF2RB",0,0,0,0.315616839635571,0
"2341","CSF3R",0,0,0,0.305136720651761,0.000788819914063022
"2342","CSGALNACT1",1.86554371530488,2.60553675369833,0,0,0.0320473585432933
"2343","CSGALNACT2",0.0127201386092166,1.02449053974607,0,3.92414356113782,2.7066208521743
"2344","CSK",0.945920016718505,1.11507607523618,0,8.98103103093622,4.58333571595949
"2345","CSNK1A1",0.391138710003352,0.0768653329840853,0.601450542734498,0.12540276659826,1.35288106624703e-05
"2346","CSNK1D",0.0307238256789863,2.76651444911958,0,2.27371983024429,1.78380136831332
"2347","CSNK1E",0,2.55397429135619,0,0.442764416575381,1.87321359636137
"2348","CSNK1G1",0,0.134802717876824,0,0.0221298752967879,0.127789163760737
"2349","CSNK1G2",0.672348985379694,4.59283282815174,0,2.73526717624412,3.45245886611327
"2350","CSNK1G3",0.0343603238505193,0.277046973415476,0,0.173166785254608,1.0408336994336
"2351","CSNK2A1",0.807087867569471,2.72938686010578,0,0.238506605050283,2.19718899687752
"2352","CSNK2A2",1.68406187128075,1.38326307087076,0,1.25373707960647,0.0320370752338596
"2353","CSNK2B",0.0990008923766509,0.0633471818597836,0,0.0124039460570963,0.0251354433855495
"2354","CSPP1",0,0,0,3.9713062949471,0.0358861151045406
"2355","CSRNP1",3.30980212401936,1.86965041599533,0,5.08935137336433,2.26905686051505
"2356","CSRNP2",0,0,0,0,1.21801997548118
"2357","CSRP1",0,1.81017801361857,3.24858762734865,0.132457982600811,0.202308415247596
"2358","CSRP2BP",0,0,0,0,0.185626967327492
"2359","CST3",0.980946323392131,1.02989611927571,1.96672450160841,1.41221001058562,0.0772768880291788
"2360","CST7",0.864447576394183,0.02171243047582,2.9688517014713,2.65017740748084,0.125633816596701
"2361","CSTA",0,0,0,0.0037974226346017,1.50310502928757
"2362","CSTB",0.143385960693315,0.545361810371798,0,0.0136408901668,1.0382618318176
"2363","CSTF1",0,4.17931754908466,0,0.0654192915891716,2.39136434614204
"2364","CSTF2",0,0,0,0,0.961827610171234
"2365","CSTF2T",0.217863721468464,1.44756169413013,0,0.0696326826399223,7.69592434154801e-05
"2366","CSTF3",0.255240451449775,1.81863579524509,0,0.486576845937677,0.0461674109519222
"2367","CTA-204B4.2",0,0,0,0,0.790126020222918
"2368","CTA-228A9.4",0,0,0,0,0.0709968037999536
"2369","CTA-243E7.1",0,0,0,0,1.80090617562192
"2370","CTA-292E10.6",0,2.00666241291232,0,3.50518010492389,0.161954645461043
"2371","CTA-29F11.1",0,2.15900500735952,0,1.94595505991107,1.60276877410512
"2372","CTA-384D8.34",0,0,0,1.56259386148659,0
"2373","CTA-384D8.35",0,0,0,3.57469157724706,0
"2374","CTA-445C9.14",0,0,0,0,0.812951614205967
"2375","CTAGE5",2.19074736862094,0.0106193307982128,0,0.516649282253937,0.417658813339967
"2376","CTB-113I20.2",0,0,0,0,0.149466642732471
"2377","CTB-129O4.1",0,0,0,0,0.0839879628600859
"2378","CTB-129P6.4",0,0,0,0,0.436538809737925
"2379","CTB-133G6.1",0.401399564396715,1.32271951088201,0,0.076281503391059,0.322877776018265
"2380","CTB-152G17.6",0,0,0,0,0.113456976234832
"2381","CTB-193M12.5",0,0,0,1.25571871445045,0.000199758171015917
"2382","CTB-25B13.5",0,0,0,0,0.410076264069312
"2383","CTB-31O20.2",0.019685302359246,0.822983865387087,0,3.60840647145633,0.0172052043710656
"2384","CTB-41I6.1",0,0,0,0,2.17196277345862
"2385","CTB-50L17.10",0,4.50390924351184,0,0.116298129781493,0.00719316821640373
"2386","CTB-55O6.12",0,0,0,0.351075926267291,4.4840168675543
"2387","CTB-55O6.8",0,0,0,0,0.933048446631171
"2388","CTB-58E17.1",0,1.6237902384104,0,0.0379426520093853,0.486411585738212
"2389","CTB-61M7.2",0,0,0,0.00131725317127235,0
"2390","CTBP1",0.222308421278839,0.000511862965951015,0,1.07752949608823,0.764178949381447
"2391","CTBP1-AS2",0,0.1536462754203,0,0,0.698918830742772
"2392","CTBP2",0,0.297065552197931,0,0.0340473474114795,2.46369654552404
"2393","CTBS",0.876634349112669,0.00872568143956631,0,1.0336079908743,2.84606574769591
"2394","CTC-246B18.10",0,0,0,0,0.000792150343082932
"2395","CTC-260E6.6",0,0,0,0,1.75410351425044
"2396","CTC-329D1.2",0,0,0,0,1.33626318978905
"2397","CTC-338M12.5",0,0,0,0,1.72423966845977
"2398","CTC-343N3.1",0,0,0,0,0.00673305072983997
"2399","CTC-378H22.2",0,0,0,0,0.17403014486526
"2400","CTC-425F1.4",0,0,0,0,0.01725911567352
"2401","CTC-444N24.11",0,0,0,0.379455205567001,0.000101750030138
"2402","CTC-444N24.8",0,0,0,0,1.51253740391712
"2403","CTC-459F4.3",0,0,0,0,0.910639808550788
"2404","CTC-461F20.1",0,0,0,0,0.94875046590883
"2405","CTC-479C5.12",0,0,0,0.356558026871627,0.134444200021425
"2406","CTC-490G23.2",0,0,0,0.68693522215534,0
"2407","CTC-505O3.3",0,0,0,0,0.0939832137364875
"2408","CTC-523E23.11",0,0.0848067508391246,0,0,0.191463903838202
"2409","CTC-524C5.2",0,0,0,0,0.0497393306777748
"2410","CTC-529I10.1",0,0,0,0,0.0148580110624256
"2411","CTC-534A2.2",0,0.248413395677904,0,0.404225333744467,0.0815903540305915
"2412","CTC-543D15.8",0,0,0,0,0.961739153971152
"2413","CTC-559E9.1",0,0,0,0,0.287470310748749
"2414","CTC1",0,0.0216353117464996,0,0.0394135421223922,6.43949899056952e-07
"2415","CTCF",1.73757930469382,7.65561241487584,0,3.79238084804752,0.081541564025209
"2416","CTD-2006K23.1",0,0,0,3.59036373466727,0
"2417","CTD-2012K14.6",0,0,0,0,0.160699326531052
"2418","CTD-2017C7.1",0,0,0,0,0.000462304701827263
"2419","CTD-2017D11.1",0,0,0,0,0.918670056370317
"2420","CTD-2017F17.2",0,0,0,0.261054562749828,1.20721239982429
"2421","CTD-2020K17.1",0,0.0492891023942614,0,0.533547531745423,2.54949755827383
"2422","CTD-2026K11.4",0,0,0,0,0.0516873146331364
"2423","CTD-2035E11.3",0,4.87840327952271,0,7.3237103671463,0.634190336098585
"2424","CTD-2047H16.4",0,0,0,0,0.0076880469387124
"2425","CTD-2054N24.2",0,0,0,0,0.223008170670752
"2426","CTD-2095E4.5",0,4.08316019286991,0,3.94603060197038,0.00512559225261964
"2427","CTD-2186M15.3",0,0,0,0.0113370827516782,1.87365638467257
"2428","CTD-2227I18.1",0,0,0,0,1.64881930563317
"2429","CTD-2260A17.2",0,0,0,0,0.051755554129252
"2430","CTD-2270L9.4",0,0,0,5.49157397051625,2.55124399903013
"2431","CTD-2287O16.5",0,0,0,0,0.138397856828411
"2432","CTD-2336O2.1",1.05150306090757,0.0353418886921605,1.60532301399286,4.53005607071692,0.22330555800572
"2433","CTD-2341M24.1",0,0,0,0,0.00969692797181632
"2434","CTD-2342J14.6",0,0,0,0,1.04576567322867
"2435","CTD-2353F22.1",0,0,0,0.64878144520428,0
"2436","CTD-2366F13.1",0,0,0,0,0.542085502625524
"2437","CTD-2371O3.2",0,0,0,0,0.178268450145149
"2438","CTD-2371O3.3",0,0,0,0,0.0982468946733655
"2439","CTD-2377D24.6",0,0,0,0,0.802482869153562
"2440","CTD-2506J14.1",0,0,0,0,1.34605097949588
"2441","CTD-2515A14.1",0,0,0,0,0.000466089560452432
"2442","CTD-2544N14.3",0,0,0,0,0.0966776240153453
"2443","CTD-2547G23.4",0,0,0,0.643883800704637,0.26667858374161
"2444","CTD-2553L13.10",0,0,0,0,0.361970302391181
"2445","CTD-2562J15.6",0,0,0,0,0.78307200588666
"2446","CTD-2587M2.1",0,0,0,0,0.102400900223272
"2447","CTD-2619J13.14",0,0,0,0,0.0949115352862317
"2448","CTD-2630F21.1",0,0,0,0,0.123488789533467
"2449","CTD-3001H11.2",0,0,0,0,0.0586437428981503
"2450","CTD-3074O7.5",0.690039315930143,0.733171777069949,0,0.543673735413072,0.0776260570014873
"2451","CTD-3131K8.2",0,0,0,0.906881138294194,0.301792448580608
"2452","CTD-3138B18.5",0,0.442551915981784,0,0.539014212772726,2.22218382866576
"2453","CTD-3184A7.4",1.00940621497987,0.689451638874861,0,3.55882015397841,6.24877606740041
"2454","CTD-3214H19.4",0,0,0,0,0.140124220757693
"2455","CTD-3222D19.12",0,0,0,0,1.17130082886411
"2456","CTD-3222D19.8",0,0,0,0,1.49753731320279
"2457","CTD-3252C9.4",0,0.0904872197128197,0,0.592643522170284,0.735434875791481
"2458","CTDNEP1",0.259099973798228,3.75706619328398,0,0.202329898110154,0.355196570082726
"2459","CTDP1",0,5.53975914568806,0,0.00628859555564682,0.593758778572618
"2460","CTDSP1",0.00186213786728193,0.0780329800156934,0,1.44139388953868,0.0627778403530991
"2461","CTDSP2",0.0555136097989517,4.03158565482498,0,3.23780303843572,0.990707452724443
"2462","CTDSPL",0,0,0.780682004469222,0,0
"2463","CTDSPL2",0.0210687501827825,5.75435480228523,0,0.910855869864164,2.28504071105229
"2464","CTH",0,0,0,0,1.21889200773017
"2465","CTIF",0,0,0,0.00754690743599427,0
"2466","CTLA4",0,0,0,0,2.02946128973744
"2467","CTNNA1",3.69213447507725,0.375956259251795,0,1.21889900526021,14.2526206014106
"2468","CTNNAL1",0,0,0,0.0852088318406632,2.03014513941737
"2469","CTNNB1",0.0148493277200133,0.0389404018975712,0,1.21020627942843,0.0109218845937223
"2470","CTNNBIP1",0.28130652315004,0.185053559554788,0,0.888711405155661,0.538194368845847
"2471","CTNNBL1",0.913371696269708,0.658723343522831,0,0.542654064450683,0.00321778111795372
"2472","CTNND1",2.7925608433026,0,0,0.490293958422585,2.36990403550408
"2473","CTNS",0,0,0,2.67394102013597,0.0371579472372156
"2474","CTPS1",0,6.7775319672248,0,0.569028983846206,0.139156414204907
"2475","CTPS2",0,0,0,0,2.24708544136695
"2476","CTR9",2.43827462881589,0.805685084710362,0.0583746817272089,0.675087414596935,0.0419195001389282
"2477","CTRL",0,0,0,0,0.295760414064377
"2478","CTSA",0.272150404074792,2.67370176451732,0.159877531326184,8.61929250827692,0.490734064942032
"2479","CTSB",2.6871621099702,0.0314272587693111,0,0.186192637732728,4.38902315764681
"2480","CTSC",0.00343456774301102,0.524656530256517,4.04318054067528,0.81788503640549,4.09091945746855
"2481","CTSD",0.496555385123689,0.674899385748774,2.17631652507381,0.991651932557343,0.0489572284646879
"2482","CTSF",0,0.335307502260383,0,0,0.565562204391122
"2483","CTSH",0.00340063247747675,0,0,0.357668775375005,0.611110912299627
"2484","CTSK",0,0,0,1.30754415892903,0.440207912364049
"2485","CTSL",0,0,0,0.472699717213496,2.78178549228903
"2486","CTSO",0.0159511272707013,0.210042738543516,0,2.13443404912574,0.0197376893069847
"2487","CTSS",0.0343733986374389,0.176734734631609,0,0.0531192788779854,0.174044063091488
"2488","CTSW",0,6.46190454396862e-05,0.820841944013431,0.0086479152755492,0.00962124520554043
"2489","CTSZ",2.29229810232065,0.18166160399747,0,0.65535832380488,0.027214497373337
"2490","CTTN",0,0,10.2123662524902,0,0.193005343693507
"2491","CTU1",0,0,0,1.38311389772934,0.00913525851321313
"2492","CTU2",0,0.169286984106869,0,2.25527049596831,1.76018872862895
"2493","CUBN",0,0,0,0,2.22100464397494
"2494","CUEDC1",0,0,0,0.210747894004969,0
"2495","CUEDC2",0.355693336583849,11.5825084383114,0,0.263268173571374,1.34809682188348
"2496","CUL1",0.232629280832098,1.43464160454189,0,0.730028952333704,1.19643102001898
"2497","CUL2",5.98767629538498,4.60675453878842,0,0.103338431946013,0.0152931367395605
"2498","CUL3",0.242148290642347,1.10778664856403,0,0.227956023183603,0.411389003803918
"2499","CUL4A",0.942390815383279,1.35602193321042,0,0.27343436779762,0.00012914154752542
"2500","CUL4B",0,0.720663606605075,0,0.590859873320191,1.71885781453846
"2501","CUL5",0.725496891627847,0.221052151517034,0,0.454261549046371,1.40317456069001
"2502","CUL7",0,0,0,0,0.225808037153237
"2503","CUL9",0,0,0,1.45632757209806,0.153592711330114
"2504","CUTA",1.41653224595048,0.00293879590379977,0.308882595995006,0.656689606377576,0.103958661736047
"2505","CUTC",3.07248253212325,4.45282865222202,0,0.244391303091456,2.16799223549996
"2506","CUX1",0.00730542628401006,0.153154317365344,0,11.2378313632859,0.00714073093584384
"2507","CWC15",0.259471858407096,1.91909034510867,0,0.0265739619307416,1.78242214795768
"2508","CWC22",0,0.634745157926401,0,0.725742638239894,1.8638548094698
"2509","CWC25",1.00837915439008,2.53816237408711,0,0.600258971370588,0.69587306261473
"2510","CWC27",0.666054453450848,0.50256851791532,0,8.23836922673876,2.95297099484505
"2511","CWF19L1",0.020855340051757,4.45884576195644,0,0.141168124244721,1.36300403484939
"2512","CWF19L2",1.01013451955525,2.22923035393233,0,1.02711761887711,0.0600648619272128
"2513","CX3CR1",0,0.373964535545475,0,0.0286851720112843,0.117167255171637
"2514","CXCL10",0,0,0,2.09352866173974,0
"2515","CXCL16",0,0,0,13.3096220236895,7.28943641838735
"2516","CXCL2",0,0,0,0.244797104289644,0
"2517","CXCL3",0,0,0.010561607670077,0.0484465573340833,0
"2518","CXCL8",0,0,0,2.13551866723779,6.2938623598037
"2519","CXCR3",0,0.641564661425205,0,0,0.141077980042775
"2520","CXCR4",0.344086450767091,4.73359758224802,0,6.87166983603153,0.260173888281908
"2521","CXCR5",10.8173871023559,0,0,0,1.42949058710795
"2522","CXCR6",0,0,0,0,0.410019459682465
"2523","CXorf21",0,0,0,0.48272560025586,0
"2524","CXorf23",0,0,0,1.31817038643626,0.126045323835462
"2525","CXorf38",3.14410320998299,0.218009947894698,0,2.48715162309906,2.60706243937933
"2526","CXorf40A",0,0,0,0.141772559674552,0.0370547072218241
"2527","CXorf40B",0,0.276196750423479,0,1.00192518461812,0.336394029530451
"2528","CXorf56",0,0,0,0.595143797913803,0.353438745322357
"2529","CXorf57",0,0,0,0,0.609832761848455
"2530","CXorf65",0,0,0,0,0.509590196711552
"2531","CXXC1",0.0257616484258018,0.0241718389719471,0,3.7601911930636,0.288782755829886
"2532","CXXC5",1.9329381640368,0.117432264244816,0,0.327895450507457,0.0237878240808323
"2533","CYB561",0,0,0,6.7927364789411,13.2561942579449
"2534","CYB561A3",0.00679104057703519,0.284832777621871,0,6.17281152043817,0.0783993573999329
"2535","CYB561D1",0,0.45842519295358,0,0.0182633590027968,0.156790639582241
"2536","CYB561D2",0.547772086335128,0.0113044810317697,0,0.180185353580699,0.542298747742203
"2537","CYB561D2.1",0,0,0,0,0.0268116839015912
"2538","CYB5A",3.00027624688164,0.0564779371111728,0,10.3507739031433,2.58441188653925
"2539","CYB5B",0.000251853163186042,0.437521317616936,0,4.03593515084602e-05,0.0156308029784553
"2540","CYB5D1",0,0,0,0,1.77595897781118
"2541","CYB5D2",0,0,0,1.1189583265085,0.206799146170639
"2542","CYB5R1",0,0.124004207019306,0.296979263764448,0.174958769740678,0.00290210297839483
"2543","CYB5R3",0.0352158710180352,2.17099587676798,0.507570421998601,0.501522952688608,4.28148979314178
"2544","CYB5R4",0.136499303577226,1.53967419355681,6.92192972716559,0.00289858315858878,0.119138753119073
"2545","CYBA",2.93250316411868,0.521357049820772,0.377072032711015,1.63343776566771,0.0356055348176774
"2546","CYBB",0.77785036018616,0,0,2.70610033999768,0.46438988208345
"2547","CYBRD1",0,0,0,0.0394699486389428,0
"2548","CYC1",0.0716778947177645,0.0256487869998724,0,0.362813711410121,0.325251422825623
"2549","CYCS",0.465359735416848,0.04350568214133,0.48185634178466,0.0359702492663688,3.71012804847534
"2550","CYFIP1",0,0,0,7.02938197783493,0.0357509730837423
"2551","CYFIP2",0.613589206315585,0.314202366161606,0,31.9699068962556,0.198104269262339
"2552","CYGB",0,0,0,0,1.61829450976679
"2553","CYHR1",0.0161876406006624,0.106746659212531,0,2.22371438999661,0.850782738873068
"2554","CYLD",0.120667246444581,1.60562077111266,0,7.97068842573985,5.44908094569278
"2555","CYP1B1",0,0,0,1.56821929621529,0.06642264026553
"2556","CYP1B1-AS1",0,0,0,0.163633230668562,0
"2557","CYP20A1",0.0128824792950356,0.305532671811709,0,0.287157217141961,0.573153294281178
"2558","CYP27A1",0,0,0,1.19560125153801,0
"2559","CYP2R1",3.04711330527073,0.149904813472167,0,0.0122376264963924,0.651412209911082
"2560","CYP2S1",0,0,0,1.59918899172468,0
"2561","CYP2U1",0.194735963937505,0,0,0,0.255838351197053
"2562","CYP3A5",0,0,0,0,0.0198666339109678
"2563","CYP4F22",0,0,0,15.7284529319394,0
"2564","CYP4V2",0.0711895947619276,4.33427086328345,0,0.0920989301982444,0.136396048996801
"2565","CYP51A1",0.224186158107931,0.0847902234550506,0,0.961783277653432,0.138676887135234
"2566","CYSLTR1",0.371702391576457,0,0,0.625180187343888,0.764902143997069
"2567","CYSLTR2",0,0,0,4.36932590828217,0.268335350382654
"2568","CYSTM1",0,0,0,0.358674468718832,4.01777381902906
"2569","CYTH1",0.810343306828785,0.220265372593185,0,0.250878471304191,3.63984642585047
"2570","CYTH2",0.0344891264342794,0.106232898408107,2.62735540007923,1.20413394623792,0.212784340581605
"2571","CYTH3",0,0,0,0.397178599946741,1.60542108978884
"2572","CYTH4",4.44120956788544,0.00414215130745309,0,0.0742779996959109,0.220596517043992
"2573","CYTIP",0.568166547560087,0.55494342149483,0,8.54159726901827,0.193201297514592
"2574","D2HGDH",0,0.0811549356569009,0,0.234724618845712,0.334595057914226
"2575","DAAM1",0.623362085034798,0.516619086859772,0.346630823114032,4.76260722524075,0.0769373044756643
"2576","DAB2",0,0.000423391007973858,0.0111995183177576,5.6049706148143,0
"2577","DACT1",0,0,0,0,0.0118655217622511
"2578","DAD1",0.0105799576357719,1.2192858268097,1.23011423163536,3.29437795068701,0.0890012625535594
"2579","DAG1",0,0,0,0.865620468373792,0.151451720230807
"2580","DAGLB",0,0,0,0.0514830648809048,0.521808854360479
"2581","DALRD3",0.321915403924567,1.00862932224178,0,3.71485848736852,0.405841361063236
"2582","DAP",0.0105250873457168,0.114267789341844,1.0281053206033,2.12185827860176,3.33138522965466
"2583","DAP3",0.0179010650846764,0.123036737126597,0,1.46043722538619,0.847349171345417
"2584","DAPK1",0,0,0,0.918537431812521,0
"2585","DAPK2",0,0,0,0,0.502499095373574
"2586","DAPK3",0,0.198753807072822,0,0.00430129588670972,1.37447027811635
"2587","DAPL1",0,0,0,0,0.11077961524233
"2588","DAPP1",0.407664101329782,0,4.04250916321835,0.304322540000373,0.0677431740381763
"2589","DARS",0.602508351463818,0.020569371500304,0,0.038473082337197,2.36581489696449
"2590","DARS-AS1",0,0,0,0,3.46252032389701
"2591","DARS2",0,0,0,0,4.16991911144999
"2592","DAXX",0.104745060851229,0.67711919356994,0,1.08092731362514,0.0133820363171072
"2593","DAZAP1",4.04313963642425,0.0634981388942307,0,0.0907195397576803,0.708395018850145
"2594","DAZAP2",0.00336409209625309,0.126985372693099,1.47016920611085,1.22448768520607,3.09026052709185
"2595","DBF4",0.715154541152392,5.89581676877652,0,13.5753232017592,4.07877003662386
"2596","DBI",0.67714123397592,0.068770406144652,0,1.58651367739888,1.9314734896582
"2597","DBN1",0,0,1.91112353624703,0,0.872988052698921
"2598","DBNDD1",2.37955507437239,0,0,0,0.0597340382469454
"2599","DBNDD2",0,0.232026663971304,0,0.232510551921236,0.12171079057351
"2600","DBNL",2.0939838969076,0.176614034051532,2.06214718911739,4.5651117850058e-05,0.156409983755575
"2601","DBP",0,0,0,14.4618960776138,0.136615253631506
"2602","DBR1",0,0,0,1.18573004879004,1.09551140918073
"2603","DBT",0,0,0,7.1098291886267,1.63618324164663
"2604","DCAF10",0,0.0616369606526367,0,0.0503246866603404,0.0119099913637275
"2605","DCAF11",2.58064017206163,0.697594012062252,0,0.0754573965906672,0.0133796627818901
"2606","DCAF12",0,0.0263932566587924,0,2.16169151574388,2.31482603035099
"2607","DCAF13",1.90624213648989,0.088814605404623,0,1.87809259285657,0.941849051335872
"2608","DCAF15",2.21857801562181,0.777444499871988,0,1.18922622179349,1.73268060626882
"2609","DCAF16",1.31784176192127,0.597338355559442,0,0.547242854100883,1.43432099582605
"2610","DCAF17",0,3.38102991507055,0,0.631069470255723,0.250367606415363
"2611","DCAF4",1.97097357269105,0,0,0,0.183281998033511
"2612","DCAF5",2.3776555417381,1.91001622571693,0,3.89613412212131,5.17636173314013
"2613","DCAF6",0.000669293957973668,3.81930427693863,0,0.796644063373241,0.529098368262502
"2614","DCAF7",1.83050304328923,1.09521522666313,0,0.204263073585732,1.52730853340072
"2615","DCAF8",0.950059453358926,0.952427835004416,0,0.00106857957877704,1.45973752371334
"2616","DCAKD",0,0,0,0.0749881096164279,0.280219492900589
"2617","DCBLD1",0,0,0,0.378406885623216,0.000186016004656198
"2618","DCBLD2",0,0,0,0,0.288093410965495
"2619","DCHS1",0,0,0,0,0.0869902338091916
"2620","DCK",0.624270630778441,0.219391754923931,0,0.000862213980398214,2.72438376399626
"2621","DCLRE1A",0,0,4.39010373641186,0,5.14403668271722
"2622","DCLRE1B",0,0,0,0.0372727739896533,0.0247529272860661
"2623","DCLRE1C",0.9334463391314,3.82106514782941,0,0.139298933895215,0.0189787083483947
"2624","DCP1A",0.474536431824809,1.20205875446526,0,12.0107394587228,6.0244184975689
"2625","DCP1B",0,0,0,0.298086249626573,0.431668443998428
"2626","DCP2",0.827926425081812,0.0208225045889457,0,2.89037601789176,0.307220912199523
"2627","DCPS",0.185630892001693,0.00788336143230643,0,2.34788615766859,0.799789835217316
"2628","DCTD",0.0506342101419537,0.400148304668746,0,4.46259717815582,0.181899864360919
"2629","DCTN1",1.06239417885088,0.716704293434086,0,2.34713232077392,0.575240668612892
"2630","DCTN2",2.55341452490849,0.0107064641462052,1.41531959405478,2.40377226095826,1.7213459482135
"2631","DCTN3",0.0415616151029181,0.0128228985834834,2.0270629399743,0.656917920578811,0.473556817654863
"2632","DCTN4",2.75630742938596,1.20924086898329,0,0.00913057837385186,1.32410799545874
"2633","DCTN5",0.014690664221729,0.379144947731102,0,0.00768809382261829,0.00999572253303838
"2634","DCTN6",0.376459670246639,0.0142724776977165,0,0.02252597933017,0.00151332381216599
"2635","DCTPP1",0.0657971078005318,0.085186278859187,0,2.86496513079771,2.00351193721948
"2636","DCUN1D1",1.5239512530955,0.228327951714852,0,0.390435234699501,0.511752984884483
"2637","DCUN1D2",0,0,0,4.77654096713996,0.973967268532115
"2638","DCUN1D3",0,0,0,1.25100957230415,0
"2639","DCUN1D4",0,0,0,0.00071051811891081,0.357962999235809
"2640","DCUN1D5",0.794308716957747,1.76489671579712,0,0.578857849744592,0.00107766547933698
"2641","DCXR",0.756097766861041,0.028429319997338,0,0.701382838217296,1.30865389606346
"2642","DDA1",2.67850680828777,0.0792955434704109,0,0.515613189038741,3.29199516205301
"2643","DDAH2",0.9427652851981,0.122748508112071,0,1.07768435009401,7.68045742618812
"2644","DDB1",0.000137255921061634,0.683737836438115,0,0.186038824173328,0.534960413246172
"2645","DDB2",0.643449745000303,0.214686880420311,0,0.791498284472263,2.24623260611713
"2646","DDHD1",0.431813643953316,0.599358878520579,0,3.39603208922096,1.51902358837131
"2647","DDHD2",0.0859824150018612,4.11623773526046,0,1.17528142149946,2.59346698501492
"2648","DDI2",0.5132051735993,0,0,0.70328427465109,0.745654018845878
"2649","DDIT3",0.557120873202062,0.000599578048349519,0,2.88483192879668,0.431374381364817
"2650","DDIT4",2.40054000273826,2.81677810223325,0,3.5680560107214,0.280027912167709
"2651","DDOST",0.958394575005664,0.0435283424561763,0,0.0183094810052092,0.148092177002931
"2652","DDRGK1",0.257522273821195,0.272799360022978,0,0.741304906081955,0.447790287852285
"2653","DDT",0.00340730213257213,4.42082356827903,0,1.40890005741382,4.61765108606352
"2654","DDX1",0.00879271454661576,0.616453087287077,0,0.632896996335771,0.00159259106909241
"2655","DDX10",0.241023420986815,3.7391632829991,0,2.06806669230545,2.134118555422
"2656","DDX11",0,0,0,0,0.0934398646637334
"2657","DDX17",0.11574560616398,2.78468203606129,0,2.22394180973323,1.28527642339925
"2658","DDX18",0.0955688016099164,4.50216390454003,0,0.872048853616385,3.93360998247288
"2659","DDX19A",0.103152558625509,3.81136705121067,0,3.30340749598538,6.08754846752723
"2660","DDX19B",0.133821713940912,0,0,0.319058948928603,0.0456530532027657
"2661","DDX20",0.107338566807999,4.99121572573889,0,4.31473480749967,7.1054639924445
"2662","DDX21",5.07081319406388,1.50915638069532,0,0.934872816642274,0.145739139968412
"2663","DDX23",0,0.520871915953416,0,1.15985874056009,0.115246070495703
"2664","DDX24",4.60558892516979,0.111018423134322,0,0.0839068676698111,2.30621507824767
"2665","DDX26B",0,0,0,0.110578878801963,0.100101413420541
"2666","DDX27",0.064211741129404,0.338362927476438,0,4.33581769458587,0.419126504465503
"2667","DDX28",0,0.293029370258602,0,0.24644158952579,0.261523774014478
"2668","DDX31",0,0,0,0,0.00378045501856818
"2669","DDX39A",1.12919616462833,0.42743101798484,0,0.852471530221459,1.08177649990412
"2670","DDX39B",0.976329572528791,1.30634423825459,0,0.364544940053827,0.0729665570854436
"2671","DDX3X",2.81607498343003,0.0315034280830604,0,0.0982828311617614,3.37399808002235e-05
"2672","DDX3Y",0.63172861502811,1.70246765678319,0,0.127335377457333,1.05654018755341
"2673","DDX41",0.31369501007531,0.00132471153070509,0,0.408201486060131,0.236784738696778
"2674","DDX42",0.849966764775835,0.0142070768162212,0,0.250542548904182,0.3784543735229
"2675","DDX43",0,0,0,0,0.164663566446337
"2676","DDX46",0.073169195544265,0.223888652295164,0,1.08021727289594,0.155211571542936
"2677","DDX47",0,0,0,0,0.369748363746773
"2678","DDX49",0.146125741887285,0.751161678089826,0,0.672133182511771,0.0311041886378323
"2679","DDX5",1.03601807811916,0.0818834165758458,0.118707132628048,0.898617360157383,0.011406327110769
"2680","DDX50",0.349480543150321,0.0343937828187008,0,0.290356699008594,1.38987812102664
"2681","DDX51",0,0,0,0.303426691982153,0.218938047045046
"2682","DDX52",0.132756880772497,0.777918445488112,0,0.966850388288195,0.0667216665428319
"2683","DDX54",0.0993772603116369,0.0612335178801905,0,1.90754627425864,0.232386477551225
"2684","DDX55",0,0,0,2.21737201882943,0.0553619106611952
"2685","DDX56",4.77671331645008,0.164272412723396,0,0.391644324498167,0.214761568182991
"2686","DDX58",0,0.467757866683645,0,9.84018537575163,1.79523888162416
"2687","DDX59",0,0.247344035421972,0,0.103968768611995,2.61261392346258
"2688","DDX6",0.365128533073407,0.232068116741912,0,0.023058021674219,2.24317801108611
"2689","DDX60",5.81885362868436,3.2951848372873,0,2.272672178299,4.89668237641786
"2690","DDX60L",0.0260304120470465,21.4422684272711,0,10.1971752822774,8.30737339345526
"2691","DEAF1",0.201582081569381,2.95976998392525,0,0.693704533830229,0.137532205554661
"2692","DECR1",0.266895218826917,0.247818879421084,0.000554245306924246,0.044319186391651,2.38002514002944
"2693","DECR2",0,0,0,0,0.00158645772190186
"2694","DEDD",0.666573237882191,0.0105201708207308,0,1.78035869256229,0.466866922076769
"2695","DEDD2",0.144782029025589,1.62213001475401,0,4.33474232941482,2.46221620256017
"2696","DEF6",0.344577888003875,0.0828913836404324,0,0.320464480701038,0.106805377704645
"2697","DEF8",1.42665531907171,0.411435490068967,0,4.64400990570786,6.13064391122676
"2698","DEGS1",0.211671926892373,0.24525640464652,0,0.45081746090466,0.0203411529218965
"2699","DEK",1.98313193114218,0.0911606343460909,0,0.286626152808851,1.38186348136719
"2700","DENND1A",0,0,0,0.274954057272575,0.00468609661608514
"2701","DENND1B",0,0.0113004914731018,0,1.84683526091382,0.427238466134097
"2702","DENND1C",0.121838525768991,0.00297802767865113,0,1.04915990881299,0.65778469151887
"2703","DENND2D",0,4.29371396578013,0,7.03104659579167,14.0044468013776
"2704","DENND3",1.8511341217659,4.34705057710665,0,0.0070924489646922,0.813567846553424
"2705","DENND4A",1.25443163409152,1.57505432477054,0,0.244725142732003,0.175168741000834
"2706","DENND4B",0.0532252558045885,2.41095915886428,0,0.0282930153393091,0.66721861593197
"2707","DENND4C",0,0.652745897524051,0,3.96048417415281,0.342892201082094
"2708","DENND5A",0,0,0,1.9910530963185,0.822051627288871
"2709","DENND5B",8.2882713182718,0,0,0,0
"2710","DENND6A",0.966719100779437,0.726013853411266,0,3.99239486073039,1.83781567521988
"2711","DENND6B",0,0,0,7.55927264181407,1.75557558652223
"2712","DENR",0.425234896939153,3.80233838446955,0,0.017978950495291,1.06929443417908
"2713","DEPDC5",0,0,0,0.105788007046809,0.336750422016096
"2714","DERA",0.00019976564096169,0.145253953610833,0.750275220251052,0.0638496090633594,2.33044986960316
"2715","DERL1",1.57378463596612,0.143437583416404,0,1.25987732421639,0.349766639261201
"2716","DERL2",0.0139534558585984,2.53379348524402,0,0.93135718458699,2.52158541151889
"2717","DERL3",0.429185454700359,0,0,0,0
"2718","DESI1",0.443980418538566,5.6958275398694,0,6.03892141751906,3.5584825449848
"2719","DESI2",0.173851269020304,5.41953821151144,0,6.22479799105929,2.5193335950087
"2720","DET1",0,0,0,0,0.215626797006813
"2721","DEXI",0,0.776903042284913,0,0.22504460182609,0.302200710882131
"2722","DFFA",0.335742355956065,0.0652037442475086,0,2.09643752210838,1.73740368561566
"2723","DFFB",0,0,0,0,1.49338220720444
"2724","DFNB31",0,3.3592315006125,0,0,4.18543178132005
"2725","DGAT1",0,0,0,0.566590696500148,3.37956691675912
"2726","DGAT2",0,0,0,0.760197735609404,0
"2727","DGCR14",0,2.68209732134056,0,0.0175475808178354,6.98700073227534
"2728","DGCR2",0.285908304495717,0.859261678032234,0,1.52157291352818,0.241291498261874
"2729","DGCR6",0,0,0,1.60504778526689,0.381267964226769
"2730","DGCR6L",2.28758947283591,0.776894941967126,0,1.02675339701783,1.30258881515032
"2731","DGCR8",0,0.662661296457679,0,0.809606563084284,0.0421052099555297
"2732","DGKA",2.30542557573939,0.968110355022482,0,1.31697172425625,0.856648671475786
"2733","DGKD",0.000305414179750092,0.232009633334336,4.17009336183011,0.764712573148017,0.75794435964618
"2734","DGKE",0,1.15069920037785,0,1.4973515007317,0.258218375354346
"2735","DGKG",0,0,0,0.535540058848863,0
"2736","DGKH",0,0,0,0,5.1479206009218
"2737","DGKI",0,0,3.43155104743477,0,0
"2738","DGKQ",0,0.0817518182155295,0,1.48102961128596,0.19262930443461
"2739","DGKZ",0,0.032057447178899,0,1.37412822499979,0.00569816890164958
"2740","DGUOK",0.00271422429884748,1.63340121338901,1.58299915778783,2.32738457184304,1.12023472610998
"2741","DHCR7",0,0,0,0,13.1390376036682
"2742","DHDDS",0,1.03914213238304,0,0.00435507620330336,0.292444217393187
"2743","DHFR",0,0.526323604257153,0,1.74308782774695,1.30962400648283
"2744","DHFRL1",0,0,0,0,0.267977365714227
"2745","DHODH",0,0,0,0,0.761538943790403
"2746","DHPS",0.252592205236174,1.6201318043529e-05,0,0.00161689294004275,0.921092617734315
"2747","DHRS1",2.37773923367295,12.2236762110485,0,0.196070879228661,0.0120996930419757
"2748","DHRS11",0,0,0,0,3.40137394130415
"2749","DHRS12",0.0197207990775417,0,0,0.0312255622055029,0.119267581327783
"2750","DHRS13",0,0.0605271054375797,0,0,1.60190183724252
"2751","DHRS3",0,3.96282383865778,0,3.22711648676686,6.00895534403755
"2752","DHRS4",0.0259697040219077,1.63849669986411,0,0.418140486852091,0.483028232697118
"2753","DHRS4-AS1",0,0,0,0.736287793284433,1.15930260421995
"2754","DHRS4L2",0.241560757169376,0.103895512837775,0,0.0930185015348003,0.0122383724739099
"2755","DHRS7",4.83304357858799,0.600655984220894,0,1.94621760787806,2.26364685904078
"2756","DHRS7B",0,0,0,0.828446776738887,0.113184088746991
"2757","DHRS9",0,0,0,0.603660287956838,0
"2758","DHRSX",0.0171304320504904,0.0638892801209925,0,0.333634211936069,0.567358877254339
"2759","DHTKD1",0.34615422978218,0,0,0.207589000556094,3.23179260209906
"2760","DHX15",0.024858168318396,0.854429175575902,0,0.670602477466534,0.469706038899731
"2761","DHX16",0,2.0285082456691,0,0.00776886571995183,0.739657377585668
"2762","DHX29",1.3818422420467,0.0115947652390878,0,0.657612109691133,1.71328547810964
"2763","DHX30",0.0794080333122366,0.973184455219897,0,0.182082725084815,0.56673907389418
"2764","DHX32",0,0,0,0.0173849821366108,0.27419566722904
"2765","DHX33",0,0,0,0.0564878167529977,0.388526775334594
"2766","DHX34",0,0,0,0.025785945632109,0.00937086762908097
"2767","DHX35",0,0,0,0.00576036566257207,0.580856556105383
"2768","DHX36",4.04088708470659,4.01114527174014,0,1.6440811601516,1.02333351510077
"2769","DHX37",0,0,0,0.047889797120529,0.135472733091778
"2770","DHX38",6.37807292722552,0.755010577469234,0,0.093553316334862,1.79244730589721
"2771","DHX40",0.671860898577154,0.0668585301151751,0,0.916712928870985,1.21260639784927
"2772","DHX57",0,0,0,1.5570148183288,0.142214867508397
"2773","DHX58",0,0,0,0.0573311612600843,0.035688602685613
"2774","DHX8",0.16004142033282,1.18820295787116,0,0.0289691037220907,1.26224541350151
"2775","DHX9",0.418936889626812,1.79119819491464,0,0.180419057504293,1.83551719620668
"2776","DIABLO",0,1.42006068174483,0,1.66987083839238,3.27799755437779
"2777","DIAPH1",0.339567832429048,0.094580245407835,5.2533117239966,2.05108821693639,0.142755221835456
"2778","DIAPH2",0.0331561151885201,0.573407881666446,0,5.8449117760656,0.278058489267141
"2779","DICER1",12.8177669237669,0.42566342315124,0,2.33889088717439,0.146976496228607
"2780","DICER1-AS1",0,0,0,0,0.506414075262725
"2781","DIDO1",9.65116297587901,1.76945460546397,0,0.939176047241951,1.00938569331527
"2782","DIEXF",0,0,0,0,0.101915320098568
"2783","DIMT1",0.0553241308531837,0.00238806665890454,0,0.0299095217460613,0.147287995423767
"2784","DIP2A",0.0238205767737275,0.240352419900567,0,0.150604631541618,0.0711467465921101
"2785","DIP2B",0.427897887456878,0,0,0.404095625660534,0.685009772873814
"2786","DIP2C",0,0,0,0,0.140803246498584
"2787","DIRC2",0,0,0,0.641179889718336,1.39578994496976
"2788","DIS3",0.232575536253838,0.430415939210875,0,3.51540692573282,1.49514661026344
"2789","DIS3L",0,0.218444608325946,0,0.380334009367789,0.433399599993863
"2790","DIS3L2",0.47912946289629,1.70079827050373,0,1.12489937457824,0.322603513631731
"2791","DISC1",0,0,0,2.74440851031252,1.02828274481103
"2792","DISP1",0,0,0,0,0.146943712985415
"2793","DKC1",0.540837510424103,1.74519772083634,0,0.878382123342247,0.450383282801447
"2794","DKK3",0,0,0,0,2.52173243607521
"2795","DLAT",0,0,0,2.37250641443629,0.49045166031088
"2796","DLD",0.122800208645212,0.289753836833728,0,4.3744871726402,1.92276267286443
"2797","DLEC1",0,0,0,0,0.122097795535319
"2798","DLEU2",0.55129420687767,4.34131581926545,0,0.559068127469707,0.234303369385936
"2799","DLEU7",0,0,0,0.00557561418877619,0
"2800","DLG1",1.52920332757606,1.07821217494765,0,2.58911338097352,1.37995674974184
"2801","DLG3",0,0,0,0,2.17870935077869
"2802","DLG4",0,0,0,0.0246518083136757,0
"2803","DLGAP1-AS1",0.29076743410744,0.328535104010899,0,0,0.327248695513668
"2804","DLGAP1-AS2",0,0,0,0,1.03763246449961
"2805","DLGAP3",0,0,0,0.00935013440874772,0.20350378646289
"2806","DLGAP4",1.12343820376251,1.56683300211914,0,0.0765796305780274,0.384871815243103
"2807","DLL1",0,0,0,0,0.00134285266943851
"2808","DLL3",0,0,0,0,9.24613827612014
"2809","DLST",0.0072554014934654,1.566752223197,0,0.184303606607579,7.50112178788286
"2810","DMAP1",0.225276419451226,0.690668935852338,0,0.0488322806928041,0.278842567072673
"2811","DMGDH",0,0,0,0,0.381741535506975
"2812","DMKN",0,0.807129935565094,0,0,0.139109546982045
"2813","DMPK",0,0,0,0,0.425616189025551
"2814","DMTF1",0.186556739634113,0.82222070757789,0,4.7352072585367,1.93143664340264
"2815","DMTN",0,0,2.3499720498354,0,0.036668355319607
"2816","DMWD",0,0,0,0,0.000747617598900546
"2817","DMXL1",0.220900846511508,1.37171634640238,0,1.9233599620119,1.98795898512731
"2818","DMXL2",0,0,0,1.04490611523501,2.49689766211826
"2819","DNAAF2",0.45919504700314,0.15686570620611,0,2.86458398774937,0.352017347563639
"2820","DNAAF5",0,0,0,0.0581925190464664,0.791137079029766
"2821","DNAH1",0,0,0,0.48087392904415,0.511519136410117
"2822","DNAH14",0,0,0,0,0.0114071508985742
"2823","DNAH6",0,0,0,0,2.52803710154517
"2824","DNAI2",0,0,0,0,2.52054258850393
"2825","DNAJA1",2.07703343355124,0.00866669517994193,0,0.0164450546437744,0.195830543225767
"2826","DNAJA2",0.925610496811664,0.0192322713458065,0,0.0429403211627417,2.22981627319875
"2827","DNAJA3",0.283749805158323,0.765101368526783,0,1.07380138399513,0.787146806940112
"2828","DNAJA4",0,0,0,0.310274386116129,0.298562798456355
"2829","DNAJB1",3.92159774660461,1.02353569610828,0,0.365812789974375,0.327283262094707
"2830","DNAJB11",1.31467195822641,0.125662622625491,0,0.267255126305714,2.37750024648174e-05
"2831","DNAJB12",0.141776326270137,0.797960941491904,0,4.98059873488856,0.0019422153154058
"2832","DNAJB14",0.765017023677285,4.72852055747244,0,0.168677219265268,0.972978933059574
"2833","DNAJB2",5.2398133772452e-05,6.89365836989686,0.0443019393762263,3.6574725714776,2.49216783963832
"2834","DNAJB4",0,0,0,0.348560739968438,0.0458760237213859
"2835","DNAJB6",0.204202707977542,0.480272676420777,0.249144574951069,0.921511341107035,1.36717209370921
"2836","DNAJB9",1.32598911703645,0.0339028919628122,0,0.36543576117413,1.27872973367968
"2837","DNAJC1",0.0404719260169069,0.129092953312233,0,0.625232550155447,1.87221980769079
"2838","DNAJC10",0.931843499848833,2.55900579520291,0,1.50707993577377,3.90083087571422
"2839","DNAJC11",0,0,0,0.419688275205255,0.0850195070085829
"2840","DNAJC13",0,1.5607805881129,0,11.6491674086972,3.38146772119281
"2841","DNAJC14",0,1.05083154523952,0,0.810696624529173,0.096537168980466
"2842","DNAJC15",2.12183679787592,0.843969236836022,1.48299539329976,0.21412913530657,0.0735377104203431
"2843","DNAJC16",0,0,0,0.00413763518802141,0.338722428726321
"2844","DNAJC17",0,0.0696314639756612,0,2.70586627211758,0.0839682333726018
"2845","DNAJC18",0,0,0,0,1.66147263367144
"2846","DNAJC19",2.20996214058773,0.432101751659844,0,2.82696170698938,0.174264362993562
"2847","DNAJC2",0.00867069855304285,0.0153767213749541,0,0.122028498892584,2.15204007592606
"2848","DNAJC21",0.278176816405032,0.0415770390922354,0,0.693169819777586,0.110260817243871
"2849","DNAJC24",0,0.121079695252931,0,2.00620496432308,0.290240278472069
"2850","DNAJC25",0,0,0,0.715286287627193,0.0924883454943616
"2851","DNAJC25-GNG10",0,0.231933337251869,0,5.73338680968611e-06,0.0600464612845311
"2852","DNAJC27",0,0.18913467744752,0,0.200039923675039,1.93705755077943e-06
"2853","DNAJC27-AS1",0,0,0,0,1.29446431432854
"2854","DNAJC3",0.0720088429255528,0.647994119990755,0,0.306407412973125,0.121845598874131
"2855","DNAJC3-AS1",0,0,0,0,0.0333152021569757
"2856","DNAJC30",0.0671087096193125,0.299320127742979,0,0.558023862923374,0.000157038707532408
"2857","DNAJC4",0.000241108142056917,0.723090839999958,1.5726060304731,3.10258925169726,0.0677945779371603
"2858","DNAJC5",0.116562849190132,0.372175991573095,0,0.597294500754769,0.62919941371948
"2859","DNAJC7",0.0583147517735306,0.121450323464315,0,0.0468624073254352,0.311670635524325
"2860","DNAJC8",0.204755256008823,0.063835774486115,0.0386580841784911,0.310101496309061,0.0302518775605634
"2861","DNAJC9",0.000205021994866316,0.00785934405874265,0,8.29313749588875,0.700098764782945
"2862","DNAL1",0,0,0,0,0.554075795219688
"2863","DNAL4",0,0.107349588993501,0,0.886577566496639,0.82863831805968
"2864","DNASE1",0,0,0,2.89144406056712,2.12037863887085
"2865","DNASE1L1",0,6.71059153033668,0,0.203819745114248,0.170411309395991
"2866","DNASE2",0,0.321418179429466,0,0.00613396096218099,5.16483932996585e-05
"2867","DNHD1",0,0,0,0.315840022670205,0.00501654049550741
"2868","DNLZ",0,0,0,0,0.0608790017473486
"2869","DNM1L",0.0159896248761763,0.142289130912615,1.21615403433066,2.53246946560691,0.175185691933781
"2870","DNM2",0.148392332627964,0.354298025202781,0,1.10719457084231,1.20869132055791
"2871","DNM3",0,0,0.999855872449711,0,0
"2872","DNMBP",0,0,0,0.258858593656976,0.0873009544578039
"2873","DNMT1",0,1.02159270409408,0,2.12730376993865,2.18279388820814
"2874","DNMT3A",0,0.107094261195404,0,0.0474808430056842,1.29363620781779
"2875","DNPEP",3.88657012569719,0.220446401509469,0,0.16322923229579,0.113551554989686
"2876","DNPH1",0.0142932139155129,5.82306160318726,0,0.126619442359953,3.67883692367976
"2877","DNTTIP1",0,4.80344939754455,0,0.788090811368322,0.730607669259448
"2878","DNTTIP2",2.76307730287461,0.201179751478256,0,0.560625348950793,4.59439704138554
"2879","DOCK10",0.00858198543644992,1.69366299532392,0,0.211820286900965,0.0964189408824599
"2880","DOCK11",0.937143737385113,0.990666392358791,0,3.98364134225769,0.854760020417572
"2881","DOCK2",0.365896835786216,9.83685146162011,0,0.430548191103076,1.95531651566967
"2882","DOCK4",0,0,0,0.997858506026846,0
"2883","DOCK5",0,7.37721709674504,0,0.551305962986503,0.00101051355548744
"2884","DOCK7",0,0,0,4.20441746462008,0.878404325933291
"2885","DOCK8",0.77539090795339,0.668780876471666,0,0.132567349787368,2.72852098220695
"2886","DOCK9",0,0,0,0,0.206258778341891
"2887","DOHH",0,0,0,0.664222028800178,0.0190217448023497
"2888","DOK1",0,0.117567957553873,0,0.0137964949673454,0.454609053360185
"2889","DOK2",0,1.94510114338302,2.91010814249203,0.252620150725134,0.0776408005725957
"2890","DOK3",0,0,0,1.10164987456854,0
"2891","DOLK",0,0,0,0,0.084792928058373
"2892","DOLPP1",0,0,0,0,0.012112556438789
"2893","DONSON",0,0,0,0.300359106404105,0.109057342438314
"2894","DOPEY1",0,0.210782780744484,0,0.0300268888021805,8.0213752595501e-05
"2895","DOPEY2",5.48669474460513,0.209298406272126,0,0.0671343651561923,0.0504801508521668
"2896","DOT1L",0,0,0,1.37447485637721,0.0993043844664001
"2897","DPAGT1",0,0,0,10.3925245806484,2.07056920364563
"2898","DPCD",0,0,0,0.00872083116960263,0
"2899","DPEP2",0.000238227037831403,1.58229984580315,0,6.73890608348655,1.62454193413481
"2900","DPF2",2.91044683057381,0.0213354959636215,0,0.770992016906124,1.01368831989133
"2901","DPH1",0,0.03042271497563,0,0.138366747361026,0.0515864499320146
"2902","DPH2",0,0.0538203464561476,0,0.00277513656392619,3.78098181467646
"2903","DPH3",0.280178599456877,0.268566844420924,0,0.124513805426209,0.183517510916747
"2904","DPH5",0.34384739252434,5.59221658652118,0,0.00614695750598536,0.0576508700417553
"2905","DPH6",0,0.887442762749054,0,0.252392831616394,0.636205640373818
"2906","DPH7",0.166492727600959,0.595215270911988,0,0.174058076924556,0.83518480430557
"2907","DPM1",0.414754356954128,0.00221916062683894,0,0.00423920102078126,0.0677100180784679
"2908","DPM2",0.29930674088785,1.17389517935226,0,2.96593543164555,1.92537459061269
"2909","DPM3",0.526156676699666,0.94938014556118,0.13224656212619,0.066405574730977,2.88548037115748
"2910","DPP3",0,0.923605402471368,0,0.721030871803263,0.377169715111224
"2911","DPP4",0,0,0,0,1.10994037553713
"2912","DPP7",1.44172691876144,0.0433031728202394,0,0.29762999370634,1.56149278427566
"2913","DPP8",0.00621835224211229,1.36495981675996,0,1.02364923018973,0.466467035876812
"2914","DPP9",0,0.0110493231838223,0,0.0705499556712336,5.42570444344491
"2915","DPY19L1",0,0,0,8.36766178800606,0.0082529289425386
"2916","DPY19L2",0,0,0,0,3.3313671449266
"2917","DPY19L3",0,0,0,0.62101379737376,0.147874082785384
"2918","DPY19L4",0,0,0,2.66455151494304,0.440011044415593
"2919","DPY30",2.27232341952182,0.00313619962516401,0,0.314543535853695,1.15120753265006
"2920","DPYD",0,0.000145620384352281,0,12.4359263719313,0.193685277064141
"2921","DPYSL2",0,0,0,1.05571750654651,0.11031653312081
"2922","DPYSL4",0,0,0,0,6.52168709983952
"2923","DR1",0.54082976494817,0.0118457365369671,1.85158881187401,1.04833204394533,0.521768294319078
"2924","DRAM1",0,0,0,5.22970884862813,2.08473246536963
"2925","DRAM2",2.02566004475045,0.473249853594268,0,0.143451879336992,0.023711068953249
"2926","DRAP1",0.249414591213279,0.186645973936035,0.000142969118648483,3.36017762461745,0.0195247513858295
"2927","DRG1",0.000313209612467604,1.34937916132808e-05,0,0.0172036772485205,0.587617380681762
"2928","DRG2",0.0681642448917636,0.0833861875757737,0,0.705665151763162,1.12553929336534
"2929","DROSHA",0,0,0,1.21550468700603,2.52343520010814
"2930","DSC1",0,0,0,0,1.97533679514735
"2931","DSC2",0,0,0,2.4901681331131,0
"2932","DSCR3",5.40067815519103,0.0468716118027622,0,0.0474747575900842,0.00184273911716253
"2933","DSE",0,0,0,0.498783074704926,0.0909829820475254
"2934","DSEL",0,0,0,0,12.7518640185061
"2935","DSN1",0,0,0,0.133770534005192,1.06120824784005
"2936","DSP",2.8186194683464,0,0,0,0
"2937","DST",0,0,0,0.0266688055174977,0.218464307555101
"2938","DSTN",0.0640459741503649,5.2167075330842e-05,1.94835422726179,0.384698880089078,0.0528708225192925
"2939","DSTYK",0,3.64512309411074,0,7.22526743216871,3.37211908728074
"2940","DTD1",0.599336956317779,5.96500814432443,0,4.32890069703591,1.80145303565139
"2941","DTD2",0,0,0,0,2.89357842651105
"2942","DTHD1",0,2.28987237645725,0,0,2.68846404323561
"2943","DTNB",0,0,0,0.639481165335251,0.995285427016284
"2944","DTNBP1",1.92932890064519,0.550725715053529,0,1.48079311766763,0.722677367895723
"2945","DTWD1",0,0.663628274441584,0,0.0790177191405459,2.67681540178784
"2946","DTWD2",0,0,0,0,1.81343091036763
"2947","DTX1",0,0,0,0,18.6219109461579
"2948","DTX2",0,0,0,1.8631081290732,0.227035124080898
"2949","DTX3",0,1.48582586742366,0,0,0.0128351718797522
"2950","DTX3L",3.02906962169608,4.43781666805832,0,9.02652968115776,0.26223159934341
"2951","DTYMK",0,0.181586739505356,0,0.300287618197571,0.87643009939705
"2952","DUOX1",0,0,0,0,0.00738523685218323
"2953","DUS1L",0,2.20284285077301,0,0.0119785021684052,4.05803108236655
"2954","DUS2",0.246241311475578,0,0,1.01984695157044,0.174591109709755
"2955","DUS3L",0.0191421469426175,0.15505539860945,0,0.0583397317888352,0.591837062524589
"2956","DUS4L",0,0,0,2.63261273538638,0.634925131802438
"2957","DUSP1",7.32253759903457,11.6023664678446,0,1.95206005789181,3.74448141470772
"2958","DUSP10",4.01789404504213,0.0580269118762363,0,0.239700325763701,4.00679639210072
"2959","DUSP11",4.99849559157927,3.99344573190768,0,3.19721391744527,1.5357341383422
"2960","DUSP12",0.213207141132863,6.54906549284331,0,4.63176019455108,3.72190180420158
"2961","DUSP14",0,0.0839568953936786,0,0,0.576996717944306
"2962","DUSP16",0,0,0,0,1.53573956734951
"2963","DUSP18",0,0,0,0.723717050230291,0.00714347227363652
"2964","DUSP2",0.0127697104104023,1.31092682145808,0,0.0855826902307709,5.20685442326178
"2965","DUSP22",0.730921955506969,0.331402546450473,0.062223632334647,0.0031626815462163,0.0584052854342646
"2966","DUSP23",0,0.892415275525389,0,1.23466497455135,3.60128446312651
"2967","DUSP28",0.21700910325419,0.599697814593811,0,2.07129330078099,0.86529652451134
"2968","DUSP3",0,0,0,0.226723494257004,0.0460262826051214
"2969","DUSP4",0.200202364816602,0,0,0,3.03615515247903
"2970","DUSP5",0.000406407174657635,0.000928189059437066,0,0.00152854953445519,1.96495361372551
"2971","DUSP6",0,0,0,0.0743533442324785,0.299885402353568
"2972","DUSP7",0,0,0,0.160480642611899,3.69076380881626
"2973","DUSP8",0,0,0,0,19.7085369430177
"2974","DUT",0.561515875873933,1.80211414055311,0,0.682413407155167,3.10276929388984
"2975","DVL1",0,0,0,0.164751077885931,0.0479847162014148
"2976","DVL2",3.6640836443246,0.0637974084761157,0,0.0552798903573474,0.0424952213408286
"2977","DVL3",0,0,0,0.357565611198734,0.666410970450668
"2978","DXO",0.606174846705438,0.370787752472694,0,2.19325973415996,3.87240610811161
"2979","DYM",0.0411017580323163,0.287449103066057,0,2.001959438984,0.996753341873188
"2980","DYNC1H1",0.148995405609538,0.0128993339408803,0,0.0595989079049863,0.277505818863315
"2981","DYNC1I2",0.455111423566861,1.3142618193828,0,1.06315909339028,0.883239871842847
"2982","DYNC1LI1",2.92355747978794,0.108484790087316,0,2.43434336485696,0.0212845671913055
"2983","DYNC1LI2",3.27125921501271,1.97237372400322,0,0.203985948485754,4.04815881575307
"2984","DYNC2H1",0,0,0,0,0.0487879580533784
"2985","DYNC2LI1",0,0,0,0,0.117277945891453
"2986","DYNLL1",1.83679945618722,0.510461071336867,9.43322122727873,1.07860108647067,3.30595094370244
"2987","DYNLL2",0,0.340252119420457,0,0.593918549616092,1.1829750553916
"2988","DYNLRB1",0.478104784168429,0.188045898023266,0.350202327430583,0.218030158680358,0.00512204010718933
"2989","DYNLT1",2.13577835273825,1.5419615286078,0.113782623249664,0.00167715416894571,3.96211824532518
"2990","DYNLT3",0.403113451818604,1.13764863008342,0.829057737037357,0.0036425572768516,4.83466070247885
"2991","DYRK1A",0.295290275020604,0.337708769271927,0,1.81987420720246,1.50990415777297
"2992","DYRK1B",0,0.089223448960886,0,0.0218757343153523,0.00474071782032799
"2993","DYRK2",0,0.600803859392693,0,4.42783690314449,0.0267257253201732
"2994","DYRK4",0,0.267650251939568,0,0.536649632905687,5.72561307376925
"2995","DYSF",0,0,0,13.3771604028085,0
"2996","DZANK1",0,0,0,0,1.74296304835799
"2997","DZIP3",0.724989190560969,0.024796501988607,0,0,4.08369968368272
"2998","E2F1",0,0,0,0,0.0325832025984759
"2999","E2F2",0,0,0,0.158093220522403,0
"3000","E2F3",0,0.209859436414555,0,0.223343138264965,1.46730030849271
"3001","E2F4",0.0454549078422413,0.265140658542622,0,3.56712226691432,0.152638461629876
"3002","E2F5",0.151617381715417,0,0,0,0.122885888551994
"3003","E2F6",0,0,0,0.00273321419841834,0.132178098257733
"3004","E4F1",0,0.36563927954098,0,0.174098657914745,0.0782439172366857
"3005","EAF1",1.0255670846295,1.34501955235406,0,4.89914116856897,3.34196327386829
"3006","EAF1-AS1",0,0,0,0,0.00184625599220261
"3007","EAF2",6.9653974567942,0,0,1.70045739930234,0.97934940985478
"3008","EAPP",0.0274872729082344,0.903926285458434,0,1.66339411407043,1.38515557325008
"3009","EARS2",0,0,0,0,0.825202543079723
"3010","EBAG9",0.901685166572435,0.221819695130309,0,0.0115990336474429,1.20968882362295
"3011","EBF1",0.020086343703223,0,0,0,0
"3012","EBLN2",0,0,0,1.14614314979371,0.406798846832216
"3013","EBLN3",0.909958925859649,0.00149326338713114,0,1.02581630266912,1.19733995692573
"3014","EBNA1BP2",0.47605040786429,0.102098577783626,0,1.33125858174879,1.42272500826485
"3015","EBP",0.126226790822208,1.1162462316939,0,0.312712473697706,0.0229678962882635
"3016","EBPL",1.81773777481191,1.30692056941994,0,0.0621147423557711,0.673580502352465
"3017","ECD",1.14663208348499,1.17115466139557,0,0.13977979167097,4.32239894519153
"3018","ECE1",0.00142251063151738,0,0,4.67904250514182,0.0247489408354125
"3019","ECH1",0.0830588799231582,0.277962688919317,1.16198339573086,1.44855222318818,0.554302017209355
"3020","ECHDC1",3.51832036078358,0.00358145851309825,0,3.46379516100351,2.60540606251829
"3021","ECHDC2",0,9.36102009603486e-05,0,0.318097723073719,0.146688363894865
"3022","ECHDC3",0,0,0,0.443067985472205,0
"3023","ECHS1",0.423235159003836,1.4814589995181,0,0.543976383674117,0.960956865015393
"3024","ECI1",0,0,0,0.0911371765130493,1.03394453336126
"3025","ECI2",0,0.660874003527472,0,0.24135234483497,0.00245680328862179
"3026","ECSIT",0.0439136183310353,0.453729432072247,0,0.0411283772760241,2.3820744372342
"3027","ECT2",0,0,0,0,1.48581771843079
"3028","EDA",0,0,0,0,0.00278966477381839
"3029","EDAR",0,0,0,0,0.553631132007055
"3030","EDARADD",0,0,0,0,0.505053225233775
"3031","EDC3",0,0,0,0.00337718064705413,0.0890759671132234
"3032","EDC4",0,0,0,0.0477028205778,0.115461401124827
"3033","EDEM1",0.203349199631015,1.14191349607615,0,1.38861280767011,3.91512160157253e-05
"3034","EDEM2",0.0120376971266728,2.78851986195686,0,0.818275811951076,1.23361185116099
"3035","EDEM3",0.10168664897578,0.0886009441199112,0,1.40066799445499,0.572757071204811
"3036","EDF1",0.692454353912431,2.64842607954667,5.77258915612784,0.115552248530611,0.19179708550045
"3037","EDRF1",1.86847344531006,0.0141450028282001,0,0.0892462379772856,1.06852743796796
"3038","EEA1",0.0109258283595254,1.52438452324759,0,2.60645764865713,0.167019405587718
"3039","EED",0.88518483960799,0.11023857117067,0,1.09505846895087,2.15256629392299
"3040","EEF1A1",0.000414395953174412,0.0032220844131265,4.2943827832002,14.4661328795883,0.884093780843549
"3041","EEF1B2",0.0303525272579171,0.0250108711636532,5.89929549766358,12.398863598455,0.139008586450138
"3042","EEF1D",0.479483363869104,0.253014499175164,0.0723602154474084,3.55988510007958,1.37755744968407
"3043","EEF1E1",0.268116488325719,0,0,0.297483469920139,0.25142549698049
"3044","EEF1G",2.2743955292297,0.933376511481179,0,2.0757774908277,0.570179949372644
"3045","EEF2",0.094339305608955,0.156150466529376,2.03745385388841,17.0209329473948,5.21303174830437
"3046","EEF2K",0,0,0,0,0.709512718248478
"3047","EEF2KMT",0,0,0,2.34234896564156,1.9582022114452
"3048","EEFSEC",0,0.0292462407837244,0,0.0658041087584805,0.32809749365757
"3049","EEPD1",0,0,0,0.540085694409188,3.88818918971323
"3050","EFCAB11",0,0,0,0.0704057128563136,0.0320586675763738
"3051","EFCAB13",0,0,0,0,0.638510722754916
"3052","EFCAB14",0.183466120519517,0.102975184256059,0,0.292451220136536,0.089577596307642
"3053","EFCAB2",0,0,0,11.7999605189336,1.22328574067967
"3054","EFCAB7",0,0,0,0,0.259990634761208
"3055","EFHC1",3.02469153923625,0.396663181780389,0,1.83653145696537,4.33732687206559
"3056","EFHD2",0.88705522802904,3.18287873482436,0,0.0780463876901359,1.92413534785518
"3057","EFNA4",0,0,0,0.22893947153924,0.00165698394225207
"3058","EFNB1",0,0,0,9.04693484839751,0.601385011025647
"3059","EFR3A",0.324029567237912,1.1698591844539,0,0.459555954400448,3.37058460967253
"3060","EFTUD1",0,0.2412683376281,0,1.55740341893264,2.27896865081122
"3061","EFTUD2",1.5344782988023,0.307988397338728,0,0.348941774823229,0.112798070262908
"3062","EGFL7",0,0,3.8995827024801,0.911833184276318,2.74693958141053
"3063","EGLN1",0.310157842534449,0.0242008730442961,0,1.60533563017394,0.257281574611903
"3064","EGLN2",0.072781400592966,0,0,0.342766153679338,0.0116957677384888
"3065","EGLN3",0,0,0,0,0.349256674634447
"3066","EGR1",0,0,0,5.61679603881856,17.2834606131432
"3067","EGR2",0,0,0,0.192741977328277,0
"3068","EGR3",0,0,0,0.275696714651594,0
"3069","EHBP1",0,0.70924755743493,0,0.0863633341487832,0.555278957984367
"3070","EHBP1L1",6.36869826169891,0.0361886863961447,0,3.05107896008492,0.215655756557432
"3071","EHD1",0.464515942796575,2.26216251757637,0,0.00213035056051281,1.00288060654964
"3072","EHD3",0,0,0,0,2.03163385109648
"3073","EHD4",3.12625365034075,1.74144330404676,0,1.18243055776404,0.296637429162372
"3074","EHMT1",0.318024485322481,0.13913013499408,0,0.037155465458734,0.278166769736815
"3075","EHMT2",0.0176706346136046,4.42108380809211,0,0.502491166285145,0.609457957888245
"3076","EI24",0.410088208728868,1.8809544706784,0,0.0244675001163549,0.400074330439577
"3077","EID1",0.782389909691252,0.00955072009475041,4.1028777963094,0.322827539306859,0.0376630413681198
"3078","EID2",0,0,0,6.87487360313407,1.67154074265818
"3079","EID2B",0,0.3259355893201,0,5.42480125447024,4.4005167991716
"3080","EID3",0,0.436646158520527,0,0.688575619863703,0.572957217156027
"3081","EIF1",2.28323485977259,0.478164500610271,3.23106599379502,7.50164745937401,3.55492483001743
"3082","EIF1AD",3.37358253444085e-05,4.61947194959696,0,0.000128120665260365,3.4328776287421
"3083","EIF1AX",0.692347579135618,0.831528182002803,0,1.05879834037982e-05,0.0933131920243587
"3084","EIF1AY",0.798394896125072,0.262637564931323,1.42385285930902,0.0483690729511888,0.273582076402107
"3085","EIF1B",1.61102716952859,4.70952561231906,0.0408915331911304,2.39033476686121,5.00513794562035
"3086","EIF2A",1.62187386208663,0.529829049651392,0,1.90753476464562,0.698364820074252
"3087","EIF2AK1",0.551626409746993,0.606554465756782,0.613133272632927,0.0823437727742648,0.921419367613117
"3088","EIF2AK2",5.96459354488827,3.7349515471452,0,2.84539915917282,0.0310556723494245
"3089","EIF2AK3",0.986990661698725,0,0,2.34311139624721,3.4025347094621
"3090","EIF2AK4",0.248992285161406,2.13575675862475,0,0.128419031074538,0.576021619364081
"3091","EIF2B1",0.504042033358921,0.0465944697429996,0,0.347038096773472,0.0079730607459932
"3092","EIF2B2",0,0.229598191627475,0,0.614554535084184,0.900452846466587
"3093","EIF2B3",0,1.01208258997064,0,2.18929787594012,2.01955566261727
"3094","EIF2B4",3.81065483953259,1.16212649499247,0,2.81189576927873,1.38077458985615
"3095","EIF2B5",0.220239204530176,0.262980249193733,0,1.91519224246725,0.00763472443208544
"3096","EIF2D",1.19402210699726,11.529555391649,0,1.93370183270212,0.992187449982884
"3097","EIF2S1",0.93722170842797,1.54492678564634,0,6.81564564487396,0.079111962916071
"3098","EIF2S2",4.30223063782274,0.473051306586975,1.05070507414702,0.0177696485179574,0.00239988609883514
"3099","EIF2S3",3.44088436620228,1.83369545647455,0,0.124749950108848,2.13100416742216
"3100","EIF3A",0.018666487161293,0.0129073777499055,0,0.00438998689249537,2.5749397390933
"3101","EIF3B",0.128348668362761,4.89684913534872,0,2.09202707024468,0.141319150395485
"3102","EIF3C",0,0,0,0.15154390994719,0.390497369379521
"3103","EIF3D",0.166912651325281,0.290974827886788,0,4.5200775055663,1.30963291235183
"3104","EIF3E",0.0821749858335962,1.47216298283994,0.0221054830437804,0.683928022570326,0.332862689660981
"3105","EIF3F",0.170719453934801,0.373715453336434,0.234117595605904,13.9718854790489,1.71658952091527
"3106","EIF3G",0.258987855111285,0.0225941525199512,0,1.93643722279115,0.428569136151271
"3107","EIF3H",0.835566497623046,0.496737524355792,0,6.24382292788752,1.03246788743002
"3108","EIF3I",0.0489041985318199,0.566536869200701,0,1.01192377318423,0.862765437728284
"3109","EIF3J",0.0169151896851619,0.0622377900878038,0.408663624332402,0.638395072253397,0.356205558419951
"3110","EIF3J-AS1",0.00158410917983145,0.321956936272658,0,1.02898783976568,1.75319557183325
"3111","EIF3K",0.0482829976554481,0.0292724215304464,3.080194124347,3.97159491587481,0.594359813227856
"3112","EIF3L",0.381250421328434,1.07470189667201,0,26.0468581914463,5.26110133270497
"3113","EIF3M",1.2775717626896,2.30268377969591,0,1.52908570424824,0.780550813516141
"3114","EIF4A1",0.611403088836339,0.0014039151785664,0,0.558791786019011,0.00263649206953866
"3115","EIF4A2",2.92403735786292,3.1404559548189,2.62801656809651,1.85548546417337e-05,0.038332940827312
"3116","EIF4A3",2.77296008071918,0.000197057682431305,0,1.49881501932083,0.0346661826703971
"3117","EIF4B",0.365054721242394,0.154607431787547,0,7.47587370447132,1.16678944118645
"3118","EIF4E",7.04334347431327,0.598030594505139,3.84841984136504,0.93828136910606,1.06802126317574
"3119","EIF4E2",1.96920853613874,5.68066780280068,0,0.126838727449264,0.00191297536358275
"3120","EIF4E3",0,1.41318725451975,0,0.034206828386499,0.042928350496742
"3121","EIF4EBP1",2.44971457316921,3.03431915392528,0,2.8565317587068,0.16440921711333
"3122","EIF4EBP2",0.115887257121713,1.0472926712595,0,0.592725178050856,0.931061295248672
"3123","EIF4EBP3",0,0,0,0.0450091676486793,0.547860882597447
"3124","EIF4ENIF1",0,0,0,1.16623296037149,0.7451636588123
"3125","EIF4G1",0.591409901871513,0.802964698860487,0,0.576447280489656,0.143605838770514
"3126","EIF4G2",0.00470569998815204,1.50550490668817,2.54266741217346,0.239666746893492,0.0552040521786238
"3127","EIF4G3",1.22381674868885,0.0187326205247912,0,0.810540534138993,1.16189000155183
"3128","EIF4H",0.00772041017734647,2.48731679548822,0,2.19230098669115,7.04068929269672
"3129","EIF5",7.65718712958921,7.74988521002766,3.73649290540977,6.38488747132271,4.7412813025669
"3130","EIF5A",0.163803476009858,0.199444827797585,2.88798783619028,0.053103828689137,1.070885775478
"3131","EIF5A2",0,2.16140460011925,0,0.724714311858672,0.54604205839983
"3132","EIF5AL1",0.100449670973197,0,0,0,0.000533754974326768
"3133","EIF5B",0.613543874763039,0.219766689028216,0,0.391708467784832,0.264849515363114
"3134","EIF6",0.0301597070681858,0.204525443266091,0,0.00243942628917393,0.0489140038824122
"3135","ELAC1",0,0,0,0.111128685019194,0.636284747227088
"3136","ELAC2",0.157962076854593,0.444542633122847,0,0.297275200317535,0.194696925863298
"3137","ELAVL1",0.0408778739301799,0.107099373658432,0.709525567530638,0.59071050419532,0.069065776787761
"3138","ELF1",4.23752130458186,0.0401102442621612,0.579889134674967,0.209636369208952,0.745122981213567
"3139","ELF2",0.144096878660976,1.63227947880683,0,2.74416978699046,10.1982182561673
"3140","ELF4",0,0.999857954096029,0,5.29561152936632,1.13306502558278
"3141","ELK1",4.65703315034361,0.765877085600324,0,8.48627433350703,1.37062872708589
"3142","ELK3",1.28288938475748,0.115018400942211,0,0.0580703334073085,0.469885462245033
"3143","ELK4",0.0462019593860974,0.268147212834509,0,0.0998397394053835,5.87175026199532e-05
"3144","ELL",0,0.116020590859637,0,0.727307432412355,3.59989313017282
"3145","ELL2",1.0948200407119,0.0585393269939242,0,3.14587797391767,2.421201888349
"3146","ELMO1",0.224923068562004,1.88467786830306,0,0.587098262899975,2.21250003140119
"3147","ELMO2",0,2.10167194620304,0,0.728413409511505,0.583060003811063
"3148","ELMO3",0,0,0,0,1.614433148109
"3149","ELMOD2",0,1.33219232444465,0,1.85078519025079,1.75138718156568
"3150","ELMOD3",0.217125392517431,0.215348367220086,0,0.585955117129,0.0401261997213287
"3151","ELMSAN1",0.0414694593089511,0.652635542893174,0,4.02895580864516,0.374073374011342
"3152","ELOF1",0.00197367317240921,0.236193211036781,0,0.00454851397611582,0.114102099663502
"3153","ELOVL1",0.21304332899374,0.219496646640326,0,5.07351124766184,2.55874946975898
"3154","ELOVL4",0,0,0,0,6.36236885132915
"3155","ELOVL5",2.69101640630718,1.59215010931842,0,10.1087169231689,2.49180418931571
"3156","ELOVL6",0,0.00708455682570759,0,0,1.09120165104376
"3157","ELOVL7",0,0,0.202295447414104,0,0
"3158","ELP2",0.0300383288709232,1.58466266999671,0,0.05484985590096,0.65566938018508
"3159","ELP3",0,0.522807081140075,0,2.1908201744877,2.4008789841798
"3160","ELP4",0,4.34945246632824,0,0.458213229991032,1.27993147689268
"3161","ELP5",0.0789808925984786,0.036792848106613,0,0.00182329078464302,0.147919503181842
"3162","ELP6",0.147340345667978,2.27020865074962,0,0.115121024427665,0.673750031038513
"3163","EMB",0.00245384820452753,4.88215112269396,0,7.65793764715423,0.0956371726299266
"3164","EMC1",0,0,0,0.683798921080868,1.73480633804285
"3165","EMC10",0.221392066312163,0.776080376819101,0,0.354757739591495,0.0441093030136192
"3166","EMC2",0,0.022609529764639,0,0.27189450076319,0.71105775692083
"3167","EMC3",0.023836683176922,0.803186435345521,0.243049252964529,0.395529432197021,1.61498610010902
"3168","EMC4",1.15540635494813,0.0707900036374368,0,2.28431333203257,0.695177767948949
"3169","EMC6",0.213740224662914,0.774908727397885,0,2.05038994886208,0.383640255488781
"3170","EMC7",0.343268459279518,0.047718108480493,0,0.199387037046335,1.21939790118013
"3171","EMC8",1.31706240919989,0.103398022944439,0,0.00716188622570497,0.385770304007903
"3172","EMC9",0,0.119899650177296,0,4.22432320530108,0.8589639308967
"3173","EMD",0.107714828728428,5.16295034488769,4.09228623400051,1.91960058175473,3.31981034570544
"3174","EME2",0,0,0,1.09345816109869,0.848561784691332
"3175","EMG1",0.862705442448076,0,0,0.173273780453437,0.0836669798628489
"3176","EMILIN2",0,0,0,0.00948968100535372,1.05016632595476
"3177","EML2",0,1.6660773259686,0,0.637365080831237,1.18889928202109
"3178","EML3",1.80050361002359,2.32084190446337,0,0.12482383925376,0.00332347151772493
"3179","EML4",2.71255336976082,2.29560956804367,0,0.0071975247403198,4.47824203734107
"3180","EML5",0,0,0,0,0.391711747860566
"3181","EMP1",0,0,0,0.665678877345822,0
"3182","EMP3",4.55333551753326,0.181092147062481,1.49575185945631,0.0814954724967299,0.0179025979290045
"3183","EMSY",0,0.806419356591706,0,0.222783488751982,0.0261419024484534
"3184","ENC1",0,5.79457281166085,0,0.0743628620984141,8.81082099931506
"3185","ENDOD1",0,0,5.14645118450618,0.0422051792746984,0.163408143339855
"3186","ENDOG",0,0,0,0.24062088844894,0.307618846257541
"3187","ENDOV",0.623826427654079,0,0,0.696162800111261,0.0829474818563857
"3188","ENG",0,0,0,15.0158400706187,2.82888475090809
"3189","ENGASE",0,0,0,4.22454766500031,0.00752875528583137
"3190","ENO1",0.00466602414509221,0.311743598489038,3.65983982331338,0.229452156888588,0.332881634604998
"3191","ENO1-AS1",0,0,0,0,0.301559459174871
"3192","ENO2",0,0,0,0,2.50311933764353
"3193","ENO3",0,0,0,0,0.00667351315052897
"3194","ENOPH1",0.0316989823631228,0.33494198377602,0,0.0124765242996861,0.0166078474848815
"3195","ENOSF1",0,2.06084658514683,0,0.884760271812945,2.71147873257273
"3196","ENOX2",0,0.200538736559975,0,3.93809242530556,0.40876046308054
"3197","ENPP4",0,0.869076482389954,0,0,0.0375329080043258
"3198","ENPP5",0,0,0,0,0.0808490106898685
"3199","ENSA",0.087961168231418,0.0131364838829601,0.0135028032551535,0.0364406327670472,0.0238615617956532
"3200","ENTHD2",4.22737378984741,0.0266901173641401,0,1.80657622618429,0.0695763211637809
"3201","ENTPD1",2.61949975831711,0,0,1.51195391014614,0
"3202","ENTPD1-AS1",0,0,0,0,0.629961711283824
"3203","ENTPD3-AS1",0,0,0,0.681174034681976,1.72667250043375
"3204","ENTPD4",3.7150153044947,8.40657296553297,0,1.06784013678816,3.21699274079869
"3205","ENTPD5",0,0,0,1.5658351785387,3.26284862560644
"3206","ENTPD6",0,0,0,6.08356347252958,0.0179012273773418
"3207","ENTPD7",0,0,0,0,0.527773331256628
"3208","ENY2",0.671603862811169,0.00944581790883997,0,0.0479069910746672,0.134463298735321
"3209","EOGT",0,0,0,2.00712199393199,0.406683227478871
"3210","EOMES",0,0.0983722245759719,0,0,7.47082004114795
"3211","EP300",3.42953286558033,0.376014051765746,0,0.256422851047074,2.80020348514486
"3212","EP400",2.70753849100475,0.805982719901825,0,0.247506626581214,0.95636618324646
"3213","EPB41",0.0531846919703946,0.217820001851577,0.782624944057023,0.942588452643767,1.44000352410777
"3214","EPB41L2",0,0,0,1.33300485889308,4.08614682595691
"3215","EPB41L3",0,0,0,3.98658538299349,6.15401760832195
"3216","EPB41L4A",0,0,0,0,6.20806765991395
"3217","EPB41L4A-AS1",0.141023027379381,1.37025595929464,0,6.18341833420494,3.89782993640254
"3218","EPB41L5",0,0,0,0,0.0130785591037816
"3219","EPB42",0.373132959625421,0,0,0,0.0184122999303202
"3220","EPC1",2.62553084045211,0.0804181171230597,0,0.0768572315957679,0.242477203331893
"3221","EPC2",0,1.7374917684447,0,0.713962069520074,0.0902786108667355
"3222","EPG5",0,0.224239765288013,0,1.605658819787,1.58141524978134
"3223","EPHA1",0,0,0,0,0.0691067835731856
"3224","EPHA1-AS1",0,0,0,0,0.955026015987746
"3225","EPHA4",0,0.0167978511106919,0,0,1.3950417196752
"3226","EPHB2",0,0,0,3.35866382421522,0
"3227","EPHB6",0.267006646267984,0,0,0.0155127009894232,1.58489575714276
"3228","EPHX1",0,0,0,7.64772201163391,0
"3229","EPHX2",0,0,0,0,0.134700313564939
"3230","EPHX4",0,0,0,0,1.70150121199363
"3231","EPM2A",0,0,0,0,1.00874895175961
"3232","EPM2AIP1",0.77196755332371,0.0343003509628766,0,0.111150847226563,0.7249406883274
"3233","EPN1",0.223786570051963,0.124984275661196,0,7.08499764475259,0.0555474256071483
"3234","EPN2",0,0,0,0,1.97971259416901
"3235","EPOR",0,0,0,15.4983124362434,4.68554751140807
"3236","EPRS",0.145894856789233,1.02104544551017,0,0.516875635758897,0.464487928114597
"3237","EPS15",0.215275033153703,0.184954191636575,0.0148101790127225,0.0120355523025347,1.04760853597582
"3238","EPS15L1",0.274621901774931,5.84663295832415,0,0.512700565892026,1.72884688293884
"3239","EPS8",0,0,0,0.588894106836491,1.25084425921541
"3240","EPS8L1",0,0,0,0,0.46016266416577
"3241","EPS8L2",0,3.24567537318641,0,0,0.262154053180916
"3242","EPSTI1",0.614992338576498,5.78129595519087,0,1.71052698020746,0.315588502957755
"3243","EPT1",0,6.09043427802316,0,0.499787399553848,0.577334179631775
"3244","ERAL1",0,0.000746047748678549,0,0.539199788709706,0.714186945037905
"3245","ERAP1",0,4.92464096626087,0,0.214313950733165,0.602101472804914
"3246","ERAP2",0.123899855409635,2.12756024085664,0,0.209738690917619,0.786885670720305
"3247","ERBB2",0,1.75867784031522,0,0,0.0896664471132323
"3248","ERBB2IP",0.346955293564657,0.503976194413013,0,1.60756280505231,3.8117057265971
"3249","ERC1",0,0,0,0.0427265855800641,0.248304967173582
"3250","ERCC1",0.0758041156311003,1.86156479019676,0,1.00406124088011,1.05161846269555
"3251","ERCC2",0,0,0,0.00299068175289959,0.00454126415841211
"3252","ERCC3",0,0.132039585626562,0,0.0608597522948334,1.67448419147371
"3253","ERCC4",0,0,0,0.138642619074515,0.315324067016484
"3254","ERCC5",0,2.11842309849498,0,2.80748208716656,1.67841968245779
"3255","ERCC6",0,0,0,0.155698838406203,0.00581453710814232
"3256","ERCC6L2",0,0.00817104218729737,0,0.021855023625229,1.02125952411933
"3257","ERCC8",0,0,0,0.00919874563825089,2.25057023910494
"3258","EREG",0,0,0,18.2232871239331,0
"3259","ERF",0,0,0,13.1798989226751,5.07224425088211
"3260","ERGIC1",5.27509459346451,1.39057576416057,0,0.481393401301926,2.04460097910971
"3261","ERGIC2",1.68249768272025,0.0571745967387889,0,1.56459910271383,0.0403234436044923
"3262","ERGIC3",0.00611863145123864,0.311639042402866,0,3.2852213553774,0.0384004530710597
"3263","ERH",0.129459504189739,0.0704082837412618,0.183329590889004,0.0948157277073154,0.030904090268243
"3264","ERI1",0,0,0,4.89880689152546,0.651540372180667
"3265","ERI3",1.66327488253056,2.32576592490809,0,0.0175692169765913,0.934782568889938
"3266","ERICH1",1.55548937655913,1.34588901765694,0,0.0428411116038019,1.99564713464426
"3267","ERICH6-AS1",0,0.0348433015349328,0,0,0.0988999968924704
"3268","ERLEC1",0.00840383992032979,0.204057629312714,0,0.570472753280057,1.81677530029333e-05
"3269","ERLIN1",0,0,0,3.03868153982195,0.0624344170534461
"3270","ERLIN2",0,0,0,5.35698875504162,0.574635707954379
"3271","ERMAP",0,0,0,0.103340160289235,0.0976473209202371
"3272","ERMARD",0,0,0,0.764828495266694,0.182338458355688
"3273","ERMN",0,0,0,1.87823608853117,0.952847139223261
"3274","ERMP1",0,2.84530218417325,0,0,2.82867129772641
"3275","ERN1",0,0.0348208871239835,0,0.00548094850005562,2.13206535898107
"3276","ERO1A",1.74764140699667,0.0847245551017269,0,1.69553559031659,3.03560918738551e-05
"3277","ERO1B",0.750268512752933,4.5649343368012,0,0.539385601714088,4.91336237623286
"3278","ERP27",0,0,0,0,0.115639239730259
"3279","ERP29",0.0293677247490735,0.827074467760189,0.541674245521448,1.05849316858589,0.0518345225016592
"3280","ERP44",2.32534599748207,1.25988675455421,2.15535121807707,0.0232344116356783,0.311102835963728
"3281","ERRFI1",0,0,0,0,2.42090689466393
"3282","ERV3-1",0.182576125525287,0,0,0.0709460217204764,0.185480477921969
"3283","ERVK3-1",0,3.86459239272979,0,0.215817346494213,0.0575269205763522
"3284","ERVMER61-1",0,0,0,0,0.441966180168649
"3285","ESAM",0,0,0.0394056793100565,0.220121976485504,0.319555841174305
"3286","ESCO1",0.684807363803363,2.23298869372914,0,0.799268815449527,1.04069062624891
"3287","ESD",0.0926874666403158,2.32349082477858,0.353562918079601,0.00264648891379824,2.59371538794315
"3288","ESF1",0.576633812455375,2.27441647515179,0,1.80509795043916,3.89988468079369
"3289","ESPN",0,0,0,0,2.36647577496275
"3290","ESR2",0,0,0,0,0.234775193866384
"3291","ESRRA",0,0.0111444562977374,0,0.338814728941285,0.0268904870125047
"3292","ESYT1",0.439739627801324,0.792155916426508,0,0.415373934968459,0.669083177839298
"3293","ESYT2",0,0.646271899574954,0,0.744762221372973,0.115073708145539
"3294","ETAA1",0,0.419468704311002,0,0,0.100521352432638
"3295","ETF1",2.55339476570804,5.44360531409949,0,1.84552616422515,2.22513172348251
"3296","ETFA",0.49080881430352,0.447838207672595,1.95527764469693,0.0012768685974982,2.54486590502477
"3297","ETFB",0.225929254264128,0.474030996438256,0,0.371624876622252,0.463166583959778
"3298","ETFDH",12.5891799573844,0.302224774458219,0,1.70703074872923,0.223050045471392
"3299","ETHE1",4.37475608273893,0.0119227164215578,0,0.347479335128781,0.816765820556501
"3300","ETNK1",0.350979541906228,0.0398670923506036,0,0.192570688679744,0.128873615366611
"3301","ETNK2",0,0,0,0,3.36702615111457
"3302","ETS1",3.00511016849197,2.63513939742638,0,0,8.59760994367242
"3303","ETS2",0,0,0,25.9057143557365,0.0132042075525064
"3304","ETV2",0,0,0,0.593304398555733,0.730648432941571
"3305","ETV3",0,0.214045669557056,0,0.0312042419818648,0.0381158554150271
"3306","ETV6",9.68898013651444,0.121185691383859,0,3.27356375024576,3.42915936868305
"3307","ETV7",0,0,0,0.343226508722573,0.0180963619865427
"3308","EVA1B",0,0,0,0.828005929021942,0.790538398048353
"3309","EVA1C",0,14.3291913772362,0,0,3.73168275555735
"3310","EVI2A",0.106217138580721,0.137254229066603,0,0.209652749018306,0.287438898046908
"3311","EVI2B",0.120229222220571,0.09968930029682,0,0.00235556451532525,0.00196150988309517
"3312","EVI5",0.445011965322834,0,0,0.00220342357392164,0
"3313","EVI5L",0,0,0,0,1.67984953208757
"3314","EVL",5.24350244608947,2.0803111192915,0,30.7956920184492,0.339380377616465
"3315","EWSR1",0.0384894230642797,0.867326982527678,0.174653249305085,0.274492396532793,0.141595948148255
"3316","EXD2",0,0,0,0,0.803744712373249
"3317","EXD3",0,1.94869393409222,0,1.19961056749386,0.00163393867382558
"3318","EXO5",0,0,0,0,1.17469513554973
"3319","EXOC1",0.340720050068101,0.208197889427594,0,0.528411026903982,0.857104838716071
"3320","EXOC2",2.41147792740525,0.0720861027671353,0,5.1817858743482,0.000164998222217237
"3321","EXOC3",0,0.172798562362182,0,0.112476645401347,0.152209768345721
"3322","EXOC3-AS1",0,0,0,0,1.46519022895006
"3323","EXOC3L1",0,0,0,3.2493538490962,0
"3324","EXOC4",0.0229785115023841,0.0554025386857892,0,0.258561589870634,0.516517187905117
"3325","EXOC5",0.00242343206314559,0.277933976538845,0,0.000108297060692672,0.727440344752522
"3326","EXOC6",0.189813916373861,1.48720725145313,0,17.3216321857715,1.26554514675058
"3327","EXOC6B",0,0,0,0,0.0453992577298666
"3328","EXOC7",0.0453772612933931,0.0156583469838325,0,0.242196263107558,0.958516540541754
"3329","EXOC8",0,0,0,0.377017110109033,0.797669913865034
"3330","EXOG",4.19048064151489e-05,0.51610449173202,0,0.931354142025888,0.185762948051226
"3331","EXOSC1",0.338491465940662,0.210238661818649,0,0.579563893895058,0.323893078431413
"3332","EXOSC10",0.64322510463086,5.16775729598364,0,0.0389158697803706,0.415259605089332
"3333","EXOSC2",0,0,0,2.41674109709538,2.31587083623222
"3334","EXOSC3",0.184813883734808,0,0,0.112237543667004,0.0661332065361589
"3335","EXOSC4",0,0.000440236299437267,0,1.41070135133053,4.40157980996647
"3336","EXOSC5",1.60552913876382,1.39572523097427,0,3.49651771804335,2.4030440795189
"3337","EXOSC6",0.00688009797214824,0.454832138368976,0,0.00126381364592516,0.209010423119003
"3338","EXOSC7",0.0606314790217743,1.04232295690937,0,0.336689003684324,0.381579695894878
"3339","EXOSC8",0.39208087037185,3.70059927718733,0,2.30058383061786,0.554538511105811
"3340","EXOSC9",0.699474331281048,0.463526868972834,0,0.402344941578476,3.28209281272835
"3341","EXPH5",0,0,0,0,0.0317129789277227
"3342","EXT1",0,0,0,5.92106663448822,0.0637259357210702
"3343","EXT2",0,3.53411584487988e-05,0,0.388961117073716,0.00197133352367608
"3344","EXTL2",0,0,0,0,0.107265536730025
"3345","EXTL3",0,0.0278796619583684,0,0.70602609185483,1.28738064028651
"3346","EYA3",0,0.0678190978530806,0,4.91307749908597,0.267094052610072
"3347","EZH1",0.831435904588364,0.503017343482832,0,0.12057244436238,2.06784748453672
"3348","EZH2",0,0.857525775217702,0,0.481311569165264,0.295963273647331
"3349","EZR",0.0186736680714983,0.00766595919731429,0,0.0527335515240599,4.19148377133579
"3350","F11R",0,0,0,0.428952566153842,0.846292423659348
"3351","F13A1",0,0,6.08202875365013,2.1827231523257,0.079952104220824
"3352","F2R",0,0.102650519267364,1.4089875567005,0,5.74534849097761e-05
"3353","F2RL1",0,0,0,0,0.0117071635491058
"3354","F5",0,0,0,8.54928119040572,2.08810567553443
"3355","F8",0,0,0,0,3.97310149262351e-05
"3356","F8A1",0,0,0,0.376680052178538,0.00755691857006511
"3357","F8A3",0,0,0,0.820546944377581,0.0391489682747838
"3358","FAAH",0,0,0,0.358431146367296,0
"3359","FAAH2",0,0,0,0,1.33920869998118
"3360","FAAP100",0,1.67547807122051,0,1.55379719544082,0.440336011434556
"3361","FAAP20",0.900980453986441,4.00831230061261,0,1.9177352633828,2.46291608179616
"3362","FAAP24",0,0,0,0,0.003119325232355
"3363","FABP5",1.3045074356477,0.782530809841602,0,0.312615844054872,4.62069785415539
"3364","FADD",0,2.36057547106768,0,0.569655947678321,5.42900845913248
"3365","FADS1",0,0,0,4.5685331475486,4.64635305708083
"3366","FADS2",0,0.105911285740259,5.81073274026612,0.359628452022627,0.0370256572086182
"3367","FADS3",0.0813587985616219,0,0,0,8.68483972667461
"3368","FAF1",0.583610481252869,0.172999641865929,0,1.00356128228901,0.100361841600211
"3369","FAF2",0.246001737014713,2.07959646296327,0,5.9966861414958,2.80635016275129
"3370","FAH",0,0,0.381207439901404,2.01302663037492,0.789534935103761
"3371","FAHD1",0,0,0,2.21491385241954,0.253200120460328
"3372","FAHD2A",0,0.102042073820791,0,0.188393942472662,0.459348980139021
"3373","FAHD2B",0,0,0,0,1.84202598841018
"3374","FAIM",0,0.629429018562391,0,0,1.05050599622609
"3375","FAM101B",0,0.369262154998755,0,0.0821249040903055,0.660119890366983
"3376","FAM102A",0,0,0,0,0.0822485334821281
"3377","FAM102B",0,0,0,0.0138845347050608,0.300905224076921
"3378","FAM103A1",0.00804644910283032,0.309119106623992,0,0.571043978734782,1.48108153168817
"3379","FAM104A",0.577494123121848,0.242378635140769,0,0.418325865338505,0.0448759052570459
"3380","FAM104B",0.20320404291655,0.624845061197721,0,0.728104252556085,3.49999737449624
"3381","FAM105A",0,2.29177787544471,0,12.6145834765706,2.32322154876998
"3382","FAM107B",0.596839760243781,1.06757694447736,0,4.16936351506788,0.11880540080361
"3383","FAM109A",0,0,0,3.87832796988509,0
"3384","FAM110A",0,1.27823900027437,0,3.60292429353542,1.79099258281571
"3385","FAM110B",0,0,0,0.232814191050438,0
"3386","FAM111A",0.265205363000131,3.13344255636767,0,5.48556645598216,1.91341962565246
"3387","FAM111B",0.127565291072929,0,0,0,0
"3388","FAM114A1",0,0,0,0.174607931561269,0
"3389","FAM114A2",0,0,0,1.18710139488897,1.00194853093148
"3390","FAM117A",1.50750164414302,0.309054427334958,0,0.136429424622178,0.0390122049707022
"3391","FAM117B",0.399079075318554,0,0,0.00501865708279073,0.179213935427083
"3392","FAM118A",0.0679956461810432,2.11037417040349,0,0.54394540759683,15.6839920213905
"3393","FAM118B",0,0,0,0.0876403830864986,2.94811943148295
"3394","FAM120A",0.499954947584069,0.969261536596261,0,0.306206645141032,1.85011613014655
"3395","FAM120AOS",1.05323076014222,0.0200448111155257,0,2.78670532182827,0.208838028827763
"3396","FAM120B",0,0.882298806896842,0,1.08692072554977,0.0338568758949832
"3397","FAM120C",0,0,0,0.991125175770597,1.66393917760969
"3398","FAM122A",0,0.455129027118714,0,0.901152740456466,0.92617262014486
"3399","FAM122B",0.154140810706489,6.95472918464892e-06,0,0.0560614648214086,0.793380063097773
"3400","FAM122C",0,0,0,3.08434927700523,1.08833563140425
"3401","FAM126A",1.70878374779,1.70134214582157,0,3.24926392700331,1.9144193235334e-05
"3402","FAM126B",2.00878724496291,0.569158260952028,0,0.00901833122072457,0.43549665021038
"3403","FAM127A",0,0.139427155450104,0,0.0755926104781468,0.0517835472502026
"3404","FAM127B",0,0.1239634173984,0,0.0252377997328792,0.0564582559917232
"3405","FAM129A",0,1.54624455239327,0,3.96465622247219,4.08183123179473
"3406","FAM129B",0,0,0,9.77609227179493,0
"3407","FAM129C",4.30852070050759,0,0,0,0
"3408","FAM131A",0,0,0,0.12119580730616,0.0469818009322551
"3409","FAM132A",0,0,0,0,3.93632474494708
"3410","FAM133B",0.0649582486790154,0.0214315193132619,0,0.0245125221914249,0.433306739265616
"3411","FAM134A",0.00958947003260116,0.000447550713209944,0,0.628289332440926,4.05220631605365
"3412","FAM134B",0,0,0,4.45209888739391,0.44501761719152
"3413","FAM134C",5.43901744803237,0.148142644957684,0,0.0290406617707361,0.0370070057650825
"3414","FAM135A",0.141655013917798,0,0,1.15461442318351,1.26890823115194
"3415","FAM136A",1.19231130485348,3.67089150303924,0,0.1403303390764,0.974159822765735
"3416","FAM13A",0,0,0,4.62934987763905,1.7788036184199
"3417","FAM13A-AS1",0,0,0,0.394920903151365,0.000409033009866761
"3418","FAM13B",3.32149064607411,2.42673609505331,0,0.139550876635738,0.0439843162104284
"3419","FAM149B1",0,0,0,0.837445732681236,0.106599098623802
"3420","FAM151B",0,0,0,1.03159076301906,0
"3421","FAM153A",0,0,0,0,0.719227303242498
"3422","FAM153B",0,0,0,0,2.91830142179712
"3423","FAM153C",0,0,0,0,3.47650003931248
"3424","FAM157C",0,0,0,1.45459805634909,0.639169750878592
"3425","FAM159A",0.33138706330734,0.887498380054699,0,0,2.00544752799747
"3426","FAM160A2",0,0.199977995161444,0,31.3605980029251,1.04570155446124
"3427","FAM160B1",0.374973245162317,0.979244195784001,0,0.0969026366014199,0.890230320793817
"3428","FAM160B2",0,1.85497540640531,0,0.0637104728719746,2.29477089567677
"3429","FAM161A",0,0,0,0,1.32026849221359
"3430","FAM161B",0,0,0,0,0.033091226879107
"3431","FAM162A",0.0115715423626686,0.0339995151598761,0,3.40568643111359,0.394736874324568
"3432","FAM168A",0,0,0,0.687492123347403,0.84985186366926
"3433","FAM168B",0.105371993088328,1.5489246328581,0,13.0681001443212,1.18478295458379
"3434","FAM169A",0,4.76249616870987,0,0,5.27471002267931
"3435","FAM171A1",0,0,0,0,0.6001308058827
"3436","FAM172A",1.41873719927082,0.430985056655134,0,0.828160299282136,0.157402660372571
"3437","FAM173A",3.61954558489178,0.518284919947126,0,2.86611239279524,23.8500427817481
"3438","FAM173B",0,0,0,0.373629826053572,0.637527049389587
"3439","FAM174A",0,0.510897544888962,0,0.438528419790731,0.000197372948026466
"3440","FAM174B",0,0,0,0,0.597187397942719
"3441","FAM175A",0.325233512105516,0.0255359281458928,0,1.78423442810069,0.288821903461063
"3442","FAM175B",0.0113061864970163,0.0697979062566024,0,3.19854245723595,2.06009537931471
"3443","FAM177A1",0.403759984082655,6.20924994896352,1.54349027261665,0.00366919610793359,1.43847296245643
"3444","FAM177B",8.59455665620182,0,0,0,0
"3445","FAM179A",0,1.10767837340777,0,0,0.00509646590364999
"3446","FAM179B",0.218851742803945,0.396744799554551,0,2.45897202343888,2.31222242573202
"3447","FAM184A",0,0,0,0,0.353981199512463
"3448","FAM184B",0.76887778179465,0,0,0,0.0148405322814789
"3449","FAM185A",0,0,0,0,0.914398539148301
"3450","FAM188A",0,1.17236753307523,0,1.10867872876623,0.192985861771391
"3451","FAM189B",0,0,0,0.755324447875381,0.00424593105394968
"3452","FAM192A",2.91299378828884,2.97886799487551,0,1.2629870505544,1.24485752694411
"3453","FAM193A",0,3.45968153234667,0,0.111368120143142,0.566497541297398
"3454","FAM193B",0,0,0,0.683493450981191,0.772462799558313
"3455","FAM195A",1.2279056427642,2.39410520333778,0,8.6914663803487,2.77948026026251
"3456","FAM195B",0.182859520811358,0.00880306275983677,1.98036886443055,0.831382188703579,0.923981491226424
"3457","FAM198B",0,0,0,18.3459823693433,0
"3458","FAM199X",0,0.796061721853734,0,0.553758190189018,0.0249418083463474
"3459","FAM19A1",0,0,0,0,2.451598313024
"3460","FAM19A2",0,0,0,6.9917697866291,9.81963268655216
"3461","FAM200A",0,0,0,0.00856633995785849,0.259065665883975
"3462","FAM200B",0.229461771666698,0.133809618887009,0,7.29442948225278,1.71568521006258
"3463","FAM201A",0,0,0,0,0.046409831069584
"3464","FAM204A",1.47169247790776,0.00275381242933974,0,1.85458436630758,0.0493169453835639
"3465","FAM206A",0,0,0,0.949458896842217,0.0749731298353427
"3466","FAM207A",2.25271915028788,3.58473041492158,0,1.54193611913153,6.99234577605159
"3467","FAM208A",0.111484036302937,2.106539734973,0,7.47828052330696,2.14030043981877
"3468","FAM208B",3.55423920864914,0.155772825625473,0,0.180230247623121,3.67848638480602e-05
"3469","FAM20A",0,0,0,1.46059529130706,0
"3470","FAM20B",0,0,0,0.395523819293735,0.0257062542322831
"3471","FAM20C",0,0,0,0.0195885660568246,0
"3472","FAM210A",3.11047110660133,0.00115380147287131,0,0.100547386766522,3.90534241374898
"3473","FAM210B",0,7.4231102044027,0,4.65207520061455,0.30174851033257
"3474","FAM212A",0,0,0,0,0.00646374451706821
"3475","FAM212B",0,0,0,0.188396764459165,0
"3476","FAM213A",0,0,0,0,0.543836730416287
"3477","FAM213B",0,0,0,0,0.0428620799966526
"3478","FAM214A",0.597802065577545,1.13204363582073,0,0.269560635213321,1.40914596380387
"3479","FAM214B",0,0.526955541559231,0,2.08978915428152,0.352423350553879
"3480","FAM215B",1.3598880403303,0,0,0.162113087700372,0.229697280635001
"3481","FAM216A",0,0,0,0,0.0110910245766683
"3482","FAM217B",0,0.254354006948932,0,0.0548326581287511,0.0101842325697565
"3483","FAM219A",0,0,0,0.0969157868690017,2.9616455839826
"3484","FAM219B",3.87762527445132,0.335487314753269,0,0.05227217796376,0.0201066093039626
"3485","FAM21A",0,0.806468764508805,0,6.1075397786547,0.00916485387275895
"3486","FAM21C",0.12518112666054,3.87610144812711,0,3.2108738938327,1.03912758210674
"3487","FAM220A",0,0,0,0.0174810222269963,1.42092326726276
"3488","FAM221A",0,0,0,0.229303176418044,0.303324280690384
"3489","FAM222B",0,0,0,0.085317270342238,0.899982843914157
"3490","FAM227B",0,0,0,0,3.10670370308293
"3491","FAM228B",0.581454072997393,0.805112164326998,0,4.84923927946801,1.68600038591482
"3492","FAM229A",0,0,0,0,0.235217777185294
"3493","FAM229B",0,0,0,0,0.456266431224294
"3494","FAM234A",0,0,0,0.00347614266852905,0.198060220301332
"3495","FAM234B",0,0,0,0,0.896742508591868
"3496","FAM24B",0,0.158839544271661,0,3.13514589762515,1.49052396305085
"3497","FAM26F",0.48919151211051,0.507031603211117,0,0.608123756073965,9.6919524554819
"3498","FAM27C",0,0,0,0,0.0462815824888155
"3499","FAM32A",0.138766010093773,0.42096096642474,0,6.48476724809704,0.937258991387288
"3500","FAM35A",0,5.95596173946371,0,0.325662189681571,1.73691496465545
"3501","FAM3A",0.446294376228999,0.756658615332144,0,0.11513944842537,0.0119117420037028
"3502","FAM3C",0.358609735743743,1.56139313933084,0,0.101594535824256,0.75838099265509
"3503","FAM41C",0,0,0,0,0.175776491714173
"3504","FAM43A",0,0,0,0,0.435782584083609
"3505","FAM45A",0,0.41472410279467,0,0.000418834030285521,6.2040723843279
"3506","FAM46A",0.00149468554370086,5.66527321570563,0,2.16061158346084,8.63452211485177
"3507","FAM46C",0.0429490212382472,1.19919677206219,0,0,15.2617175975959
"3508","FAM49A",4.1034494719582,1.78041217533936e-05,0,2.96534195592905,0.000217237172129037
"3509","FAM49B",0.332079811067118,1.29827585615974,0,0.156830600262456,0.452930838456868
"3510","FAM50A",0.631694764803274,0.114807568774317,0,0.560772068946426,0.0607487025869828
"3511","FAM50B",0,0,0,0,0.0481558355383085
"3512","FAM53B",1.23092137961497,5.19094741623176,0,0.00926674949673196,2.15544646650934
"3513","FAM53C",0.602642110764476,0.0225470436983189,0,0.068265554008227,0.708533337672303
"3514","FAM58A",0.453544377605353,1.33272133130487,0,2.28056589690265,0.50882887672062
"3515","FAM60A",0.00206299401805564,2.10583573745354,0,2.86163276804963,0.504870577281415
"3516","FAM63A",0,0,0.239949377866334,3.38598697038148,0.588980239795148
"3517","FAM63B",0,1.89844103244525,0,0.126775388984942,0.0160697750895226
"3518","FAM65A",3.62614200582527,0,0,0.734881934936222,1.23217563014609
"3519","FAM65B",0.813947191866247,6.26081594029505,3.51169475214947,6.28600978343448,2.93531841602718
"3520","FAM66B",0,0,0,0,0.000595859039193275
"3521","FAM66C",0,0,0,0,0.0408295850889848
"3522","FAM69A",0,0,0,0,0.0268388383943248
"3523","FAM71D",0,0,0,0,0.00247457252623755
"3524","FAM72A",0,0,0,6.92436404617873,0
"3525","FAM73A",0,0.0939164034599928,0,0.165082102208814,1.94592036042648
"3526","FAM73B",0,0.344760700970045,0,0.537678264232339,1.58370435795616
"3527","FAM76A",1.0311118933204,0.010878484698267,0,0.0779116539357841,0.30429988472791
"3528","FAM76B",0.222269673015923,0.0281638665161197,0,0.918278750677214,4.81986335680557
"3529","FAM78A",0,0.683639638594509,0,1.03332955875847,3.06415847122652
"3530","FAM83D",0,0,0,0,0.00200659028550374
"3531","FAM83G",0,0,0,0,0.206244130363705
"3532","FAM84B",0,0,0,0,3.57952725526958
"3533","FAM86C1",0,0,0,0,1.21374713108243
"3534","FAM89A",0,0,0,0,0.455671018193732
"3535","FAM89B",0.111449972292163,1.25668854378804,0,0.387834148970791,0.194350749942051
"3536","FAM8A1",0,0.733760635365497,0,0.203072013125892,0.0424463211053245
"3537","FAM91A1",1.96608681478714,3.76796407316645,0,1.2266833297413,1.408014462396
"3538","FAM96A",0.0795161899575317,0.0162432168355122,0,1.70952436611408,8.31171427164916e-05
"3539","FAM96B",0.976236909238084,1.55321190141712,0.0981524590207969,0.969307604807755,0.646856623481417
"3540","FAM98A",0,2.14841222462223,0,1.46439115311064,1.51806037638261
"3541","FAM98B",2.69539507711171,0.108853754339907,0,1.1298553007677,0.194610116209801
"3542","FAM98C",0.986219145746861,0.403342292117634,0,1.22395852224226,0.054663289748161
"3543","FAN1",0,0,0,0.0422373630929508,2.81274737558481
"3544","FANCA",0,4.71983912897563,0,0.00365748110342899,0.0299390003473054
"3545","FANCB",0,0,0,0.162419978836208,0.776488741242671
"3546","FANCC",0,0,0,0,0.00407957860413233
"3547","FANCD2",0,0,0,0,0.121619073988854
"3548","FANCF",0,0,0,0.101602201143102,0.54816728868573
"3549","FANCG",0,0,0,0,0.0979756848205279
"3550","FANCI",0,0,0,5.7741683384188,0.033051279236463
"3551","FANCL",0,0,0,0,0.0453794487711692
"3552","FANCM",0,0,0,0,0.688656753967588
"3553","FAR1",0.566228378839042,1.8694429784254,0,0.342444358679753,2.68269046521003
"3554","FAR2",0,0,0,18.7528558012821,0.0219372356216102
"3555","FARP2",1.32591357751988,0,0,7.73823378773985,3.87839100074567
"3556","FARS2",0,0.0295501531219856,0,1.88452161538913,3.12745922357924
"3557","FARSA",0,0.203943817866557,0,6.10065427668112,1.61437131153649
"3558","FARSB",0.620829112597941,0.0341261606436726,0.090474357361752,1.96085020583046,1.05608954385202
"3559","FAS",0,1.42639835327744,0,2.22303447047416,2.18925023636069
"3560","FASLG",0,1.28543318477556,0,0,0.074966899712949
"3561","FASN",0,0,0,0.269643910430909,1.30736105591081
"3562","FASTK",4.05044008380163,0.730861962459941,0,2.34158348299236,0.0184462418263104
"3563","FASTKD1",0,0,0,1.75510706222448,0.746280508864694
"3564","FASTKD2",0.657613763661825,0.922265546973125,0,0.0193984108072954,0.430949535364877
"3565","FASTKD3",0,1.97769095247996,0,3.46386950728682,0.0556183730626542
"3566","FASTKD5",0,3.7769394956699,0,0.843495585330625,3.17331376136099
"3567","FAU",0.567611350968859,0.00735616392762713,4.28307063000524,3.90073179770661,0.447376835237438
"3568","FAXDC2",0,0,0.206070423598665,0,0
"3569","FBF1",0,0,0,0,0.0824150137076678
"3570","FBL",2.25389609567701,0.241045595873592,0,8.68751454481359,1.80353813581125
"3571","FBLIM1",0,0,0,0,0.480445809171964
"3572","FBLN5",0,0,0,0,0.256601173810196
"3573","FBLN7",0,0,0,0,2.88075944104528
"3574","FBN2",0,0,0,1.9679487325097,0
"3575","FBP1",0,2.90541357449577,0,0.029321496055418,0.128368946615284
"3576","FBRS",0.398587863339536,0.304007494810271,0,0.776331622492753,0.111433172124375
"3577","FBRSL1",0,0,0,0.436801258250378,0.109579496708814
"3578","FBXL12",2.35244196784781,0.0862302929019532,0,5.48084861077013,1.38574672904399
"3579","FBXL14",0,0,0,0,2.16901000757446
"3580","FBXL15",3.44923954898981,1.51824453539979,0,0.0595824634811431,0.00601181979043978
"3581","FBXL16",0,0,0,0,0.0210205479590346
"3582","FBXL17",0,0.0885457916224778,0,1.24010927402744,0.444166271348898
"3583","FBXL18",0,0,0,0,0.0186376486039317
"3584","FBXL19",0,0,0,0.121842387237862,0
"3585","FBXL20",1.34848356933445,0.851603943396881,0,1.56407135344295,0.946707900103213
"3586","FBXL22",0,0,0,0,0.941659949689442
"3587","FBXL3",0.0852459336755291,0.00218078330902367,0,0.00547000095090681,0.491559508126402
"3588","FBXL4",0,0,0,0.245917203839386,0.478226889282663
"3589","FBXL5",0.189941720830691,0.0474311192985843,0,0.189310780254022,0.698327426690439
"3590","FBXL6",0,1.36345315759273,0,1.17002773628635,0.160107815868849
"3591","FBXL8",0,0,0,0,1.41336197589239
"3592","FBXO11",0.325156228511298,0.563940998029573,0,4.10495932333923,0.883259045198221
"3593","FBXO18",0.040746287281738,0.530099308699973,0,2.09725418923587,0.00657222739429021
"3594","FBXO2",0,0.0386916381991844,0,0,0.997367313002234
"3595","FBXO21",1.40547878766634,1.28953376522177,0,0.483335904527423,2.748694250519
"3596","FBXO22",0.521736447706984,0.0722181650916793,0,0.127043777900536,0.0204594851328813
"3597","FBXO25",1.80909993687002,0.301020965873185,0,1.39399142874071,0.646057364414561
"3598","FBXO28",4.03988561171402,0.167157738526643,0,1.91259220847322,3.18736615404073
"3599","FBXO3",0.822616168280662,0.0417548721186427,0,1.02445348644734,0.8826032616987
"3600","FBXO30",0,0,0,3.11082034510712,0.0110874085202189
"3601","FBXO31",0,1.32797271876985,0,0.160757118814922,0.150516768794976
"3602","FBXO32",0,0.251564027832396,0,0,4.40640663985019
"3603","FBXO33",0.743688892833067,3.66161211970543,0,0.178242549367422,1.77674341099232
"3604","FBXO34",0.542693291212883,4.22629283819519,0,2.88370194105022,3.75505727727412
"3605","FBXO36",0,0,0,0,0.0431389124651877
"3606","FBXO38",0,1.70757938471792,0,0.0047362950631825,0.189981669505865
"3607","FBXO4",1.17620930482807e-05,0.664443980229218,0,5.66699473300142,0.811369315899498
"3608","FBXO41",0,0,0,0.262380164293379,14.0399255298759
"3609","FBXO42",4.5845327864697,1.05814195796064,0,2.31493987888934,2.36396461278441
"3610","FBXO44",0.0970246949828791,0.00625566026794959,0,0.856954640028892,0.116283588002163
"3611","FBXO45",0,0,0,2.78746782934172,0.618914712255725
"3612","FBXO46",0,0,0,0.191136421667422,0.00503248094353027
"3613","FBXO48",0,0,0,0,0.0187188543779091
"3614","FBXO5",0,0,0,0,3.1726568677721
"3615","FBXO6",0,5.93244644615638,0,0.0235933034783589,0.227514099293655
"3616","FBXO7",0.00111247298610326,1.64435846458127,0.508010739902625,1.90830160785077,2.25089036597279
"3617","FBXO8",0,0,0,0.417811442368819,1.7006750523306
"3618","FBXO9",0.00117262533268284,3.10180191028465,0,0.0147891972171258,1.62206818274005
"3619","FBXW11",0.0251711611580487,0.0429889354443919,0,0.127583071974908,0.867150663272761
"3620","FBXW2",0.99971484314297,4.78138659220641,0,0.547744861135396,0.518911960282895
"3621","FBXW4",0.0729465795854359,5.62137895289455,0,0.806466678285735,1.04063361940256
"3622","FBXW5",0.590195989797518,1.09439192217255,0.0628089549327388,0.628648799128,0.173855957761485
"3623","FBXW7",0.0546725521097706,0.750438390201752,0,0.106608851924013,1.37771680549041
"3624","FBXW8",0,0,0,0,1.33126268643452
"3625","FBXW9",0,0,0,0,1.63132271318961
"3626","FCAR",0,0,0,0.0363285974381884,0
"3627","FCER1G",1.21219854406591,0.422370829448518,4.3881538182521,0.00745158411352935,0.11490694715643
"3628","FCER2",0.318056379289546,0,0,0,0
"3629","FCF1",0.520019614481839,0.00163334078144067,0,0.751908477446328,0.316646216992096
"3630","FCGBP",0,0,0,0,1.79156772173315
"3631","FCGR1A",0,0,0,1.59311305496168,0
"3632","FCGR1B",0,0,0,1.53699665972593,0
"3633","FCGR2A",0,0,2.06522594725522,0.951037894502428,0.244993283686032
"3634","FCGR2B",0.210889292127524,0,0,0.690119273962987,0
"3635","FCGR3A",0,0.663914787434803,0,0.847894252336321,0.00376357665626042
"3636","FCGR3B",0,0,0,0.198310310174328,0
"3637","FCGRT",0.62426670417888,0.683014188878732,0,1.43463729396835,0.468620551182106
"3638","FCHO1",0,0.0140665670592092,0,2.17460057792094,0.166860028637144
"3639","FCHO2",0,0,0,0.0427042460216352,4.30982745341807
"3640","FCHSD1",0.687899112164073,0.977747762119252,0,1.38443602258126,0.109327744720197
"3641","FCHSD2",0.278748391545111,0.198291842170596,0,1.12381224130165,0.0176449597595406
"3642","FCMR",0.619331883337642,1.38761254886678,0,0,0.408225853536104
"3643","FCN1",4.52639205552385,0,0,6.45302705532041,0.53809215937173
"3644","FCRL1",0.0190568507625865,0,0,0,0
"3645","FCRL2",0.174727968335431,0,0,0,0
"3646","FCRL3",1.03966170774371,2.26671942998283,0,0,2.984761331809
"3647","FCRL5",6.15123033170179,0,0,0,0
"3648","FCRL6",0,0.0695767737709494,0,0,0.0152816802063725
"3649","FCRLA",1.86880127686024,0,0,0,0
"3650","FCRLB",0,0,0,0,0.0061788416482836
"3651","FDFT1",2.04412793264271,4.71618325259231,0,0.0889222129690673,6.90427799787656
"3652","FDPS",0.0764272853475355,3.44309667397505,0,0.793165464099889,0.116112839903732
"3653","FDX1",3.18968117317549,0.467253748720216,0,0.595202037201384,2.49451344957424
"3654","FDX1L",0,0,0,0,0.0420188731698797
"3655","FDXACB1",0,0,0,0,0.0270353687597301
"3656","FDXR",0,0,0,2.06108759143665,0.851639958560478
"3657","FECH",0,0.390989308495688,0,0.991770459183594,0.702369784123824
"3658","FEM1A",0.367381746995306,0.196226878662558,0,2.65068508041483,1.1564999263056
"3659","FEM1B",0.336536000764179,0.722198960765122,0,1.61528729384583,2.42552974917005
"3660","FEM1C",0,0,0,6.2937028083257,4.10819092191447
"3661","FEN1",0.520505751720427,4.72870017069208,0,3.91351296813904,2.48819749298703
"3662","FER",0,0,0,3.69197676918247,0.341982733883515
"3663","FERMT3",0.174378036186049,0.00631717506112182,2.36894187878501,1.10505250227975,0.565212979013133
"3664","FES",0,0.275100384172282,0,5.11779645837191,0
"3665","FEZ1",0,1.0880664201084,0,0,8.94506181345176
"3666","FEZ2",1.00145746633332,1.61130583098465,0,2.08091186196237,0.0325659349778568
"3667","FFAR2",0,0,0,2.60009406995852,0
"3668","FGD2",0.00904180743049191,0,0,0.665535528059035,0.51864397830726
"3669","FGD3",0.338230682080539,3.88495368188364,0,0.505174852061609,1.40627726579696
"3670","FGD4",0,0,0,3.59893588018643,0
"3671","FGD5-AS1",0.047070198686729,0.0111448523520737,0,0.296490805496356,0.0532301335989726
"3672","FGD6",0,0,0,0.370153377116147,0
"3673","FGFBP2",0.333185243667046,0.0896623775855005,0,0,0.0734433595063409
"3674","FGFBP3",0,0,0,0,0.0520613755346421
"3675","FGFR1",0,0,0,0,0.478401703994489
"3676","FGFR1OP",0,0,0,4.23036953631776,0.203232037002308
"3677","FGFR1OP2",0.0123598074557245,0.00296365046704734,0.0483626618654867,0.0113037920581294,0.411199357610944
"3678","FGFRL1",0,0,0,1.67133521190795,2.92798924941619
"3679","FGGY",0,0,0,0,0.0353506523220469
"3680","FGL2",0,0.0090241834254155,0,2.87654251519949,0.019183360480607
"3681","FGR",7.07921291327346,0.354817561721013,0,0.374448720107489,0.138505872349204
"3682","FH",0.20617527835043,0.936878712051165,0,0.736743917621284,0.54932263259957
"3683","FHIT",0,0,0,2.13044935113915,3.3208671400725
"3684","FHL1",0,0,4.51629966183505,0,16.878990002365
"3685","FHL2",0,0,0.389811494877051,0,0
"3686","FHL3",0,0.0491751817550689,0,3.14087050692771,0.252701332437259
"3687","FHOD1",0,0.0228629184833764,0,2.27208033701271,0.192212790771487
"3688","FIBP",1.64471948994375,0.372113617214825,0,1.30102610926811,2.6427374059885
"3689","FICD",0,0,0,1.52090579395588,9.46231440493367
"3690","FIG4",0.119094611552267,0.0933227796869635,0,12.5890064176946,0.856239264666666
"3691","FIGNL1",0,0,0,0,8.68539777123584
"3692","FIP1L1",0.0336394075461889,0.0877583037172919,0,0.0829435570088407,0.319642413400575
"3693","FIRRE",0,0,0,0,2.9338610972237
"3694","FIS1",0.00414169434797287,0.0212588165699014,1.0175312926025,2.49225191086786,1.04897775570884
"3695","FITM2",0,0,0,0,0.221320212362358
"3696","FIZ1",0,0,0,0,0.0145093436392186
"3697","FKBP11",8.85973149023841,0.987371185584169,0,1.89271333475068,0.495301460768295
"3698","FKBP14",0,0,0,0,0.0184052194505432
"3699","FKBP15",0,0,0,7.44970095393198,1.5273303852531
"3700","FKBP1A",0.142090262833421,0.713122005034729,2.09518493713524,0.0285420703971385,1.85764872520726
"3701","FKBP1B",0,0,0,0,0.00107333640155486
"3702","FKBP1C",0,0,0,0.34568028441671,0.274644352864989
"3703","FKBP2",0.00489885803824613,5.02754743805286,0.500933052280434,0.0258496469670461,8.46258012848886
"3704","FKBP3",2.16003952036558,1.47759048339382,0,1.4504767678853,3.20102534429143
"3705","FKBP4",0.0369629925081637,2.3260059173087,0,6.66754163518094,2.11399762300352
"3706","FKBP5",23.3741347214461,33.6536241662002,0,57.5050917476609,2.45010943794727
"3707","FKBP7",0,0,0,0,5.18327600052493
"3708","FKBP8",0.556495388633569,3.98324835824405,0.0159984166371008,2.09538907211749,3.46584211959784
"3709","FKBPL",0,0,0,0,0.705206018437631
"3710","FKRP",0,0,0,0.551739029466955,0.397652078335489
"3711","FKTN",0,0,0,0,1.79937551324909
"3712","FLAD1",0.0384842939734044,0.756106488682536,0,0.406522271990022,2.1669743308682
"3713","FLCN",0,0,0,0.542838575653444,0.0300314414212883
"3714","FLI1",0.160803922865804,1.60719428596976,0,0.0201447322455798,0.574409473249773
"3715","FLII",0.459653636241341,0.00221411284039689,0,8.75658114142703e-05,0.215402599616534
"3716","FLJ20021",0,0,0,0.479450765994376,5.27276578020455
"3717","FLJ21408",0,0,0,0,9.61001782325892
"3718","FLJ22447",0,0,0,0,0.814106698265218
"3719","FLJ27354",0,0,0,0,1.87011394417837
"3720","FLJ31104",0,0,0,0,0.01131751937286
"3721","FLJ37035",0,0,0,0,9.13097800295534
"3722","FLJ37453",0,6.19990810577436e-06,0,0.264122898028737,0.00378979924701273
"3723","FLNA",1.08947382390622,0.805435452891774,6.0073599678094,0.0306058376966686,1.73980024730131
"3724","FLNB",1.97978344192291,1.54298941785512,0,0.187766140407038,0.204165813799419
"3725","FLOT1",0.437733870643534,2.04952182692472,0.154603844126551,0.0178651551056278,0.631088772307495
"3726","FLOT2",0.0038283492236057,0.188218279102539,0,7.25910133026679,0.0117445258242643
"3727","FLT3",0,0,0,96.7267838841443,0
"3728","FLT3LG",0,1.7784562150333,0,3.56899069286327,0.176251241542088
"3729","FLVCR1",0,0,0,1.38496334085576,0.0490681528253561
"3730","FLVCR1-AS1",0,0,0,0,0.645153148269242
"3731","FLVCR2",0,0,0,12.573627949054,0
"3732","FLYWCH1",0,0.494442795362079,0,0.0655578964442923,4.26812805889045
"3733","FLYWCH2",8.09657629199148e-05,1.9523875318914,0,0.0152060955802519,2.46255164980281
"3734","FMN1",0,0,0,0,0.363013127258737
"3735","FMNL1",1.90996052594527,3.03448417083757,0,0.0360736493200762,4.12406730997902
"3736","FMNL2",0,0,0,3.05196546929145,0
"3737","FMNL3",0,1.18169206872268,0,4.62366755352582,2.11404968697707
"3738","FMO4",0,0,0,0,0.00910576599485209
"3739","FMO5",0,0,0,1.93910105561041,0
"3740","FMR1",0,0.434434865318168,0,1.26675640259071,0.00286388205827154
"3741","FN3K",0,0,2.400467045686,0,0.603761053669848
"3742","FN3KRP",0,0.0448054756397325,0,0.213851907538037,0.169579836844275
"3743","FNBP1",1.44003430891635,2.29280889050983,0,1.70171608344819,1.88544891211799
"3744","FNBP1L",0,0,0.0331420498065856,0,0
"3745","FNBP4",0.0731593282497361,0.800594104821377,0,0.195838466736779,1.10304486953763
"3746","FNDC3A",0.642357489146264,0.681354820346377,0,2.1709867947191,0.191474988651426
"3747","FNDC3B",0,1.45716191872933,0,22.3932309867929,0.0110416535214751
"3748","FNIP1",0.278276611397061,0.252497984887371,0,0.299550773852496,0.298712797281478
"3749","FNIP2",0,0,0,0.0114982455971839,0.125849556625602
"3750","FNTA",2.00533010336922,0.0981968056965445,0,0.136791394534403,0.233021334865163
"3751","FNTB",0,0,0,0,0.613964892207707
"3752","FOCAD",0,0,0,0,0.495687377145119
"3753","FOLR2",0,0,0,6.48642826906732,0
"3754","FOLR3",0,0,0,2.0083799523891,0
"3755","FOPNL",0.998309945247201,0.0592308119288776,0,0.412710676527256,1.1352609208499
"3756","FOS",6.57606544784587,16.027616738823,0,4.37476179144589,1.74361297857986
"3757","FOSB",2.98671219908494,0.0457910153491143,0,4.322855866986,0.340605189263683
"3758","FOSL1",0,0,0,0.0059204200646443,0
"3759","FOSL2",0,1.88676501536593,0,0.0337298334731832,2.10651298903614
"3760","FOXD2-AS1",0,0,0,0,0.138440731549369
"3761","FOXJ2",0,0.193201928290812,0,0.0329974429335221,4.5006288376283
"3762","FOXJ3",0,1.42132665851019,0,0.0391654350748773,1.42432025016518
"3763","FOXK1",0.243224420500307,0.468124183715037,0,0.374351643453525,0.0698649691777979
"3764","FOXK2",0,0,0,0.134076280900686,0.109944668143176
"3765","FOXN2",1.1263626347303,0.270903036338234,0,0.457747565524225,0.0397061612242738
"3766","FOXN3",0.600841576566795,1.92518642871504,0,3.16975480790138,2.36992559444458
"3767","FOXO1",0.74260607233524,2.57474008985576,0,19.3322285344106,2.75721127633363
"3768","FOXO3",1.03965117996671,0.00977707094985491,0,3.22509316462481,5.29674168880942
"3769","FOXO4",0,0,0,0.0201905971286356,0.107449542080186
"3770","FOXP1",0.425921764381526,0.266215969520876,0,0.53179283030798,1.29849304537596
"3771","FOXP3",0,0,0,0,1.60570864300982
"3772","FOXP4",0,0,0,1.70302048620737,0.0426684811769053
"3773","FOXRED1",0,0,0,0.255029778559936,0.923181378249213
"3774","FPGS",3.63479982217577,0.405760429624251,0,5.19897687845117,0.797219659127296
"3775","FPGT",0,0,0,1.25190276174341,0.197654113057469
"3776","FPR1",0,0,0,3.50195670158534,1.10756961356296
"3777","FPR2",0,0,0,8.00184067259316,0
"3778","FRA10AC1",0.089660055022079,0.00908328910055529,0,15.4576404191236,0.048939968228499
"3779","FRAT1",0,0,0,1.69329760293263,0.222251852347743
"3780","FRAT2",0,0.8170136957557,0,1.17682714798453,0.0328824175475081
"3781","FRG1",0.145540025737241,0.813662105420668,0,0.583947092189124,1.77560090775777
"3782","FRMD3",0,0,0,6.77421103312802,0
"3783","FRMD4B",0,0,0.0375292511349136,2.3766149889921,0.0600926928821653
"3784","FRMD8",0.0260623028901113,0.639080677771122,0,0.780007563270912,0.392910481962822
"3785","FRS2",0,0,0,1.09843307436814,0.0445570729687456
"3786","FRS3",0,0,0,0,2.12183813497935
"3787","FRY",0,0,0,1.04218772925051,1.07188906558729
"3788","FRY-AS1",0,0,0,0,0.00256238733720058
"3789","FRYL",0.0447293845179999,0.0103574987041517,0,0.000350349951114732,0.110398523324378
"3790","FSCN1",0,0,0,2.19037894038863,0
"3791","FSTL3",0,0,0,5.95406982889149,0
"3792","FTCDNL1",0,0,0,0.16962527189546,3.1051032397472
"3793","FTH1",0.916688062797046,5.78079858393295,16.3577823534862,3.81140093786552,4.88134604729166
"3794","FTL",2.30807983753532,0.117119290027258,12.1469008012058,1.5243830233802,1.36789567863898
"3795","FTO",0,0,0,0.111412870231412,0.159069904795435
"3796","FTSJ1",0,0.18981591564937,0,0.0142666383593781,1.14525958778289
"3797","FTSJ2",0.774012541823765,0.720194066810836,0,0.473167592663869,0.0316238815635322
"3798","FTSJ3",0,0.730397485130538,0,0.0825771854147949,4.62619434438918
"3799","FTX",0,0,0,2.50652894164707,0.525888952136943
"3800","FUBP1",0.6717555799421,1.4607736289774,0,0.81104609595277,0.0279938191728757
"3801","FUBP3",5.76953757154874,0.74517924677043,0,0.00054485065318222,0.0130388973155002
"3802","FUCA1",0,0,0,7.85036572513837,0.0577308056883394
"3803","FUCA2",0,0.867977282071519,0,2.13718447816571,0.147635510865669
"3804","FUK",0,0,0,0.233316445580039,1.09702161450411
"3805","FUNDC1",0,0,0,0.0122757806636235,0.0330450144583925
"3806","FUNDC2",0.125748299996961,2.08767771169741,0,0.0172039302370036,1.39444832863456
"3807","FUOM",1.5296905374453,4.22440601279979,0,3.10755445240328,3.3376061844021
"3808","FURIN",0,4.06322327957157,0,0.0715003636868925,3.23037097798224
"3809","FUS",2.17961736972866,2.08123650586759,0,0.165456716968377,1.64286497373122
"3810","FUT10",0,0,0,0,0.0993002121302767
"3811","FUT11",0,6.18691028268112,0,0.377046699154935,1.47998043235414
"3812","FUT4",0,0,0,2.16002069028552,1.17566441374664
"3813","FUT7",0,0,0,8.62433980909393,0
"3814","FUT8",0.551886820918911,1.98681401996877,0,0,4.73504946509809
"3815","FUT8-AS1",0,0,0,0,0.564366868985979
"3816","FUZ",0,0,0,0.00042924016741474,0.488634400089296
"3817","FXN",0,0,0,0.646134335787988,0.0153287002366457
"3818","FXR1",4.14150595960431,0.0776314922204272,0,1.79558375094676,2.49590294570822
"3819","FXR2",0,0,0,3.18796871266526,0.00882984898349766
"3820","FXYD1",0.508480323744342,0,0,0,5.21204958148615
"3821","FXYD2",0,0,0,0,9.71790527427143
"3822","FXYD5",0.00389518271107351,0.274967809867521,1.80947731653817,2.21852871267641,2.48121675131771
"3823","FXYD6",0,0,0,2.06592864864834,0
"3824","FXYD7",0,2.07006879611553,0,0,4.35902377907496
"3825","FYB",0,0.832462411808511,0.0219763484455791,3.9088487822288,5.26308205582206e-05
"3826","FYCO1",0,0,0,0.443822820685185,1.17361639436021
"3827","FYN",0.0346377187702203,6.04136007776039,0,5.54856612227241,2.08395931758271
"3828","FYTTD1",0.0129324100371933,2.56669889373784,0,0.970305354867484,2.58282709196213
"3829","FZD1",0,0,0,3.43597507071509,0
"3830","FZD3",0,0,0,0,3.7638436160211
"3831","FZD6",0,0,0,0,3.30629444342025
"3832","FZR1",1.37165759328408,0.721878942210689,0,5.97436392952644,2.59190309156572
"3833","G0S2",0,0,0,7.49958437592585,0.962558523210932
"3834","G2E3",0.0473589018989549,4.49430457835795,0,1.02298028837505,0.997449296188785
"3835","G3BP1",0.0360123518208041,0.169964448401451,0,0.0340462847874962,0.00260924201848098
"3836","G3BP2",0.945883303162733,0.0591981934648254,0.872223336124323,1.3401899673238,0.918503633956595
"3837","G6PC3",0,0,0,1.79380425994561,0.317800680945598
"3838","G6PD",0.294159418469981,1.47579065582321,0,8.36141592775947,0.219303173187142
"3839","GAA",0,0,0,0.204465625080442,0.207895408032745
"3840","GAB1",0,0,0,2.0728240336122,0
"3841","GAB2",0,0,0,0.239246228081462,4.76694372918996
"3842","GAB3",0,0.0600191585323517,0,0.375193951490767,0.0323524805047547
"3843","GABARAP",0.137563007304625,0.038064328302251,6.79429388273769,0.406334393384464,0.12338853537071
"3844","GABARAPL1",2.13071588936536,3.53253668555753,0,7.39956775701567e-05,5.83653508127508
"3845","GABARAPL2",1.89061269872834,0.108051655869068,0.81602530513019,0.00294937238861289,2.02292017159218
"3846","GABBR1",0,0,0,0.807040470602982,0.00201095744482105
"3847","GABPA",3.54875532980487,2.32032539546008,0,0.00131203123419097,0.562134199453692
"3848","GABPB1",0.229541360438989,0.528489499458149,0,0.281453863211155,0.413545317977912
"3849","GABPB1-AS1",0.186778358808429,1.18390176001457,0,2.39133588427792,0.121269571367249
"3850","GABPB2",0,0.462380649995879,0,3.39706736679529e-07,0.136335218494451
"3851","GADD45A",0,4.74375385315532,1.70632035248857,2.86365714387713,0.648433991761094
"3852","GADD45B",0.316805330781084,0.583339438080527,0,5.59167809042022,1.60709892565909
"3853","GADD45G",0,0,0,17.374683819681,0.176085946085837
"3854","GADD45GIP1",0.000681027863479752,0.895376069884549,0,0.114574442823485,0.16466488142294
"3855","GAK",0.694995006876786,1.34965031964,0,1.34583900906286,0.176290245779932
"3856","GAL3ST4",0,0,0,0,0.0276481216493632
"3857","GALC",0,0.682974892358325,0,3.37166913880752,2.66130337014617
"3858","GALE",0,0,0,6.44297543868203,0.0330444175428707
"3859","GALK1",0,0.605624597044017,0,9.26191405984638,1.9787482779401
"3860","GALK2",0,0.468845373337648,0,5.75809759644586,1.24106997035925
"3861","GALM",0,0.270395472647959,0,0,2.03249615451335
"3862","GALNS",0,5.26629769503599,0,4.63355883381713,0.12819088828306
"3863","GALNT1",0.10161783734699,0.743110911071174,0,0.0501413691928644,0.0463978582724641
"3864","GALNT10",0.162466190727147,2.08507133013214,0,0.110217371626683,2.83070251893141
"3865","GALNT11",0,1.37456099074391,0,0.158963033089209,0.894398960127916
"3866","GALNT12",0,0,0,0,0.000184333630028097
"3867","GALNT2",0.0329770189811123,0.0531520091161581,0,1.47843935554372,1.95972617770206
"3868","GALNT3",0.0437236747659249,6.25537554393159,0,1.65444121198323,0.757990514139001
"3869","GALNT6",0,0.0771817043151446,0,1.03474048469962,0.188832670092892
"3870","GALNT7",0,0,0,4.40938447609694,0.522222560352478
"3871","GALT",2.74876802172011,0.461674175046231,0,3.90181950650853,0.193168827231466
"3872","GAMT",0,2.50888586929689,0,0,0.93873728303193
"3873","GAN",0,0,0,1.40789944372004,0.00654555292739081
"3874","GANAB",0,1.43932320091657,0,0.572501628614878,2.10361802187029
"3875","GANC",0.0160888942405508,0,0,2.96341959721211,0.368180804225843
"3876","GAPDH",1.69561941229346,0.519542849013341,3.21158187627532,0.429309040883272,1.9572358234021
"3877","GAPT",0.383016736669195,0,0,0.643075054691741,0
"3878","GAPVD1",0.022243432074533,1.43439464009485,0,0.199180286249446,2.13630943886027
"3879","GAR1",0.0557176792752037,0.544656666375189,0,0.0717826257571626,0.0255076366668463
"3880","GAREM2",0,0,0,0,1.3497330160807e-05
"3881","GARS",1.06184734015527,0.243798030456527,3.20985461480905,0.173561860278305,0.00649748126164709
"3882","GART",0,0.0040173027824468,0,11.7766286535778,4.43828616282091
"3883","GAS2L1",0,0,0.337034344090265,0.423525042500606,3.79501170323736
"3884","GAS2L3",0,0,0,0.0385529058902974,0
"3885","GAS6",0,0,0,8.02586346178387,0
"3886","GAS6-AS1",0,0,0,0,0.773132728462639
"3887","GAS7",0,1.68106367085825,0,0.402072041752531,0.447476580469528
"3888","GATA1",0,0,1.05703328756843,0,0
"3889","GATA3",0,0.82414940420899,0,0,6.43298466745896
"3890","GATAD1",0,0.0953814729681579,0,0.0168513168800499,0.192778121572044
"3891","GATAD2A",0.850732288996787,1.13327857824654,0,0.000211596183659486,1.13003043516641
"3892","GATAD2B",0.336372776722988,2.13657259350473,0,1.52767619071348,0.901111692937231
"3893","GATB",0,0,0,2.6421092727547,0.729862442960083
"3894","GATC",0,0,0,0.317764025590971,0.44617658421959
"3895","GATS",0,0,0,0,0.662804112022597
"3896","GATSL2",0,0,0,0,0.0640205327945116
"3897","GATSL3",0,0,0,1.08294422613157,3.28344515214162
"3898","GBA",0,1.99719209833164,0,16.2801192585586,0.00817821314180845
"3899","GBA2",0,0.0221588259690284,0,0.320145173760222,0.704752285240259
"3900","GBAS",6.99882143293362,6.72103764515142,0,0.133559096682117,1.78441877958914
"3901","GBE1",0,0,0,2.14522967081564,0.00385266123289353
"3902","GBF1",0,0.0309564324886703,0,0.419371483124341,0.208491746168953
"3903","GBGT1",0,0,0,2.79384754065754,0
"3904","GBP1",0,19.4802101211724,0,1.19835175947513,12.0472758038352
"3905","GBP2",0.064523123190864,0.186016795938303,0,2.11945482410747,2.19867018221483
"3906","GBP3",0,0.889124714772638,0,0.130973255806151,0.552260013020602
"3907","GBP4",0.0873540937329391,8.07643080347732,0,0.831169338796596,1.12442132528235e-05
"3908","GBP5",0,7.29364862040464,0,7.17725001026994,2.12096050955244
"3909","GBP7",0,0,0,0,0.461757392577419
"3910","GCA",0.936279238745552,0,0,9.88787027579396,1.38378782168892
"3911","GCAT",0,0,0,0,0.151670396597966
"3912","GCC1",0,0,0,1.93769571930419,3.62366712341708
"3913","GCC2",0.68302765058058,1.57277683766978,0,0.860256201390858,1.56536204764216
"3914","GCDH",0.295696245134446,3.26572020910965,0,0.789008341622339,0.880573094139111
"3915","GCFC2",0.28929446462366,0.498357057896665,0,2.59353959984295,3.2644602418329
"3916","GCH1",0.708723325225468,0.319001001624295,0,0.519802248629893,0.0414093010065384
"3917","GCHFR",0,0.00675923590299373,0,1.58536722883867,0.599497868892727
"3918","GCKR",0,0,1.07562747829417,0,0
"3919","GCLC",0,0.249339562385121,0,0.107455062713879,0.0464233554734871
"3920","GCLM",0,1.19790292541258,0.0966230585855675,0.438718924537159,0.117334113333908
"3921","GCN1",0,0.102807725069059,0,0.00108016274637231,0.0892457087968307
"3922","GCNT1",0,0,0,0.497107424568841,0.774023566761059
"3923","GCNT2",0,0,0,2.19222971942485,1.03880859551814
"3924","GCNT4",0,0,0,0,3.20588792792985e-05
"3925","GCSAM",0,0,0,0,1.11943048687415
"3926","GCSH",0,0,0,0,0.00744029543440221
"3927","GDAP1",0,0,0,0,0.218325874400781
"3928","GDAP2",0,1.65599864523023,0,0.377240416398331,0.850917465258009
"3929","GDE1",0,1.25730237707942,0,3.23982955386206,5.59051763033535
"3930","GDF11",0,0,0,0,0.0154069342817732
"3931","GDI1",0.952473279604289,1.0381822778776,0.234474234901836,0.203153128264868,1.70703287412312
"3932","GDI2",2.96279905051538,2.25528820668245,0,0.974664885552736,0.00185455172502929
"3933","GDPD1",0,0,0,0,8.48803076180961
"3934","GDPD3",0,0,0,0,1.01242536119524
"3935","GDPD5",0,0,0,2.70895587281543,27.8130059618456
"3936","GDPGP1",0,0,0,0,1.01906060045379
"3937","GEM",0,0,0,0,1.48921755010623
"3938","GEMIN2",0,0,0,0.506382192144718,0.000227091467029514
"3939","GEMIN4",0,0,0,2.3009224686084,0.00258666441253891
"3940","GEMIN5",0,0,0,0,0.294542751548706
"3941","GEMIN6",0,0,0,0.149095335098717,0.0514920309681415
"3942","GEMIN7",6.60706742171949,0.00402843094915923,0,1.62030652010326,2.5348094449779
"3943","GEMIN8",0,0,0,1.39755207598079,0.547343983021027
"3944","GEN1",1.82227091391882,0,0,0,0.23431616314723
"3945","GET4",0.379098033625745,0.544452106894532,0,1.58992358693051,0.645408218933997
"3946","GFER",0.444512739076589,2.611814066607,0,7.0317082667142,1.29118571273541
"3947","GFI1",0,0.0326711024643086,0,0,0.370243182210168
"3948","GFI1B",0,0,0.0757644991835205,0,0
"3949","GFM1",1.27395000506509,0.114352012041217,0,0.0623874362811555,1.15402591078248
"3950","GFM2",0,0,0,0.00936341762351947,0.101619383934118
"3951","GFOD1",0,0.188354726424579,0,0.013200802422029,0.39460726788725
"3952","GFOD2",0,0,0,1.15218152558649,1.01232957851827
"3953","GFPT1",0,0.627449316079564,0,5.08466858048776,3.12147473562966
"3954","GGA1",0.0324493876346183,0.102181539336873,0,4.60598715763777,0.10017579296586
"3955","GGA2",0.258053378329741,3.40964682154661,0,0.45404470579682,1.5184347865553
"3956","GGA3",0.00238894695433232,0.373716184642264,0,0.358693630477853,1.0799069154648
"3957","GGACT",0,0,0,1.26196486628469,0.990044791334952
"3958","GGCT",0.00238610338364847,0.81790206314999,0,1.47023790956538,3.9951102083299
"3959","GGCX",1.06546870432027,0.388509938550629,0,0.6961916990474,0.0303517756857429
"3960","GGH",0,0,0,0,0.0269180398325457
"3961","GGNBP2",0.248426367165495,2.50229523306597,0,2.32808962669944,1.3984201176968
"3962","GGPS1",1.67296677803492,0,0,0.314285915183991,0.0172122383506
"3963","GGT1",0,0,0,0.458997737651036,0.274135886404237
"3964","GGT7",0,0,0,0.0487938185056895,0.815591183686911
"3965","GHDC",0,0,0,0.170729437365077,0.267442477385095
"3966","GHITM",0.0358297156785025,0.280626660905524,0.434001675552587,0.0105423540065845,0.0437705205831911
"3967","GHRL",0,0,0,0,0.0571252946126466
"3968","GID4",0,0,0,0.806040334938977,0.949882800708015
"3969","GID8",2.57565871907865,0.399099739797037,0.195125407305663,2.65621390389078,1.58763747063303
"3970","GIGYF1",0.000593097149587507,0.541625167099231,0,0.0582602962067804,0.00930634395278375
"3971","GIGYF2",0,2.21908101976839,0,0.0847248831131682,0.0915181117746379
"3972","GIMAP1",0,1.29766931951858,0,16.4581207210573,2.57133330402436
"3973","GIMAP2",0,8.90146140114906,0,1.79514445634961,4.01543962370156
"3974","GIMAP4",0,0.515114367665065,0,8.4024134595335,7.42457929976968
"3975","GIMAP5",0,0.575552942126018,0,0,0.35594079811142
"3976","GIMAP6",0,1.0840417782295,0,0.667804908292305,3.23848818558549
"3977","GIMAP7",0,0.330932219806461,0,3.44765533481044,0.00688487990341395
"3978","GIMAP8",0,0,0,2.478155641917,4.07409111188722
"3979","GIN1",0,0,0,0,4.80149277968381
"3980","GINM1",1.76544751926773,0.116284664831882,0,2.96185142658022,3.19689239270968
"3981","GINS2",0,0,0,0,0.0452702866554365
"3982","GINS3",0,0,0,0,4.62593517075026
"3983","GINS4",0,0,0,0,9.89474588455211e-06
"3984","GIPC1",0,0.853359290308397,0,0,0.010931944219054
"3985","GIPR",0,0,0,0,3.20413077276804
"3986","GIT1",0,3.02915261259094,0,0.484863857488935,1.64406787812982
"3987","GIT2",2.38075200379349,0.86552713023702,0,0.941415115386146,0.263297427111309
"3988","GJB6",0,0,0,0,3.38801439519102
"3989","GK",0,0,0,0.212149324836598,1.21649382371838
"3990","GK5",0,8.53912978046801,0,11.1156806142689,1.49225148571126
"3991","GKAP1",0,0,0,0,6.48227969296277
"3992","GLA",0,1.57193465804474,0.0271221397073246,0.33165160085047,0.901851956880742
"3993","GLB1",0,0.592416891048375,0,7.4266387714585,3.16388417007841
"3994","GLB1L",0,0,0,0.00256361363812188,0
"3995","GLB1L2",0,0,0,0,0.336735409251704
"3996","GLCCI1",2.8458615332102,0.128506705165342,0,0,0.115215437153007
"3997","GLCE",0,0,0,1.92516875666417,5.58840529462986
"3998","GLE1",0,0.699468953384575,0,0.033300394084149,2.13864416946104
"3999","GLG1",0.585202854841353,0.830248840454017,0,0.378352158833895,0.548482628800498
"4000","GLI4",0,0.377840434885103,0,0.309794036112325,1.6009144791857
"4001","GLIPR1",1.06055617439417,1.84104662718941,0,2.63643182049484,0.311588863582581
"4002","GLIPR2",0.229404985732156,0.743618835898724,0,8.76162257544941,0.545203830054955
"4003","GLIS3",0,0,0,0,0.318726336751535
"4004","GLMN",0.0640225815660722,1.18914633601094,0,4.14027136211586,0.582324913870013
"4005","GLMP",0,1.30752351635557,0,0.373682420711765,0.0410861286197057
"4006","GLO1",0.752322618145685,0.17938651002608,0,0.0273563372435459,1.56803881613204
"4007","GLOD4",1.29634255092606,0.251290093925222,0,0.524620307394473,0.00589294608694451
"4008","GLRX",1.59116781874957,0.0169706890293095,0,0.702127990221016,2.69800934677767
"4009","GLRX2",0,0.172598027972292,0,5.56781305163737,0.389498672348228
"4010","GLRX3",0.00593014094809337,0.00624649544220552,0,0.0217364941670563,0.000907021252139079
"4011","GLRX5",1.72685392962446,1.28653941580869,0,0.194437253600615,0.0146589359175301
"4012","GLS",1.72261690307019,5.61902285390806,0,2.0824165257312,0.00288017536898405
"4013","GLT1D1",0,0,0,9.37177693324645,0
"4014","GLT8D1",0,0.0744769680982919,0,1.18104462851077,0.918766383912899
"4015","GLTP",1.19061469354118,0.000155216531346612,0,3.89339160905634,1.98586350356047
"4016","GLTSCR1",0,0,0,0.187947513184731,0.84013385405434
"4017","GLTSCR1L",0,1.68377434571232,0,0.985159443678503,4.28683729279618
"4018","GLTSCR2",0.694096445092142,0.0769840268420576,0,11.5809870274406,6.4153771920171
"4019","GLUD1",0.102859494445392,0.607508925470214,0,0.185702088897523,1.04712080299001
"4020","GLUL",0.563392502490457,2.64108736577013,0.531671200361845,1.97196688626986,0.314321438649879
"4021","GLYCTK",0,0.671872077957463,0,4.25190760734137e-06,0.21834799745185
"4022","GLYR1",0.121049432253704,0.312905424739904,0.0990762352738996,1.3328287520476,0.710616834028864
"4023","GM2A",0.638700077472482,0,0,3.80818792925528,1.38047828280188
"4024","GMCL1",0.0717351490562234,1.01404499410037,0,1.37663271695188,1.14338926850912
"4025","GMDS",0.0806821537714239,0.0294283185020552,0,0.0203326145848659,2.27012559230676
"4026","GMDS-AS1",0.240508241343565,5.22886080969766,0,0.33991334429594,0.876429252682992
"4027","GMEB1",0.52534709718445,1.2551199935239,0,0.750277446614567,0.0612640473480135
"4028","GMEB2",0,0,0,6.45811562912669,6.127186475494
"4029","GMFB",4.33765687791203,0.422608506127745,0,0.00927491227783494,2.92140891997141
"4030","GMFG",0.96511925725793,0.037053595945825,0.494610178822417,0.458799151941953,0.339893183834154
"4031","GMIP",0.78981783286932,0.795775801208922,0,0.131551897391321,0.331571176469337
"4032","GMNN",0,1.65712479347634,0,0.0300565647700998,0.193404717643414
"4033","GMPPA",0,9.07026235837243,0,2.54061223746391,2.2044324018272
"4034","GMPPB",0,0.0729276488511466,0,0.0206039371143576,1.59379606320739
"4035","GMPR",0,0,1.51299877692181,3.78026015767247,0
"4036","GMPR2",1.13769546189062,0.48879641103404,0,2.31819735201958,0.0476838567765102
"4037","GMPS",0.0137177697914638,0.551186498694426,0,2.9038109391558,1.25684137163909
"4038","GNA12",0,0,0,3.81423501012904,0.733334822598785
"4039","GNA13",1.06810380811361,1.52183305215448,0,0.0205904461589052,1.13517342572565
"4040","GNA15",0,0,0,0.0353300428930524,1.98192976618889
"4041","GNAI2",0.975313162799648,1.2058782990273,0,0.139256268129029,0.0790350947436605
"4042","GNAI3",0.299927481250921,0.0176041903459006,0,0.0127414324951972,0.00206308587664697
"4043","GNAL",0,0.0193788282597389,0,0,0.248423783051539
"4044","GNAO1",0,0,0,0,0.263810864493362
"4045","GNAQ",0,0,0,5.44329767758245,1.77867807756556
"4046","GNAS",1.28671634821809,0.0801796116428682,0.00607204287189936,3.98327587054915,1.08267464116808
"4047","GNB1",1.23984316526081,0.0936392841145728,0,0.134370320699292,0.00611244970790866
"4048","GNB1L",0,0,0,2.71185715372831,6.97234467372065
"4049","GNB2",1.76016962267921,0.0253826082387824,1.46000687394233,0.370290546423195,0.775441389792111
"4050","GNB2L1",0.234901372921749,0.0302489571731325,3.62596437501196,10.7870371008741,0.813393452548629
"4051","GNB4",6.3501378495652,0,0,3.88959299777866,0
"4052","GNB5",0.916236578826866,0.265644110335601,1.99922553122327,0.782429627593265,0.35381989310253
"4053","GNE",0,0,0,0.901510595384964,5.75146835111308
"4054","GNG10",0,0.0133052778031816,0,0.0512460303723662,0.440201333918272
"4055","GNG11",0,0,14.02845251427,0.402225894562643,0.0013152752916334
"4056","GNG2",0.21789044225663,2.24669852494735,0,4.99488208487566,0.0464023087699355
"4057","GNG3",0.136222869121738,0,0,0,0
"4058","GNG5",1.69862294995628,0.00815224454251643,4.16985978675978,1.25470999490226,0.406931166574303
"4059","GNG7",0.0694670324383281,0,0,1.79593709329673,0.461020419701084
"4060","GNGT2",0,0.111070661395535,0,0.158974006107482,0.688565519035791
"4061","GNL1",2.24475868128785,0.179207016482878,0,13.564257010401,4.68698679946939
"4062","GNL2",0.0567982237113217,1.54891120006003,0,0.124776554969675,0.551659505192205
"4063","GNL3",0.326466127368291,0.00636686877987083,0,0.176608816878641,0.178391289287985
"4064","GNL3L",4.57608894622381,0.176355289668446,0,0.0194077613919796,0.0103280430474932
"4065","GNLY",0.156730739960498,0.00369207091178722,0,0.159947147598277,0.627124844359209
"4066","GNPAT",0.219927931492365,0.819446092202067,0,0.717610322084132,0.181869436046252
"4067","GNPDA1",0,1.47243096142956,0,1.4235736471136,2.86124200001904
"4068","GNPDA2",0,0.720238358949163,0,0,0.031122518633513
"4069","GNPNAT1",0,0,0,3.78688994372533,0.945275342096011
"4070","GNPTAB",3.59619098233409,0.00204966033400727,0,0.980492739940761,0.974374680447197
"4071","GNPTG",0.789371708913537,0.325634696887896,0,0.198621958040646,0.35309471612301
"4072","GNRH1",0,0,0,0,3.36627713017164
"4073","GNS",0,0.00268853214557311,0,0.0141634863701055,0.269170024322821
"4074","GOLGA1",0,0,0,1.57238017509227,0.0499669290959331
"4075","GOLGA2",0.215964702639009,0.530695275163511,0,0.45892110257526,0.958529507354091
"4076","GOLGA3",0.14236316705826,0.000397319400755997,0,0.083024199128841,0.155386800871461
"4077","GOLGA4",0.496241796075497,2.75979608884135,0,0.213336398297824,1.11546242571693
"4078","GOLGA5",0,0.484985304722182,0,0.11298303374257,1.36008267639807
"4079","GOLGA6L4",0,0,0,0,1.91333641488614
"4080","GOLGA6L9",0,0,0,0,2.57885335712921
"4081","GOLGA7",0.113158472414272,5.10964687393378,2.05815288784438,0.021594743333495,2.07873287229569
"4082","GOLGA7B",0,0,0,0,0.0586694779921393
"4083","GOLGA8A",0,0.185743893984144,0,0,1.96841348668195
"4084","GOLGA8B",0.262236421673166,1.60435531544478,0,1.28253485793305,1.06151735290248
"4085","GOLGB1",0.313577409470704,0.588318702903302,0,0.192863926775518,1.1808903924388
"4086","GOLIM4",0,0.0938053577381566,0,1.12584599627398,0.00372027304677769
"4087","GOLM1",0,0.0615908720902724,0,2.78152852540634,0.902367118507061
"4088","GOLPH3",0.687669923986517,0.150884717266709,0,0.355173240326627,0.0222448797307995
"4089","GOLPH3L",0,0,0,0,1.27461315804429
"4090","GOLT1B",0.109902067901753,2.17214075584739,0,0.186317056379043,3.32025453801895
"4091","GON4L",0.0102013758732657,0.503049355540336,0,0.0306856432250489,0.0112907128521109
"4092","GOPC",0.33301140363247,0.000330773221014137,0,0.311242472619171,1.116636274705
"4093","GORAB",0,0,0,0.0691038081204665,3.15803096992908
"4094","GORASP1",0,0,0,0.100756134991403,0.135898221031693
"4095","GORASP2",0.199442440797587,1.45636862960239,0,1.57351715713047,2.7327156345488
"4096","GOSR1",2.8364591762592,4.96029083640987,0,2.28317357959962,3.43148679466936
"4097","GOSR2",0,2.67388043798613e-05,0,0.437026370531317,0.247127501499502
"4098","GOT1",0,0.174507579148996,0,0.301813099831717,0.102209527531864
"4099","GOT2",0,3.60093492738718,0,0.236401026643541,8.26596958629993e-06
"4100","GP1BA",0,0,0.0118132401984532,0,3.64103368853721
"4101","GP5",0,0,0,0,2.73891769209814
"4102","GP6",0,0,0.0951364473368798,0,0.0294025488736614
"4103","GP9",0,0,0.880539442927041,1.4862229616718,1.76809281244617
"4104","GPA33",0,0,0,0,0.194745898868985
"4105","GPAA1",0.426910605113144,0.358408454867514,0.00812163484951003,2.31691983861365,0.0957125347118578
"4106","GPALPP1",0,0.408731279444317,0,0.466409046358062,0.0463254350731327
"4107","GPAM",0,0,0,0,0.63656318913701
"4108","GPANK1",0.539239592355479,0.125813973578004,0,2.85400798512248,0.879247202597032
"4109","GPAT2",0,0,0,0,0.0161153397762475
"4110","GPAT3",0,0,0,0.00232345143760137,7.71832420628425
"4111","GPAT4",1.40176576583107,0.122234469737582,0,0.048476390197056,0.866047670141089
"4112","GPATCH1",0,0,0,0.0320338638362498,0.122695466606166
"4113","GPATCH11",0.35179961868186,0.164258617753981,0,1.44717649415361,0.00488706671318762
"4114","GPATCH2",0,2.17415567785068,0,0.136356425140502,0.0070070591449089
"4115","GPATCH2L",1.24555379809345,2.9802527379561,0,2.30727087202694,1.75735024271106
"4116","GPATCH3",0.762899022355358,1.44342704361594,0,2.81331818603422,2.44221671291958
"4117","GPATCH4",0.879328825473765,0.070598436284701,0,0.0699917177131232,2.37280748445576
"4118","GPATCH8",0.0681547955210195,1.77285884125137,0,0.390959364791025,0.00598187342219085
"4119","GPBAR1",0,0,0,0.514150839267645,0
"4120","GPBP1",0.833893309228348,0.379858875287825,0,0.0537151839913606,0.000571805774026533
"4121","GPBP1L1",0.153153096270558,0.0932689583735806,0,1.03736383087882,0.0605860123764042
"4122","GPC2",0,0,0,0,0.0485060435543172
"4123","GPCPD1",1.04106894685529,4.56824058758221,0,0.207077618243104,1.53571345875242
"4124","GPD1L",0,0,0,4.16026208277406,0.109466779978003
"4125","GPD2",0,0,0,6.5359083405002,0.00147699804779922
"4126","GPHN",0,0,0,0.00873503815300151,0.00535379428259427
"4127","GPI",0.0992749094517252,0.368654308102088,3.49338001455614,1.53937448936213,0.59077527996549
"4128","GPKOW",0,1.00801950146405,0,0.0262779665771832,0.881248210878039
"4129","GPM6B",0.656834614781621,0,0,0,0.000329454594672759
"4130","GPN1",0.0107595795825308,0.0612946532976687,0,0.294594311226406,0.0565257356777581
"4131","GPN2",0,0.0142657696455502,0,0.585514319978408,5.22013425617164
"4132","GPN3",0,1.94011805428823,0,0.00780396705463882,0.088886909199437
"4133","GPR107",0,1.68009743206469,0,0.00257347995614341,0.320327607451639
"4134","GPR108",0.10407832748178,0.234767455885236,0.202043243989921,0.168916886072314,0.000366641496433785
"4135","GPR132",1.81927588096008,0,0,3.44400402563376,0.0297420963613168
"4136","GPR137",0.965936192295479,4.93793829009,0,0.770658163465708,0.0774405083878015
"4137","GPR137B",0,3.31188559190698,0,12.8234397371071,1.87084914555812
"4138","GPR141",0,0.0257030073955146,0,17.2558147039463,5.98345553942351
"4139","GPR146",0.345109143834231,0,0,0,0.0032246897225082
"4140","GPR15",0,0,0,0,2.21174077451213
"4141","GPR150",0,0,0,0,0.0158432793605999
"4142","GPR155",0,0,0,4.26387514234421,0.213638729745452
"4143","GPR157",0,0,0,0,2.19418760414191
"4144","GPR160",0.0571753214593123,0,0,2.54526279935603,2.13518775533492
"4145","GPR162",0,0,0,0.962309663597697,0
"4146","GPR171",0,0,0,0,3.77648491705855
"4147","GPR174",0.894214300247151,0.4929094705174,0,0,0.125183775266773
"4148","GPR18",15.9972922502456,0,0,0,0.0481202190319336
"4149","GPR180",0,0,0,0,0.0102338819430489
"4150","GPR183",2.55927593791303,0.411585527665291,0,1.79610691329649,0.981885011612306
"4151","GPR25",0,0,0,0,1.43605088141707
"4152","GPR27",0,0,0,4.01366070372711,0.690367088619727
"4153","GPR35",0,0,0,0.95109804669171,0.580408248536609
"4154","GPR55",0,0,0,0,0.296509837426404
"4155","GPR65",3.30646621516924,0.103604335623092,0,0.0124685417134346,1.60272302147938
"4156","GPR68",0,0,0,0,0.622369098744889
"4157","GPR82",0,0,0,0,0.101052806992952
"4158","GPR84",0,0,0,0.282809259422761,0
"4159","GPR89A",0,1.98340503347776,0,0.174503226043173,1.64254693942127
"4160","GPR89B",0,0.141820216818774,0,0,0.031062138804619
"4161","GPRASP1",0,0,0,0,2.43997437999114
"4162","GPRC5C",0,0,0,0.265335143864586,0
"4163","GPRIN3",0,0.0366129448425662,0,2.76011448260424,0.458571142634604
"4164","GPS1",2.28987895757265,2.5381748377608,0,0.21089905115823,0.403438664948049
"4165","GPS2",2.40047527981117,1.29032839080443,0,0.104379209488739,0.953791548406692
"4166","GPSM2",0,0,0,0,0.116952290145025
"4167","GPSM3",0.0317271322439678,0.0321901910765319,1.79594070527225,3.91517714259468,0.23145020696798
"4168","GPX3",0,0,0,3.12100298493609,0
"4169","GPX4",0.311218906647423,0.947370634755853,1.8477632989244,2.88202593630054,1.44829287802251
"4170","GPX7",0.0529840068010445,2.75482446824663,0,0,1.88641991569233
"4171","GRAMD1A",1.07555714095162,0.637446721185932,0,0.00348327531871671,5.5696498299415
"4172","GRAMD1B",0,0,0,1.02751635463139,1.38502945488604
"4173","GRAMD3",0,0,0,0,0.269786333856437
"4174","GRAMD4",0,0,0,0.0486465642472074,4.66056219587095
"4175","GRAP",0,0,0,0,1.94260108010824
"4176","GRAP2",3.10266731626874,6.04915522276049e-06,0.402220253911288,0.1761101624695,0.0483833124551048
"4177","GRASP",0.277666208259779,0.722538777693654,0,5.98356494290724,2.78426767546183
"4178","GRB2",7.32480695766908e-05,0.142253010684765,0.73455929906785,0.280454249599735,2.48826468115459
"4179","GREM2",0,0,0,0,0.305023878934027
"4180","GRHPR",2.87618330736358,1.23680343009656,0,0.183510113043187,0.0633735327186034
"4181","GRINA",0.192921732210238,0.111305414099804,0,1.63966353623405,0.423809206266189
"4182","GRIPAP1",0.48082596688591,1.35758882138731,0,0.210395521837964,0.183346700025828
"4183","GRK4",0,0,0,0,0.828667765435855
"4184","GRK5",0.000567065921678594,7.82283824571441,0,2.14985807134269,0.444194272225307
"4185","GRK6",0.0301340193028189,0.48513862372502,0,1.05828737322149,0.574457837761797
"4186","GRN",0.802089123641274,0.346459505128655,0,10.4718954194471,0.204952637910474
"4187","GRPEL1",1.95703243767543,0.790208619953242,0,0.819731587679844,2.79620080432654
"4188","GRPEL2",0,0,0,8.69904630082272,6.82916946150178
"4189","GRSF1",1.3638214847112,0.229290323262825,0,0.320286330031824,0.0010692113458922
"4190","GRWD1",0.106470087878774,0.000728540889512171,0,0.0550205869792265,0.113776564677729
"4191","GS1-124K5.4",0,0,0,0,0.423319467608373
"4192","GSAP",0.000699250183685711,1.23365946433561,0,2.14617729482744,0.148740585696099
"4193","GSDMA",0,0,0,0,0.846164165669326
"4194","GSDMB",0,0,0,0,4.71054022764175
"4195","GSDMD",1.57276973172499,2.49631642824711,0,2.00484818125326,0.794495423626315
"4196","GSE1",0.658433652436582,0.191495942903755,0,0.210052240794313,1.53939239910052
"4197","GSK3A",0,0.00269243046496172,0,0.354115731953828,0.0102990301210772
"4198","GSK3B",0.80865001517023,0.307435471663665,0,0.0990125982479161,0.011502295465015
"4199","GSKIP",0.0783120872942323,0.278232168342614,0,0.163548820574703,0.0282562891070425
"4200","GSN",0.306220163988873,0.0493635496034037,3.43726232635459,4.94051681339219,0.479734284492217
"4201","GSPT1",1.43221319441558,0.0577462933672762,0,3.03423745257099,0.91650658230969
"4202","GSPT2",0,0,0,0,0.0623367843723136
"4203","GSR",0,1.86545778809962,0,4.26369417919927,7.98631736643059
"4204","GSS",0,0.20658524554729,0,0.0514843392257721,0.53801949311535
"4205","GSTA4",0,0,0,0,0.173911535888529
"4206","GSTCD",0,0,0,0,0.430243656035302
"4207","GSTK1",0.457782157116935,1.23578192922603,0.0966240950656641,1.04079337190461,0.243737636820271
"4208","GSTM1",0,0.0895049148225024,0,0.0490143868675187,0.0683946072591824
"4209","GSTM2",0,0.40813900618249,0,0,0.0909651742197653
"4210","GSTM3",0,0,0,0,2.18161021962259
"4211","GSTM4",0,0.00118630201906852,0.146675500258194,0.222563770089945,0.701289777155079
"4212","GSTO1",0.101492506310495,0.000537942255326798,8.05325799491808,0.0101890456752211,1.94348706422346e-05
"4213","GSTP1",0.0504921967280329,2.30393908439425,0.435086212294259,0.895422425323187,0.415734692127412
"4214","GSTZ1",4.92972642078055,0,0,0.191239453398788,0.0873246939726853
"4215","GTDC1",0,0.426156961094909,0,0.639342030618116,0.795949842673358
"4216","GTF2A1",0.089940723646816,0.967924356026418,0,0.831135311471157,0.00627746738841765
"4217","GTF2A2",1.33323439210945,0.1356721249791,0.558478524380674,0.0198017784959502,0.00420505348050469
"4218","GTF2B",0.0163812740320682,2.78128136534968,0,3.32642686150318,10.4076982550995
"4219","GTF2E1",0,0,0,0.000363881801102632,0.00780531240906607
"4220","GTF2E2",0.435386858216307,1.15821182074748,0,0.895546305427,0.321246516989246
"4221","GTF2F1",0.041913416644903,0.850909840740348,0,2.6738830368175,2.22920314897368
"4222","GTF2F2",0.124040095200493,0.907536660000213,0,2.16151258380745,0.173417979868405
"4223","GTF2H1",0,0.13374917278272,0,1.21503293733922,0.097460496357459
"4224","GTF2H2",2.95438648652851,0,0,1.33915510677103,0.121955221653692
"4225","GTF2H2C",0,0,0,0.316404711948266,0.552034083379478
"4226","GTF2H3",0.0663559490461931,0.00667822806848722,0,0.0210437543560233,0.630051241938405
"4227","GTF2H5",0.00592997502524207,0.820078497175089,0.00586980187718028,2.11114522744255,2.87420690313441
"4228","GTF2I",6.43197748841103,0.0280350343590428,0,5.27422070089535,3.03852532112246
"4229","GTF2IRD2",0.116392031530426,0,0,0.12661337247852,0.435077249639191
"4230","GTF2IRD2B",0,0.0005615743277048,0,0.224207136228128,1.00393747762947
"4231","GTF3A",0.783927377546128,0.214431669025748,0,0.5124617466083,0.429557263701815
"4232","GTF3C1",0,0.0120605227548538,0,0.409562216786095,0.0295998448054632
"4233","GTF3C2",0,1.55504299713082,0,0.35771342377986,0.489985429664782
"4234","GTF3C3",0,0.291350544679979,0,0.847978661825915,3.12838309115012
"4235","GTF3C4",0,0,0,4.68723510161055,2.91991396181464
"4236","GTF3C5",0.961936718338682,1.96563026161104,0,3.88106380529864,2.86684033645518
"4237","GTF3C6",0.0173103423741317,0.663758992614328,1.42096886981829,0.375098931078957,2.09418759843008
"4238","GTPBP1",0.0165335692853548,7.59991956341485,0,0.847023743694153,0.97232470316941
"4239","GTPBP10",0,0.145918169642577,0,2.54723671789286,0.322987620041297
"4240","GTPBP2",0,0,0,0.533074520006649,0.106588735528926
"4241","GTPBP3",0,0,0,0.246665393883421,0.481386628819046
"4242","GTPBP4",0.10829461949335,12.7948710848632,0,0.0176741847540365,0.597030269886694
"4243","GTPBP6",0.0883086832712457,0.048181785421938,0,0.00424157774363475,0.225238945721845
"4244","GTPBP8",0,0.0987951835328248,0,0.614011338899835,0.0589908126331295
"4245","GTSCR1",0,0,0,0,0.26913920843309
"4246","GTSF1",0,0,0,0,0.658820100940096
"4247","GUCD1",0.917686853332432,0.0287599163574604,0,1.20049889635719,1.59648579947963
"4248","GUCY1B3",0,0,3.22440828341644,5.95237043265096,0
"4249","GUF1",0,0.0819612391604004,0,1.07857916344801,0.0050450509325681
"4250","GUK1",1.77576342164592,0.275886782791996,1.5119992029786,0.957124780126913,0.854954026645934
"4251","GUSB",2.30177173529159,0.00027459087855826,0,0.30371645636417,2.43403578377126
"4252","GXYLT1",2.48248982732093,0.895675039079876,0,0.689323775938233,0.259052999387604
"4253","GYG1",4.69265760688108,1.17215240250252,0,0.0254351472040216,3.51618893309277
"4254","GYLTL1B",0.0344703799387394,0,0,0,0
"4255","GYPC",0.773340130661645,3.02315550438573,0,4.14779396367004,0.318555679796246
"4256","GYS1",0,0,0,5.27238510311449,3.3846571915994
"4257","GZF1",0,0,0,0.436684885955119,1.94500603060514
"4258","GZMA",0,0.530844294840108,0,0,0.365454194486664
"4259","GZMB",0,0.0751665435886719,0,0,0.334545682180246
"4260","GZMH",0,1.88720999516795,0,0,0.0328476085496447
"4261","GZMK",0,2.61530466004056,0,0,4.24055466140406
"4262","GZMM",0,4.11734378483966,0,0,0.976382464813758
"4263","H1F0",0,0,0.0186504044327883,6.6971547501909,0.458979306164363
"4264","H1FX",0.00103318927717754,0.134899796613909,0,0.147004144316118,2.63763244152807
"4265","H2AFJ",3.66844125023397,1.55834833642498,2.30756005967319,0.272106363082025,0.798837676624208
"4266","H2AFV",0.110608030542433,0.277706100285676,0,0.0188610616836964,0.0358265235497421
"4267","H2AFX",0,0.0945825465473931,0,0.256912714900123,0.00612693368052538
"4268","H2AFY",0.709485495952624,0.112721800671575,0,1.32593059109246,0.0589159136046846
"4269","H2AFY2",0,0,0,0,3.22648601935781
"4270","H2AFZ",3.40293968199696,1.13535733140197,0.0220640643477592,2.20573287064834,0.731824434449913
"4271","H3F3A",3.24630844367757,1.12758835956682,0.00235591983070919,0.0329158246173032,0.00105230525839288
"4272","H3F3B",0.868489965032384,0.643680291365972,0.00670360188184632,0.0231267832421452,1.26864292357251
"4273","H3F3C",0,0,0,0,0.558467180190247
"4274","H6PD",0,1.19206257219942,0,0.160517423242313,0.0082014594445217
"4275","HAAO",0,0,0,3.31661998263442,0
"4276","HABP4",0,0,0,0,11.5698687836227
"4277","HACD1",0,0,0,0,9.39670338306651
"4278","HACD2",0.562668908383394,1.05922223061957,0,5.00211023116754,0.0278300395834879
"4279","HACD3",0,0.322948752530604,0,0.105924101987803,1.58802350186441
"4280","HACD4",0.0467228649340886,3.16035750618881,1.60769064178979,0.823932050677346,3.29392276187913
"4281","HACE1",0,0,0,0.41497376491405,0.293695574249825
"4282","HACL1",0,1.18226234894297,0,0.0857953734269638,3.02037428175216
"4283","HADH",0,1.24357017512174,0,0.0356267846598185,1.10507219245261
"4284","HADHA",2.56027135723382,0.000258635124377675,0,9.31687907036716,2.16095748705648
"4285","HADHB",0.0311604345399619,1.01909318253503,0,0.514973158581622,0.182872833626663
"4286","HAGH",5.59537100713377,0.000120291391247758,0,5.52432216961556,2.75890050185653
"4287","HAGHL",0,0.127216515478736,0,0,0.810256844952657
"4288","HAL",0,0,0,4.57748686916828,0
"4289","HAPLN3",0,3.75314717481245,0,0,0.610793926046791
"4290","HAR1A",0,0,0,0,0.0318428465336687
"4291","HAR1B",0,0,0,0,0.0681735270354456
"4292","HARBI1",0,0,0,0,0.0724969339442855
"4293","HARS",0.311282287371076,1.43645498641429,0,0.127847701295632,0.769261282029928
"4294","HARS2",0.441008701907335,0.00225848511788825,0,1.6139114332658,1.68855463490787
"4295","HAT1",1.18159018457248,0.231414106606278,0,1.00493718554385,0.00786206262881533
"4296","HAUS1",0.982971357978335,0.0121676082074706,0,0.538123426460401,0.069488643285035
"4297","HAUS2",2.21277673812333,3.47419706281746,0,3.01654333398745,1.96542607090936
"4298","HAUS3",0.845640924834253,0.37545672099615,0,0.356306027545221,1.55922112002005
"4299","HAUS4",0.500045500322811,0.205815940639182,0,0.0152936737595158,0.386971318711347
"4300","HAUS5",0,0,0,0,0.0281024186819967
"4301","HAUS6",0,1.03209254171055,0,0.605831254940758,0.855200744792974
"4302","HAUS7",0,0,0,0.00332916388724866,0.00511429419719464
"4303","HAUS8",0,0,0,8.90726240408996,2.94536319651951
"4304","HAVCR2",0,0.982021039951545,0,0.059866036689452,0.414982845598334
"4305","HAX1",0.0247737946609295,0.675518808585225,0,0.921268494026042,0.325261578487344
"4306","HBA1",6.53648836698698,0.0258079899369616,2.66070977974056,0,3.04056285843761
"4307","HBA2",7.64142124251802,0.115343473872747,2.45381882450735,0,4.53075594910957
"4308","HBB",11.3419109570136,14.6114952502585,6.44353239009276,8.13474439866868,5.47575225042174
"4309","HBD",0,0,1.72000524347253,0,0
"4310","HBE1",0,0,2.91016814529378,0,0
"4311","HBEGF",0,0,0,0.350040379534907,0
"4312","HBG1",0,0,0.0283889875735011,0,0.0598763687981208
"4313","HBG2",0,0,0.00200917895669957,0,0.37642217339543
"4314","HBP1",0.379471977209952,4.65426250713402,0,5.71987801230033,3.23432684230769
"4315","HBQ1",0,0,0.397683056332608,0,0
"4316","HBS1L",0.0442173212128477,1.46166462758142,0,0.0977754309152341,0.0238119850223486
"4317","HCAR2",0,0,0,0.543821084800418,0
"4318","HCAR3",0,0,0,0.650973390424463,0
"4319","HCCS",2.92487072829328,0,0,5.29905594132354,2.84125969712145
"4320","HCFC1",0.139511468974443,0.0117313839657401,0,2.24569781397765,0.928638722949913
"4321","HCFC1R1",1.49224831451732,1.80494073477894,1.29523993733487,0.0672176904328479,4.26740716214027
"4322","HCFC2",0,0,0,0.0620430469950667,0.67222252591485
"4323","HCG11",0,0,0,2.2856730878792,0.0566032071419407
"4324","HCG18",0.506083548877767,0.160267970926649,0,2.28806230789089,2.46313883046434
"4325","HCK",7.09662562272835,0,0,0.404950995397255,0.776183569560766
"4326","HCLS1",2.25903762534126,0.0323014277718391,0,0.162840601652581,0.232390972878046
"4327","HCST",2.54847592645057,4.40237094753024,0.0202127364224948,1.07043394045961,2.92177160509025
"4328","HDAC1",0.394950349867844,0.133119363294753,0,0.0509272461127674,0.423956439312124
"4329","HDAC10",0.666416476172493,0.0392982032801587,0,2.86225832591022,0.00965230371219331
"4330","HDAC11",0,0,0,0,6.85711879838214
"4331","HDAC2",0.0116850203545328,1.53682900828235,0,0.108490045813815,6.82183855217726
"4332","HDAC3",0.0116149462533,1.67037614133589,0,8.44246767409344,2.60049629735091
"4333","HDAC4",0,2.91984697063394,0,2.74037489189446,0.864549668470193
"4334","HDAC5",0.0635748026036151,0.00922951595612239,0,0.585716724688931,1.03454537878312
"4335","HDAC6",0,0.0119657752664429,0,0.255026056180736,1.62356146163199
"4336","HDAC7",2.12025192987527,0.0780293098296158,0,2.07732259768099,0.13453621292732
"4337","HDAC8",0,0.336038750847425,0,3.12637031769704,0.0718617344902435
"4338","HDAC9",3.78060153869684,0,0,0.0629793163325633,0.339939026250243
"4339","HDDC2",0.00247312369404428,0.255113717274655,0,0.0636816581335065,6.52684007253521
"4340","HDDC3",0,0.794031736761895,0,0.0767773807944202,2.9037688821599
"4341","HDGF",0.102389084785033,4.02066713790892,0.105376844127751,1.25475991451153,2.61521007028526
"4342","HDHD2",0.0823530995318177,0,0,7.60112254829399e-05,1.46970207019945
"4343","HDHD3",0,0,0,8.24098097906985,2.9214503173003
"4344","HDLBP",0.444892445043075,1.76228808666891,0,0.621286626051122,0.567353831584657
"4345","HDX",0,0,0,1.13657751570275,0
"4346","HEATR1",0.385296574646464,2.4492270918134,0,0.0255060172931117,0.0794352967195895
"4347","HEATR3",0,0,0,1.29025684181669,8.43278541729862
"4348","HEATR5A",0,0,0,0.314099190379044,2.23733514451807
"4349","HEATR5B",1.27588652731825,0.441309203967217,0,1.57964054258813,0.0955364021632249
"4350","HEATR6",0,0,0,0.0321980073888359,1.16986745023992
"4351","HEATR9",0,0,0,0,0.0406239308584032
"4352","HEBP1",0,5.66594490449579,0,1.11143559151931,0.513464864961055
"4353","HEBP2",0.0043926404826735,1.04474985613202,0,0.0313869457850584,1.34331306037366
"4354","HECA",0.483381900119441,3.50435575999908,0,4.87522563259951,1.68333975348018
"4355","HECTD1",0.625346354783329,0.516019068550089,0,0.937693440523452,1.39976957999224
"4356","HECTD2",0,0,0,0,0.199194946249913
"4357","HECTD3",0,0,0,3.54848935215954,0.275705530516415
"4358","HECTD4",1.206237205861,2.9704955856263,0,0.330582926869236,0.24125123867824
"4359","HEG1",0,0.0687742272444674,0,6.04534045012793,0.0162800449682189
"4360","HELB",0,0.216909450404568,0,0.458878786016572,2.38772725868678
"4361","HELLS",0,0.663718822613854,0,0,0.50198684249613
"4362","HELQ",0,0.21881321256671,0,0.201977757440918,0.243657065699903
"4363","HELZ",0.00211698189271321,1.36544529477532,0,1.44741789106478,0.31268647884992
"4364","HELZ2",2.39755210740692,0.00179485047567016,0,0.106836658143181,2.4748408546242e-05
"4365","HEMGN",0,0,0,0,3.22741991617946
"4366","HEMK1",0,1.21199608850427,0,4.43249661305119,1.41010841594369
"4367","HENMT1",0,0.258977791492364,0,0.143931131392017,0.430677378976732
"4368","HERC1",2.00617708212032,0.451326632190977,0,0.338971938725754,0.379411719739566
"4369","HERC2",0.421265026166191,0.356685686823958,0,0.113697720988881,2.93925268920918
"4370","HERC3",0,0,0,0.30463353916659,0.00219069432259816
"4371","HERC4",2.25526107297819,0.452603611068984,0,13.8655645047401,4.79842604250898
"4372","HERC5",0,2.9807407419867,0,4.16094600644249,1.54634463222642
"4373","HERC6",0,0,0,3.08037027173945,0.00248034533481799
"4374","HERPUD1",0.121042471552499,0.235431543857462,0,1.25301460955866,0.0023800455649254
"4375","HERPUD2",0.847696684172705,7.39272577323276,0,1.23703041106686,0.672599356749945
"4376","HES1",0.116636556846255,0,0,0.210236049869143,0
"4377","HES4",0,0.54968384851557,0,0.833115385135044,1.41391830905545
"4378","HES6",0,0.703851332619875,0,0,1.60796167279834
"4379","HEXA",0.335453474309024,0.207201533394885,0,7.62730865212452,0.0433505514435761
"4380","HEXB",3.73078352321179,0.00155609567107554,0,2.84307871423644,0.142247104314237
"4381","HEXDC",0.217937269893033,3.2476196989405,0,0.249426793367792,0.550870534618086
"4382","HEXIM1",0.675483698738879,0.709016309358991,0,0.570429342199393,0.830810885296959
"4383","HEXIM2",0,0,0,0.00282129262815907,8.73309040417759
"4384","HGD",0,0,0.0573893963001566,0,0
"4385","HGF",0,0,0,6.9375688457339,0
"4386","HGH1",0,0,0,1.43941801363173,2.76715062353483
"4387","HGS",0.291941126497968,0.139176111547454,0,0.233541985236769,0.811144576620551
"4388","HGSNAT",9.29569335598657,8.08859693847822,0,2.24040223965542,8.63203708796744
"4389","HHAT",0,0,0,0,0.442520176183408
"4390","HHEX",6.04441857917228,0.892859437262256,0,2.96788405373157,3.21342389377667
"4391","HHLA3",0,0,0,0,1.78807985478376
"4392","HIBADH",0,5.72670193465993,0,0.0682202574547014,0.594483259499901
"4393","HIBCH",0.547602760393787,0.785229894059627,0,2.37913034956572,1.8666913861827
"4394","HIC1",0,0,0,4.14828465750711,0.3057612904955
"4395","HIC2",0,0,0,1.58219093308699,0.190836821576764
"4396","HID1",0,0,0,0,5.26532674085193
"4397","HIF1A",1.50452811669735,0.322999183477821,0,0.10204836691761,0.559663744126183
"4398","HIF1AN",0,0.0413039431582597,0,0.101962579017704,0.966599848634453
"4399","HIGD1A",1.04544880197309,0,0.8348691903143,0.0119540538438599,0.0402236266855673
"4400","HIGD2A",0.122506111925301,1.80987340238131,0,1.88406621592581,0.0286318514731952
"4401","HINFP",0,1.73764206344812,0,0.428312048159802,0.00395533989829223
"4402","HINT1",0.179158872804401,0.0243632413435014,0.30025273782122,6.61003504569928,0.211475850229253
"4403","HINT2",0.14569884266463,0.96918735715217,0.0171356813147562,2.72096286430681,2.00498572207786
"4404","HINT3",0.58273167921472,0.249185022459551,0,0.994978935562627,1.33647364487226
"4405","HIP1",0,4.52409608353047,0,7.21121943555038,2.95183498393632
"4406","HIP1R",2.20920084431841,3.59393799644662,0,0,5.63508755871777
"4407","HIPK1",0,0.439561487031152,0,2.28152985217055,0.698992138583098
"4408","HIPK1-AS1",0,0,0,0,0.00805012304351472
"4409","HIPK2",0,0.106119859584065,0,1.24811863955508,0.713038321668866
"4410","HIPK3",2.60567266668267,0.38090133873743,0,0.471497098790057,0.0125716951960896
"4411","HIRA",0,0,0,0.984373570763663,0.0524570927231252
"4412","HIRIP3",0,1.74930478868459,0,0.150857844891642,0.202920004046387
"4413","HIST1H1A",0,0,0,0,2.82335718735932
"4414","HIST1H1B",0,0,0,0,0.0579205195438208
"4415","HIST1H1C",6.39768840423394,0.127886030726154,1.05166834638284,6.26855481788197,0.441508810376551
"4416","HIST1H1D",0.0900575567912499,1.24662654129644,0,0.00114627566573883,0.00781767540562717
"4417","HIST1H1E",1.31342522955171,0.337329753930816,0,0.0275799315419178,0.0670430148760133
"4418","HIST1H2AB",0,0,0,0,1.84711712916929
"4419","HIST1H2AC",3.45720691617012,2.00196781405814,0.00641970748965834,2.7362874663866,1.96548531271834
"4420","HIST1H2AE",0,0,0,0,0.134413248405133
"4421","HIST1H2AG",0,0,0,0,0.0024280117853054
"4422","HIST1H2AK",0,0,0,0,0.0220314196435491
"4423","HIST1H2AL",0,0,0,0,0.116098306575479
"4424","HIST1H2BC",0,0,0.413586747838619,2.35930936492197,0.545380702730253
"4425","HIST1H2BD",0,0,0,0,0.0721737900696777
"4426","HIST1H2BF",0,0,0,0,0.12527314027653
"4427","HIST1H2BG",0,0,0,0,2.42159161688633
"4428","HIST1H2BH",0,0,0,0,0.45647131731054
"4429","HIST1H2BJ",0,0,1.38247182442596,0,0.101906740758885
"4430","HIST1H2BK",0.959689684716377,0.0535459937410848,6.00377063692566,0.0133960949465349,0.0208475666206278
"4431","HIST1H2BN",0,0,0,0,0.48120026861222
"4432","HIST1H3A",0,0,0,0,0.95822905958868
"4433","HIST1H3H",0,0,4.16144888348033,0,0.0441122794493656
"4434","HIST1H4B",0,0,0,0,0.000490811012055065
"4435","HIST1H4C",4.5553460357645,0.481830766000704,0,0.795322250533533,0.161927045022384
"4436","HIST1H4F",0,0,0,0,0.209208820538371
"4437","HIST1H4H",0,0,6.71149986526955,0,0.000613640069773386
"4438","HIST1H4J",0,0,0,0,0.146346445764601
"4439","HIST2H2AB",0,0,0,0,0.0429493879606036
"4440","HIST2H2AC",0,0.226341482985989,0,0.0275281648750189,0.86262804041124
"4441","HIST2H2BE",0,0,0,0.0199297282498729,0.419442551319872
"4442","HIST2H2BF",0,0,0,0,1.78566936271764
"4443","HIST3H2A",0,0.133602039153147,0,0.831241054311761,0.309004298046828
"4444","HIST4H4",0,0,0,0,0.10332225907275
"4445","HIVEP1",0.0147415335403882,0,0,4.22206708121959,0.0488513145744832
"4446","HIVEP2",0,1.53660326734115,0,2.0544105229058,0.00296033830308659
"4447","HIVEP3",0,0.412533903940629,0,3.00535410305666,0.389086386823708
"4448","HK1",0.822904472367236,3.26881534506626,1.21622400372839,1.14278625564163,0.349366800678029
"4449","HK2",0,0,0,5.48290975477537,6.95003135981684
"4450","HK3",0,0,0,4.78708766765861,0
"4451","HKDC1",0,0,0,0,8.01202956481064
"4452","HKR1",0,0.18477831920525,0,0.36176585021798,0.894975494668291
"4453","HLA-A",0.0499676753430306,0.00230738407474928,0.0306471099983822,1.07020463447912,0.358199011509249
"4454","HLA-B",0.0518713986090913,0.0244703134774715,0.000568469821126872,0.257469907222813,0.749632772095126
"4455","HLA-C",0.698599604588747,0.0722275497915727,0.976902890127871,0.154901265524736,3.07793963662923
"4456","HLA-DMA",0.0976848583472833,0.122216345404628,0,4.9435919079909,0.183080719158872
"4457","HLA-DMB",1.52156560212159,0,0,10.1601328026642,0.384558702715203
"4458","HLA-DOA",2.09822619302088,0,0,20.2715615674991,9.68961312716564
"4459","HLA-DOB",2.57243747945878,0,0,0,0.00584605553289499
"4460","HLA-DPA1",0.276068952035827,1.08359459223238,0,11.4956216888454,0.0290553113317123
"4461","HLA-DPB1",0.0123069492933949,0.310019028011315,0,16.8349118553808,0.0090275769188911
"4462","HLA-DQA1",0.332958255967549,0,0,6.03785821413887,0.450624556437109
"4463","HLA-DQA2",0.0271176642502977,0,0,0.0723656467559008,0.00578503462484142
"4464","HLA-DQB1",0.667345475498433,0.0181306454526665,0,1.2501200013209,0.530433907802305
"4465","HLA-DRA",0.0764686328852244,0.252271267188932,0,6.10940271725309,0.0764448742952197
"4466","HLA-DRB1",0.00428020827898752,1.79943862896419,0,11.7824888586821,0.387621627317324
"4467","HLA-DRB5",0.023833870450407,2.94504949672803,0,3.91590396513794,0.258686373764438
"4468","HLA-E",1.22152358801,0.162501661089204,1.16259369283755,4.5730022749538,6.19640424414798
"4469","HLA-F",1.34482118470893,0.512641275144337,0,0.102605014037658,0.313711392027933
"4470","HLA-G",0,0,0,0.00770183912396829,0.315189209791377
"4471","HLCS",0,0,0,0,0.75534262184243
"4472","HLTF",0,1.02229574978424,0,0,4.20383351604036
"4473","HLX",0,0,0,3.16227607493564,0
"4474","HM13",0.34676843397223,1.55479193154917,0,4.87839876520268,0.457658151663132
"4475","HMBOX1",2.57784037733011,0.86336759115717,0,0.290024783740727,0.000894334822101108
"4476","HMBS",0,0,0,0.221883985106103,2.07999571729103
"4477","HMCES",2.22483790136446,2.10576988486384,0,1.02554075515192,3.51965693596391
"4478","HMG20A",0,0.195801792261985,0,0.310483695118437,0.199217443233389
"4479","HMG20B",0.0153255639108843,0.741797789598255,0.0246106007534249,5.44700528952641,0.430845737939441
"4480","HMGA1",0.161998723932225,1.0281484620059,0,0.125062500843696,0.71719796989758
"4481","HMGA1P4",4.84801937246369,0,0,0.676642363251944,0.665762945174905
"4482","HMGB1",0.888998871242749,0.135648257845959,1.46439943862972,0.0461186041429261,0.113790930651352
"4483","HMGB2",0.127286607051447,0.00251313254357066,0,24.2492814672512,0.000199762350497232
"4484","HMGB3",0,0,0,2.1961427906803,0.154810210068568
"4485","HMGCL",0,0.0115074791659206,0,1.12798863068944,1.23392025183651
"4486","HMGCR",0,2.0037848967975,0,1.09491094191958,0.250466755208124
"4487","HMGCS1",0.136885692338499,0.766428361340428,0,0.0282182306110717,1.14199113384183
"4488","HMGN1",0.402861223587404,1.35181379028909,2.46807315503753,4.74545128412202,0.572936104222585
"4489","HMGN2",0.734020557902631,1.12914357340658,3.23625949446477,0.2661933950527,0.488863092350577
"4490","HMGN3",2.16092068400855,0.223800315214733,0.0516931877962026,0.215723819584295,1.54210822828513
"4491","HMGN4",3.03372569535881,0.0894849089904403,0,0.533759814962239,0.022540800056059
"4492","HMGN5",0,0,0,0,0.792154640635183
"4493","HMGXB3",0.0394212864687453,0.571354492082437,0,0.0386944497838195,0.231247281228976
"4494","HMGXB4",0.0999646922574063,3.12999722404868,0,4.5853957475331,0.580595177371643
"4495","HMHA1",0.180815263808786,0.350299709997789,0,0.000815504149693697,0.000667532850705378
"4496","HMOX1",0,0.0111914235935458,0,0.209123341330421,0.111677847715327
"4497","HMOX2",5.63189504768548,0.120961814761964,0,0.0621369912910587,3.2354004006262
"4498","HN1",0.809566151731711,0.167969186821596,0,1.46180907481639,2.9689007363146
"4499","HN1L",0,0,0,0,3.26080160698062
"4500","HNMT",0,0,0,0.0728121375165136,0
"4501","HNRNPA0",0.991812258359348,0.156136266759063,0,1.65774070062894,3.63112561889806
"4502","HNRNPA1",0.596130103067217,0.00609376816316107,0.251636599813285,2.5423751313338,2.05292743827397
"4503","HNRNPA1L2",0,0,0,0.260122075994928,0.727036734529811
"4504","HNRNPA2B1",0.606097610177308,0.567223642676857,0.531794447834784,1.56862268437878,0.841335470811144
"4505","HNRNPA3",0.484990682234877,0.022013547631642,0,2.84044218705875,0.0103933261611669
"4506","HNRNPAB",3.86783080382648,0.528428527599203,0,0.149869491714125,0.619136594707287
"4507","HNRNPC",0.0711027276733206,0.188588624594158,1.27256648405968,0.0205126815403155,0.316166925475555
"4508","HNRNPD",0.512010822622247,1.27672237625971,0,0.0173964450744546,1.33968793072111
"4509","HNRNPDL",1.38758482009299,0.183129854670842,0,1.34736431430205,2.29558540389952
"4510","HNRNPF",0.427630975637397,0.0055333527025658,0.0592539362705098,0.300078281078059,0.0465649401337656
"4511","HNRNPH1",0.0106929640747508,0.0381242903429623,0.469376173697051,0.0174557071158956,0.0227299195470719
"4512","HNRNPH2",0.623967961151509,6.73421009752595e-05,1.31799670090008,0.0651744383147632,0.000415590448737902
"4513","HNRNPH3",0.0260003620893114,1.48238652997312,0,1.38265090020607,2.41208475741465
"4514","HNRNPK",0.0959827237977277,0.465756783982998,2.24154166338948,0.294609453339872,0.106923981446535
"4515","HNRNPL",0.0832138330407965,4.97024268638986,0,0.127689641655738,3.53238940405681
"4516","HNRNPLL",0,0,0,1.39987733824504,5.60346004707338
"4517","HNRNPM",0.208336362378218,0.0974479041725104,0,0.41959738811065,0.185281367370422
"4518","HNRNPR",0.0476344087663087,0.366227358565955,0,0.131500992680977,0.147074819379964
"4519","HNRNPU",0.111748132613109,0.785279326831539,0,4.73364048058163,0.597353659713594
"4520","HNRNPUL1",0.775845782142981,4.80512614751156,0,1.19190305680831,3.38870256996187
"4521","HNRNPUL2",0,1.50589468185901,0,1.46856558640507,0.23586588052084
"4522","HOMER1",0,0,0,0,0.00516950706585485
"4523","HOMER2",0,0,0,0,0.866215561494721
"4524","HOMER3",0,0,0,0.0207598284160042,0
"4525","HOMEZ",0,0,0,0.194107183142377,0.00141378145943639
"4526","HOOK1",0,0,0,0,0.0775492261739287
"4527","HOOK2",0.0278037587637958,2.84703675003575,0,7.42038551189621,0.984439866704841
"4528","HOOK3",0.209592531971558,0.48367724336142,0,0.451037837347536,0.00667767565628371
"4529","HOPX",10.395136695424,2.56128138524551,0,0.0613919358148114,0.0643642233699365
"4530","HOTAIRM1",0.622564574513956,0.120485779512797,0,11.0885768486142,0.178735841602013
"4531","HOXB-AS1",0,0.000302421276404153,0,0,0.0289403027873153
"4532","HOXB2",0,0.000138051852124865,0,0.619964651685784,3.94341917195014
"4533","HOXB4",0,1.60024257654851,0,0,0.449964546738115
"4534","HOXB7",0,0,0,0,0.182865116188322
"4535","HP1BP3",0.292189026978782,0.370922605802317,0,0.331610487586051,1.27511935200417
"4536","HPCAL1",0.286354077797759,0.225018752724447,1.81325917677891,1.1505636908035,1.07684305260421
"4537","HPCAL4",0,0,0,0,1.36598936896295
"4538","HPGD",0,0.0758465190306798,0,0,0.0172301069731769
"4539","HPRT1",0.152042062361776,0.412567053814759,0,0.130411223901181,0.582493200890024
"4540","HPS1",0.418516016364216,2.32220346306087,0,0.222824955525452,0.00389528101367281
"4541","HPS3",0.881679687800086,1.35940756060511,0,0.848867750994702,0.231980715080448
"4542","HPS4",0.840713485763061,0.956677955336612,0,0.110935910701688,2.62552497892065
"4543","HPS5",0,0,0,1.1963702722661,1.93459015162554
"4544","HPS6",0,1.1707619195635,0,4.21101439253508,6.04856201941995
"4545","HPSE",0,0,1.96547412577217,6.34798531527002,3.87803008612897
"4546","HRAS",0,1.14695855910446,0,0.193404344231248,0.618050380530162
"4547","HRASLS2",0,0,0,0,1.20777881085414
"4548","HRAT92",0,0,1.8656268013209,0,0
"4549","HRH2",0,0,0,1.83085839769042,9.78389501926449
"4550","HRK",0.403502983174512,0,0,0,0
"4551","HRSP12",0,0,0,1.61276587984796,2.5685885695782
"4552","HS1BP3",0,2.94304073818203,0,1.58074223063012,0.500109239892675
"4553","HS2ST1",0,0,0,0.191706308412989,1.19191557697035
"4554","HS3ST3B1",0,0,0,0,2.93400485910353
"4555","HS6ST1",0,0,0,0.0800466368517052,0.0241593569190493
"4556","HSBP1",0.478251398109023,0.00824481036031062,1.09853503363224,1.03337127850905,2.01577729482189
"4557","HSBP1L1",0,0.153266382760985,0,4.70526728092245,1.69257363333159
"4558","HSCB",0.0050997937308343,4.06405809091442,0.126296121692828,1.44515676283158,1.14678077947035
"4559","HSD11B1L",0,0,0,0,2.69303573052825e-05
"4560","HSD17B1",0,0,0,0,2.57858487833397
"4561","HSD17B10",0.724823671476232,0.142347052423926,0,0.128390419037796,0.361887595490776
"4562","HSD17B11",1.10546434307931,0.123697945491288,0,0.146901680984997,1.00039535791714
"4563","HSD17B12",6.68246846935433,0.964770241620254,0.183238979970789,1.83300446666449,0.00347802300697902
"4564","HSD17B14",0,0,0,0,0.000828850678634095
"4565","HSD17B4",0,0,0,7.70369529852791,4.67589471332911
"4566","HSD17B7",0,0.122371176863961,0,0.125669042450375,0.568053262444492
"4567","HSD17B8",0,4.2563233700801,0,8.73089055013745,0.120147711012006
"4568","HSDL1",0,0,0,1.71725671168787,1.45863864512647
"4569","HSDL2",0,0.00561027331417454,0,0.0196361926547991,5.0198599176964
"4570","HSF1",0.742739942859264,2.44064701961856,0,0.173109247126278,1.55047470765421
"4571","HSF2",0,1.18396804333259,0,4.08513951279842,0.699866314306974
"4572","HSF5",0,0,0,0,0.17496165664267
"4573","HSH2D",0.055550272214417,4.11940043945101,0,0.156107317712608,0.506953270148694
"4574","HSP90AA1",4.04943942970017,7.00056541654449,0.896420707241622,3.80502281072814,0.126845434031354
"4575","HSP90AB1",1.70434248684144,4.27400640827507,0,0.0344027996158276,0.00854079022446981
"4576","HSP90B1",0.612296955587838,0.815666350391744,0.925009843175249,5.91579783670956,0.591948859176687
"4577","HSPA13",0.881160405059736,1.93382865221063,0,0.0147162209988641,0.98319165296185
"4578","HSPA14",0,0.394973440457407,0,0.0636269383146446,0.44447021953503
"4579","HSPA1A",0,1.31227254253114,0,0.731518977296387,0.734572746711347
"4580","HSPA1B",0,0,0,0,1.108650956743
"4581","HSPA1L",0,0,0,0,1.01439547234536
"4582","HSPA4",4.98074983830434,0.0159384908210124,0,0.118629736899018,0.231957665832948
"4583","HSPA5",6.42953363266342,1.46429169504126,0,2.74559362298006,0.154560854795201
"4584","HSPA6",0,0,0,7.1098607392342,0
"4585","HSPA8",5.62036074545234,0.00952031245516886,0,25.2408068037071,0.152913563577405
"4586","HSPA9",0.928402256461505,3.68243021106532,0,0.67879442600519,6.8460887100236
"4587","HSPB1",9.66734291227582,1.69181216550052,2.54769822934348,0.521605573269469,1.52585270844954
"4588","HSPB11",0.21241055399582,0.149527252664679,0.0174977780939022,0.383820185922364,1.50258273688947
"4589","HSPBAP1",1.03506352248038,0,0,0.209179691378661,0.079592983529317
"4590","HSPBP1",0,1.45462565082739,0,0.0653470223039802,1.38420814576998
"4591","HSPD1",0.399588017248279,0.327643500625499,0,1.64562233042469,0.412250696773543
"4592","HSPE1",3.31237351582843,0.295115201278705,0,0.251719796148178,9.24308668647435
"4593","HSPH1",0.247565520872695,5.40968928576791,0,1.09573969049404,0.0116354002323974
"4594","HTATIP2",0.605143986933103,2.2066303703434,0.78830172643714,0.244265683268013,1.15835026906114
"4595","HTATSF1",1.05851390265486,0.000239148664700071,0,1.25379256535136,1.34002391040477
"4596","HTRA2",0.127900205679816,0.0960369276829742,0,2.35384191229712,0.0659571825987217
"4597","HTT",1.57883653320733,0.10173638509063,0,0.109579619793749,0.00178252415477641
"4598","HUS1",0.0850820548779621,4.51179028013232,0,0.226143029761306,0.11392794743201
"4599","HUS1B",0,0,0,0,0.206611538049671
"4600","HUWE1",0.140012288384145,0.5404171781351,0,0.307341147505439,0.00615197437764269
"4601","HVCN1",3.43310011820446,0.244809504049175,0,9.32311863055678,7.18275421755317
"4602","HYAL2",0,0,0,2.87977570546404,0.159618448666129
"4603","HYI",0,0,0,0.301860470901346,5.51985237512111
"4604","HYKK",0,0,0,0,0.166218493261412
"4605","HYLS1",0,0,0,0,0.128260568656415
"4606","HYOU1",0,2.66464168257107,0,14.5283758624646,0.34555481647862
"4607","HYPK",0,0.974324365125494,0,0.150268971197906,1.54844977418325
"4608","IAH1",0.00245203956669918,0.210389769190619,0,0.357688733127937,0.110697178620764
"4609","IARS",0.122614871367873,0.321267033347339,0,0.189623923206112,6.58860868117306e-05
"4610","IARS2",0.0908109490567143,0.154667285063478,0,0.157571420908621,0.109237034241157
"4611","IBA57",0.144954161752939,0,0,0.0627032999202806,0.0141964339510993
"4612","IBTK",0.112961465838684,0.0205957074560008,0,0.20310193086803,0.00831796229101818
"4613","ICA1",0,0,0,0.731233308683967,2.93342016161796
"4614","ICA1L",0.0190675058972063,0,0,0.292133952514287,0.372582727520221
"4615","ICAM1",0,0.587061015931744,0,1.0552686870073,1.21645084238769
"4616","ICAM2",0.417212967480381,1.16750064869991,0.755674635390796,0.00402985627199281,0.94360943907339
"4617","ICAM3",0.0594768517939434,2.56267908301762e-07,0,4.1028599676987,0.78247069252047
"4618","ICAM4",0,0,0,1.00658491500406,0
"4619","ICE1",2.88669168045196,0.051400191314061,0,0.198654769169027,0.0953836553401725
"4620","ICE2",0.934426072704207,3.66402509885724,0,0.679168229074277,2.59130120172543
"4621","ICK",0,0.852686458090594,0,0.0714614402681585,0.237176132850062
"4622","ICMT",0,0.00262017106724184,0,1.70983057616391,1.80474671804014
"4623","ICOS",0,0,0,0,1.5354586213659
"4624","ICOSLG",0.130254157961934,0,0,3.78051819500941,0
"4625","ICT1",1.33190686443367,0.478321591264005,0,0.45034685550522,0.180377218558615
"4626","ID1",0,0,0,1.56723023063155,0.0544396727111803
"4627","ID2",0,0.00761720053033956,0.199601693229089,0.0124522370906902,0.00259898953860484
"4628","ID3",0.621651934245981,0,0,11.1353273535474,3.6469537280151
"4629","IDE",0,0,0,1.13627958261052,0.0558791124350547
"4630","IDH1",0,4.13740175542964,0,17.8173383194534,0.930171543016776
"4631","IDH2",0.295437480926817,1.1534404010273,0,4.2946566491295,0.0367928507748657
"4632","IDH3A",0.873644176667504,0.00317827140999757,0,0.311136959776916,0.135555608035917
"4633","IDH3B",0.17010040999712,0.00159271314170801,0,0.0610672893893332,0.164498615868484
"4634","IDH3G",0.210776847817072,0.799633697827054,0.416690148307458,1.77072761847379,0.0543526155646799
"4635","IDI1",5.04707540847849,6.91415662731612,0,1.19558269946798,0.317188664387597
"4636","IDNK",0,1.55253675503978,0,1.59228583871624,0.0813225173055338
"4637","IDS",4.31118826100894,4.0147101745631,0,7.20835560566815,6.31841375009349
"4638","IDUA",0,0,0,3.036520518634,0.000952562644949724
"4639","IER2",0.145838533365474,1.20371609814657,0,9.62841256408629,0.0776813981940637
"4640","IER3",0,5.05822349951612,0,3.42672738500491,1.99378951220722
"4641","IER3IP1",0.321130083778107,0.0102585404150147,0,0.014985291834041,0.104744116893605
"4642","IER5",0.0943620667108725,0.204828289601614,0,0.0611247671336301,0.324272297267169
"4643","IER5L",0,0,0,1.08315263997358,2.74547294391636
"4644","IFFO1",0,0.104040833761604,0,0.463707962768897,0.0301389732483039
"4645","IFFO2",0,0,0,2.4839096667119,0.00492767822780385
"4646","IFI16",0.000436596689219135,1.52359071096702,0,8.84435446409222,0.816474016252993
"4647","IFI27",0,0,0.571254191302979,2.849239074123,0.599547639313699
"4648","IFI27L1",0,5.81833238493762,0.554699705528898,1.41276380845885,0.69028040500663
"4649","IFI27L2",1.68978350780232,0.354842566107579,0.081495768854628,0.404467029223645,1.15431413987134
"4650","IFI30",0,0,0,3.0323215227496,1.10853504982916
"4651","IFI35",0.0150563419305435,2.76388925217432,0,2.66530006197606,2.116697626689
"4652","IFI44",0.818252297215996,2.60144799856244,0,2.5266980105314,0.013959446831772
"4653","IFI44L",3.04797405793816,5.98118432510044,0,2.47609161444378,0.217829921558813
"4654","IFI6",3.25743992895336,6.75635379229382,0,3.68178302761973,1.03415594139059
"4655","IFIH1",0.569313866456298,0,0,0.764796943111828,0.127525132551735
"4656","IFIT1",0,0,0,2.36584386473182,1.50690462009856
"4657","IFIT2",0,8.29636477927573,0,0.363593921139537,0.363017809633881
"4658","IFIT3",0,0,0,1.63144955392959,4.13421046015954e-05
"4659","IFIT5",0.322678435209862,0.00116703466161166,0,0.061315621226807,4.92370029117449
"4660","IFITM1",0.499999954262944,0.140382243588745,8.31928714414464,0.0349023842323063,0.00149032446031293
"4661","IFITM2",0.747465894421215,2.75449208794868,2.5625232417071,0.136850910602445,2.76832574051841
"4662","IFITM3",0.22777116276084,0.560102755870231,14.9988149391715,3.04270927366241,0.0262053939815598
"4663","IFNAR1",0.00285735284031935,0.300486809879561,0,1.98825869823294,0.147008691828474
"4664","IFNAR2",0.00378019480397655,1.76813557069123,0,1.77271203894873,0.3186620750065
"4665","IFNG",0,0.0208161205310462,0,0,0.174041592811823
"4666","IFNG-AS1",0,0,0,0,2.85994219969272
"4667","IFNGR1",1.08230123491727,10.4384358505459,0.561213886482034,1.22484540763314,1.27211243174354
"4668","IFNGR2",1.43806520417401,0,0,2.54933233818203,0.398999603184779
"4669","IFNLR1",0,0,0,0,0.181657501559408
"4670","IFRD1",2.12108180671986,1.92527612128194,8.48915634350802,5.10944159942855,2.11295907859516
"4671","IFRD2",1.89883240659246,1.1099995986556,0,0.0117792752517784,0.615351483951588
"4672","IFT122",0,0,0,0,0.567398379507706
"4673","IFT140",0,0,0,0,2.55791811965436
"4674","IFT172",0,0,0,0,1.68541660089679
"4675","IFT20",0.872050448113489,0.321454938365414,0,0.0195861844777051,0.00479256623124369
"4676","IFT22",0,0,0,0,3.69139780416104
"4677","IFT27",0,0.402493332839484,0,3.67925506346982,2.56798257798481
"4678","IFT43",0,0.23360760175359,0,1.33269619787481,0.282391364201683
"4679","IFT46",0,0,0,0,0.0111149306637051
"4680","IFT52",0.0363396351378302,0.0699647898875572,0,7.34345794142615,0.789940427331307
"4681","IFT57",10.2275947703626,0.050120852581893,0,7.03295170661817,6.03384893930045
"4682","IFT74",0,0,0,0.01392693415233,0.134939689765504
"4683","IFT80",0,0,0,0,5.02045727456842
"4684","IFT88",0,0,0,5.85199733087314,0.112378395175363
"4685","IGBP1",0.487232184810569,0.0138829538148475,0,7.7813331054663,1.68796042675918
"4686","IGF1R",0,0,0,0.00932762713497926,0.00450988407738554
"4687","IGF2BP2",0,0,0,3.90097274810048,0
"4688","IGF2BP3",0,0,5.56375421558451,0.000466677064626477,0
"4689","IGF2R",0,0.845512133875434,0,6.82320410580544,0.0017811767426631
"4690","IGFBP2",0,0,1.74780007175123,0,0
"4691","IGFBP3",0,0,0,0,3.12629184377847
"4692","IGFBP4",0.61249270543256,0.868542624382943,0,0,1.12244512099446
"4693","IGFBP6",0,0,0,1.24540211719301,9.50998648320755
"4694","IGFBP7",0,0.0467957862507604,0,4.54180974996875,0
"4695","IGFLR1",0.00528790846197012,0.112543342864986,0,0.00272731318478081,0.00148815090494096
"4696","IGHA1",11.804918055878,0,0,0,2.29781406961694
"4697","IGHD",0.0711361222789905,0,0,0,0
"4698","IGHG1",7.79056281966889,0,0,0,3.61036582372561
"4699","IGHG3",7.60742996023601,0,0,0,2.99065144271298
"4700","IGHM",1.35907787351648,0,0,0,2.14314169235671
"4701","IGHMBP2",0,0,0,1.63805718050887,0.0388697260796027
"4702","IGHV1-18",0.0247051669139503,0,0,0,0
"4703","IGHV1-2",0.22093618164213,0,0,0,0
"4704","IGHV1-24",0.786696694202655,0,0,0,0
"4705","IGHV1-69-2",0.000109229504998511,0,0,0,0
"4706","IGHV2-5",0.401510186739124,0,0,0,0
"4707","IGHV3-15",0.557101698020528,0,0,0,0
"4708","IGHV3-21",0.0138308098078677,0,0,0,0
"4709","IGHV3-30",0.0234457028946127,0,0,0,0
"4710","IGHV3-33",0.101695344499507,0,0,0,0
"4711","IGHV3-48",0.209974958483724,0,0,0,0
"4712","IGHV3-7",0.0935016470695199,0,0,0,0
"4713","IGHV4-34",0.386220083896351,0,0,0,0
"4714","IGHV4-39",0.33874747045314,0,0,0,0
"4715","IGHV4-59",0.104938433606698,0,0,0,0
"4716","IGHV5-51",0.000421958656988853,0,0,0,0
"4717","IGIP",0,0,0,0,5.22342317787069
"4718","IGKC",0.00351096094947322,0,0,4.022943402343,2.87917516978876
"4719","IGKV1-5",0.000986080996772513,0,0,0,0
"4720","IGKV1-9",0.24917106954936,0,0,0,0
"4721","IGKV3-11",0.114238223284555,0,0,0,0
"4722","IGKV3-15",0.0370566774725983,0,0,0,0
"4723","IGKV3-20",0.543858337887403,0,0,0,0
"4724","IGKV4-1",1.44564618822664e-05,0,0,0,0
"4725","IGLC2",0.0611778933063562,0,0,0,2.17862601325801
"4726","IGLC3",0.0745572362205325,0,0,0,0
"4727","IGLC7",4.64084349151308,0,0,0,0
"4728","IGLL5",5.68605414023684,0,0,0,0
"4729","IGLV1-40",0.14253506936331,0,0,0,0
"4730","IGLV1-44",1.82500752132145,0,0,0,0
"4731","IGLV1-47",0.0409447100139086,0,0,0,0
"4732","IGLV1-51",0.341166303581889,0,0,0,0
"4733","IGLV2-14",9.58062813375414e-06,0,0,0,0
"4734","IGLV3-1",0.603874415298296,0,0,0,0
"4735","IGLV3-16",1.59250400229164,0,0,0,0
"4736","IGLV3-19",0.16276173685021,0,0,0,0
"4737","IGLV3-21",0.127531585513675,0,0,0,0
"4738","IGLV3-25",0.0534256558332974,0,0,0,0
"4739","IGSF22",0,0,0,0,0.203848813828504
"4740","IGSF6",0,0,0,2.4358314638082,0.27139718336809
"4741","IGSF8",2.89905261019914,2.07956515394567,0,4.3019474549581,1.66014863197914
"4742","IK",0.406722004088093,0.604148436281523,0,0.580533748919746,0.59641267198998
"4743","IKBIP",0.886349667382269,0.287426331871585,0,0.528856339305516,3.56201184424046
"4744","IKBKAP",0,0,0,2.12326361708327,0.198901147110698
"4745","IKBKB",1.74861223990119,1.33433587286592,0,0.291808788224257,0.0801731777919948
"4746","IKBKE",0,0.458768074384717,0,2.53036348851379,0.966886116874243
"4747","IKBKG",0.0590110678392585,0.0430279845473198,0.283177434931991,0.20080305727095,0.0194951612068195
"4748","IKZF1",0.019619142086422,3.53108750747174,0,0.419127997331137,0.653909962695002
"4749","IKZF2",0,1.25273139471368,0,0,1.36027682763668
"4750","IKZF3",0.308176291031537,2.69607227270766,0,0,4.21683466926514
"4751","IKZF4",0,0,0,8.62281000808694,0.951101508026318
"4752","IKZF5",0.0564802090942046,0.972933496969676,0,0.109224129930141,2.24750037484321
"4753","IL10",0,0,0,51.8080244055457,3.28737859384356
"4754","IL10RA",2.55551494124119,1.66658811580245,0,7.86066331367114,0.00119271177938601
"4755","IL10RB",0.0416669415835279,0.0409172704195095,0,0.23260082868958,1.19728519529281
"4756","IL10RB-AS1",0,0,0,0.47327759454836,0.00517137808456408
"4757","IL11RA",0,0,0,0.209871248740913,0.114583479447976
"4758","IL12A",0,0,0,0,0.088582696197435
"4759","IL12RB1",0,0.0947715468132892,0,2.50148812512231,0.0922957129964717
"4760","IL12RB2",0,0.338618229451741,0,0,2.4231063717888
"4761","IL13RA1",0,0,0,0.0560202734910836,0
"4762","IL15",3.10134432121686,0,0,2.39892661488726,0.0597026887656595
"4763","IL15RA",0,2.36755288290966,0,3.48005187754268,0.0166578821455347
"4764","IL16",1.5142157376429,4.91905435289449,0,0.343390377122152,1.14440486420441
"4765","IL17RA",0,0.0594399818611774,0,1.71887295811431,0.0971572569839378
"4766","IL17RC",0,0,0,1.22584843980954,0.426383884540576
"4767","IL18",0,2.98380773462749,0,0.0015452414332708,0
"4768","IL18BP",0,4.92057006130725,0,0.316229023246454,0.427748316372108
"4769","IL18R1",0,1.87726640971777,0,0,0.0325736822752915
"4770","IL18RAP",0,0.855452318927303,0,0,0.89311704181737
"4771","IL1B",0,0,0,0.174016473031485,9.54423489122054
"4772","IL1R2",0,0,0,12.2206873418465,0
"4773","IL1RAP",0,0,0,12.5539237855159,0.166084159647914
"4774","IL1RN",0,0,0,1.01087578414105,0
"4775","IL2",0,0,0,0,4.2609250970238
"4776","IL21R",0,2.96284321331995,0,5.45049019699832,2.08787582319725
"4777","IL23A",0,0,0,0,0.458570681786331
"4778","IL27",0,0,0,0.0606695183715275,0
"4779","IL27RA",0.133440063350115,0.0373306757029747,0,15.6744476752211,0.507995956971894
"4780","IL2RA",0,0,0,0,0.00730957724269128
"4781","IL2RB",0,0.123134024136716,0,0,0.587232828173311
"4782","IL2RG",0.0272325569796989,0.000747486517707019,0,0.148271674832416,0.0172597784616129
"4783","IL32",0.0659739330369972,0.675374041306301,0,0,0.00193536482601467
"4784","IL3RA",0,0,0,1.87367676603024,0
"4785","IL4I1",0,0,0,0.0795036974481881,2.08346305344379
"4786","IL4R",0.935501495228595,0.165812652778685,0,0.036064225602063,0.0270312007393261
"4787","IL6",0.945705008980682,0,0,0,0
"4788","IL6R",0,0,0,0.0178299946005809,0.305830837535267
"4789","IL6ST",0.0278262222851487,1.15099496368205,3.66515524276809,3.19965599633131,0.00400410248296979
"4790","IL7R",0,1.05818502894182,0,0,0.256296356467778
"4791","ILF2",0.269907603365764,0.493728360011705,0,0.00135148655502125,1.84791295931607
"4792","ILF3",0.577132849628105,0.0746255180644893,0,0.00843314056162602,2.97900228484879
"4793","ILF3-AS1",0.0809906838939644,0.102627749048436,0,3.22624389005209,0.0486707755110472
"4794","ILK",2.04958707233269,3.09926259206439,2.04564699298879,0.00780528329976657,0.232904865552932
"4795","ILKAP",0.0590645015962459,0.0587026479390292,0,0.208068006337647,2.06883750011508
"4796","ILVBL",0,0.206467811644449,0,2.37244923544359,0.119094153091318
"4797","IMMP1L",0,2.17039309443383,0,0,1.34898577401416
"4798","IMMP2L",0,0,0,0.0267794718122262,1.71089311708337
"4799","IMMT",0.201868087850078,0.0049533856411519,0,0.0178121930949777,0.177939781030159
"4800","IMP3",2.55397872660368,0.0415767453022673,0,0.341800797234862,0.0511214557500624
"4801","IMP4",2.665162778766,0.00280139626715385,0,12.4003898900198,0.296132468120147
"4802","IMPA1",0.219016597462622,0.0396234378065035,0,0.323054405270496,4.4268584213998
"4803","IMPA2",0,0,0,2.36051587460547,0.100571449255987
"4804","IMPACT",2.11653846727589,0,0,2.1654264997125,2.19678149893895
"4805","IMPAD1",0,1.7743457304245,0,0.816714679787478,1.12610763821195
"4806","IMPDH1",0.309769373544621,0.137690188515957,0,3.55968743915275,0.294328838396382
"4807","IMPDH2",4.77579291619246,0.0331326661730429,0,16.291634281984,0.245456305206599
"4808","INADL",0,0,0,0,1.64759366623765
"4809","INAFM1",0,0,0.102446106066431,1.82915438075669,11.0130560236046
"4810","INAFM2",0,0,0,3.2234960237272,0
"4811","INCENP",0,0,0,0,0.32748884092055
"4812","INF2",0.0276597445776563,0,2.32172195321111,3.37077817951008,1.16804371431106
"4813","ING1",2.78535251104407,0.0227490009894323,0,0.719312471563526,0.97789262285637
"4814","ING2",0.930156892713371,1.87637992374322,0,1.52795257294492,0.867134981614082
"4815","ING3",0.173839632965816,0.242306887562209,0,0.0818700521379611,0.13062019950471
"4816","ING4",0.371191302684547,2.93831078169497,0,0.480355937994938,0.827496751057087
"4817","ING5",0.0840294091140309,1.29490296485516,0,0.612326955286765,3.75428300160745e-05
"4818","INIP",0.185423922249728,2.12563756217148,0,2.07148844141082,2.15483731043443
"4819","INO80",0.654457056588772,0.295162302582302,0,0.185925638727371,0.00238092240178602
"4820","INO80B",0,0,0,0.0375611112322277,0.848752631495283
"4821","INO80C",1.41169196581664,0.0499050300806664,0,1.64398281920871,5.33686733516653
"4822","INO80D",1.00952089110531,4.83474196548976,0,0.0534363216498148,0.624080440355978
"4823","INO80E",0.240850170421342,0.934163608671297,0,0.586447666232549,1.4032033453991
"4824","INPP1",0,1.06307870925565,0,0.688378642025192,0.081203176732166
"4825","INPP4A",0,1.06389970572707,0,1.82085305262115,0.439982903131675
"4826","INPP4B",0,0,0,0,0.143814480676462
"4827","INPP5A",0,0,0,3.73211167742979,0.0708816358285029
"4828","INPP5B",0,3.92784459821097,0,0.931052207710548,0.68901821654617
"4829","INPP5D",0.0134484359510362,2.17344292902187,0,0.184689641826463,0.442289887100025
"4830","INPP5E",0,0,0,0,0.0531260490062529
"4831","INPP5F",0.0106279422564359,0,0,7.37297625860404,0.511475069861107
"4832","INPP5K",0.221717297620533,4.04343117267099,0,0.337412093482968,4.25410978456344
"4833","INPPL1",0,0.108920638919146,0,0.0949920107248675,0.144823253500863
"4834","INSIG1",3.29780056890733,24.095902337147,0,4.2735358738365,12.6950924405397
"4835","INSIG2",0.0557894770809369,7.46558203904901,0,0.137470951625709,4.20456942175274
"4836","INSL3",0,0,0,0,1.1615531953807e-05
"4837","INSR",0,0,0,0.753507657865554,0
"4838","INTS1",0.126748483110382,0.0060247275144071,0,0.279173534470912,0.00244430851219838
"4839","INTS10",0.00334146770718349,1.94865528985407,0,2.23740598188002,1.11709577508326
"4840","INTS12",0.818257493082446,0.650199120190599,0,0.464147425470849,9.26631818082781
"4841","INTS2",0,0,0,0,0.744122211578505
"4842","INTS3",0,10.1920248193712,0,1.24415220060544,1.97189164608584
"4843","INTS4",0.137957141292483,0.856135793628217,0,2.65616970603168,0.00629970335539023
"4844","INTS5",0,0,0,2.15674559647875,0.56705282971625
"4845","INTS6",0.969352308319178,0.220879461413072,0,4.60831913788086,0.3821633642886
"4846","INTS6-AS1",0.939758697521949,4.81277224348643,0,0.912742554798723,0.338880124586442
"4847","INTS7",0,0,0,0,4.19336813475009
"4848","INTS8",0.231865577476212,0.43575501759334,0,2.24873717026512,0.00792813721643916
"4849","INTS9",0,0,0,0.0540491813885033,1.16673016831488
"4850","INVS",0,0.0868811262050023,0,0.0284300970239248,0.0195587454960731
"4851","IP6K1",0.0200325336276639,6.78667110336552,0,5.12660128328124,7.36198067042436
"4852","IP6K2",0.010485651246943,0.870442607626233,0,0.0915757057117376,0.00259321471780794
"4853","IPCEF1",0,0.290032419219647,0,3.23068395842804,0.803924348638645
"4854","IPMK",0.578325480112767,0.0701482307256418,0,0.175727263470433,0.13644762664442
"4855","IPO11",0,0,0,0,0.0424882995420339
"4856","IPO13",0,0,0,5.25494797481164,0.267128975212032
"4857","IPO4",0,0,0,0,0.129196260846544
"4858","IPO5",0.169353286675404,0.068745450966131,0,5.42637868045598,0.265510277968758
"4859","IPO7",0.00691549895533051,3.29424572743583,0,1.64742541525703,0.462647288474595
"4860","IPO8",0,0.00120250821323862,0,1.45242145616556,2.12117546518336
"4861","IPO9",0.756005534587005,0.348219985222724,0,2.61079054582268,0.339982789990735
"4862","IPO9-AS1",0,0,0,0,0.732125670165725
"4863","IPP",0,0.847734101229543,0,0,0.00140768035815811
"4864","IPPK",0,0,0,0.00510023322323186,1.40410625535457
"4865","IQCB1",1.029845125346,0.115091974194065,0,0.0192758142465613,1.28746087241821
"4866","IQCE",0,0,0,0.156517758221332,3.25556825348996
"4867","IQCG",0,0,0,3.96583586419649,0.114413462341746
"4868","IQCH-AS1",0,0,0,0,3.05141361726438
"4869","IQCK",0,0,0,0,0.000843003965436518
"4870","IQGAP1",4.65978357312599,0.0422730502732391,0,1.52946211071898,0.0833429486101619
"4871","IQGAP2",0.00443477685547241,1.23979471501482,1.64127834295034,4.9791364538118,0.254236351152541
"4872","IQSEC1",0.145830498215293,3.49521051057962,0,0.504153433057884,1.47019393900155
"4873","IQSEC2",0,0,0,5.56534093348073,0
"4874","IRAK1",0.165010444541246,0.269547672606522,0,0.278876534050753,0.687196686407092
"4875","IRAK1BP1",0,0,0,0,2.69103100721806
"4876","IRAK2",0,0,0,0,0.00310483323328389
"4877","IRAK3",0,0,0,1.32870304200743,0.00678496382683138
"4878","IRAK4",1.50745196935962,0.351446037356545,0,0.552274114155337,0.000943471886440237
"4879","IREB2",0.175202644402497,1.49649151427472,0,1.86926170399629,2.09070395241167
"4880","IRF1",3.35656157848026,0.936368249957148,0,16.5633876571307,0.477782700043712
"4881","IRF2",2.60764769318552,2.97408312544894,0,0.00957422519033724,2.41682713233906
"4882","IRF2BP1",0,0,0,0.0758111843400805,1.25067933124138
"4883","IRF2BP2",3.09792139192722,1.34976825235722,0,0.228224677369027,3.10921595301696
"4884","IRF2BPL",0.946212555303538,1.2321198912129,0,0.348063054255698,1.55104803714531
"4885","IRF3",0.00687149280377566,0.60519626827886,0,0.681996885420342,0.31525160350644
"4886","IRF4",0.184524978971057,0,0,0,0.804562016739016
"4887","IRF5",0,0,0,0.269654762216318,0.0803509291194319
"4888","IRF7",2.56027949405233,12.8245645242383,0,4.38825286565275,3.20014621449375
"4889","IRF8",9.45450580583409,0.0916104254447268,0,6.52365926384156,0.0429303420756114
"4890","IRF9",1.41284911769398,0.101553352994404,0,0.212301131633541,0.0149342591375232
"4891","IRGQ",0,0,0,0.0628067761442574,0.875719004895464
"4892","IRS2",0.78463575160107,1.33529548013253,0,33.1335178043053,21.603618617518
"4893","ISCA1",0.0721362257981542,2.95826020894789,1.14597169609079,0.00440573613966851,7.35091407977289
"4894","ISCA2",0.180106723903702,0.805092899123565,0,0.000936020717818594,0.0982170160908823
"4895","ISCU",0.0245175041682743,0.0873306495780936,5.54620332591169,4.96347607220654,3.40534958250465
"4896","ISG15",4.99433795263058,5.24186565283422,0,3.7205122091265,1.29507371208227
"4897","ISG20",5.9536914089459,9.84872102777578,0,3.24656686223557,2.34725542900004
"4898","ISG20L2",0.197899508015298,0.182938679397128,0,0.574648538911012,0.305436147229868
"4899","ISM1",0,0,0,0,0.885165270425101
"4900","ISOC1",0,2.80969280832581,0,4.04672471373901,2.56941549903128
"4901","ISOC2",0.687273514004651,1.15494458982808,0,0.0184107233985099,2.4070124179696
"4902","ISPD",0,0,0,0,0.254592764532748
"4903","IST1",1.21799092606747,9.17619906683784,0,0.513236403413819,5.61605067331662
"4904","ISY1",0.0587612280464384,1.4099953807362,0,0.283893309296796,0.073819082707119
"4905","ISYNA1",0,1.71999697701567,0,0,0.00714854967280065
"4906","ITCH",0.805153447127312,2.54744823754104,0,0.572612046517298,2.44358921078213
"4907","ITFG1",2.05119567075553,0.0012961754151139,3.90737039910047,3.58566939711265,1.92924553551821
"4908","ITFG2",0.0767510438762037,1.28717861645701,0,0.115146417574273,0.158448681564533
"4909","ITGA1",0,0,0,0,0.202943520880166
"4910","ITGA2B",0.504521139708431,0,3.97317552575177,0.0601333266708188,0.00220163501581314
"4911","ITGA4",0.168354112308758,0.370526381179678,0,1.26123483158938,0.130624296644328
"4912","ITGA5",0,0.000584354983444256,0,6.06556754992784,4.80953851043971
"4913","ITGA6",0,0.215385068995222,0,0,2.97834202983913
"4914","ITGAE",0.445793260025536,3.13786477772648,0,5.857354674775,0.182656329184983
"4915","ITGAL",0.000410009200465806,0.0691740028511294,0,0.242644131323334,0.119282397706963
"4916","ITGAM",0,0.301096167524584,0,35.663405325879,0.271229400670481
"4917","ITGAV",0,0,0,0.0617288736912349,2.08042639037532
"4918","ITGAX",0,0.852680811362796,0,7.50165752636765,0.293473127364589
"4919","ITGB1",0.187891194153864,2.14127674601043,2.61274029426874,0.00946691141137256,0.18882741488753
"4920","ITGB1BP1",2.58604763155732,3.1067822909815,0,0.00730286379812741,1.06172814488441
"4921","ITGB2",4.34119348610436,0.0103379537093963,0,4.1814155971277,0.642695202596483
"4922","ITGB2-AS1",6.61796083986789,0.157197347462488,0,0.182723012064416,0.729879537346332
"4923","ITGB3",0,0,0.478021860167286,0,0.674793569132352
"4924","ITGB3BP",2.6687749345592,5.46501404690405,0,0.0438053548193847,0.0229393964588412
"4925","ITGB7",0.519711146226497,0.058886887820792,0,0.529957662035245,0.192656935074159
"4926","ITK",0,0.483379158861654,0,0,2.65000540671622
"4927","ITM2A",0,0.387271394059228,0.596265294900873,0,0.00247049688255091
"4928","ITM2B",0.0137438871498367,0.0439900879263545,0.0270576289966619,0.0883983041678399,0.641369866649311
"4929","ITM2C",0.20990556390338,0,0,0.00221399962737388,1.43465028990126
"4930","ITPA",0.394485112023408,0.195347110699338,0,0.000626937799937477,0.442435328318949
"4931","ITPK1",0,0.493558960812462,0,0.100950660609309,0.249871613805877
"4932","ITPKB",0,0.336564644596868,0,0.223258471819713,1.92964226149649
"4933","ITPKB-AS1",0,0,0,0,0.0110010862836577
"4934","ITPKC",0,0,0,3.07911688442897,0.317947589354634
"4935","ITPR1",1.22982900852553,0.132908608022986,0,0.964231000498015,0.0460600132798582
"4936","ITPR2",0.444763975762658,0.229279653895886,0,1.38102995177091,1.75011185408464
"4937","ITPR3",0,0.273501962450531,0,0,0.684159939441885
"4938","ITPRIP",0,0.204998157803873,0,2.73987908692602,0.0219240678813964
"4939","ITPRIPL1",0,0,0,0,4.98213503872157
"4940","ITPRIPL2",0,0,0,0.433266204194353,0
"4941","ITSN1",0,0,0,4.27054097984526,0
"4942","ITSN2",0.055437374766524,1.11075289730774,0,0.0124939172305238,1.07308364583835
"4943","IVD",0,0.0933268320348544,0,1.58621116188993,3.85066733974464
"4944","IVNS1ABP",2.76577864004927,0.38870285637781,0.00578079527399327,0.00239491245275994,0.708679619738086
"4945","IWS1",1.73901491389465,1.13279745042767,0,0.395011864613535,0.193970676001133
"4946","IZUMO4",2.12615416396793,0,0,0.190388848042716,2.02832745247245
"4947","JADE1",1.5263565893072,1.91639150458731,0,0.273520655559367,0.505440524014415
"4948","JADE2",0.823436042327753,0.0495821047496934,0,6.32201060057255,0.0439998886518647
"4949","JAG1",0,0,0,1.37034418783951,0
"4950","JAGN1",1.01120414354193,0.79406127166166,0,2.10283799846642,0.0392205599262362
"4951","JAK1",0.279989716805304,0.0261634152716309,3.4243620346383,0.261967684938011,0.267811136777843
"4952","JAK2",0,3.40689003421535,0,2.52389058547959,3.10530257000984
"4953","JAK3",0.0226181726374912,3.32195324490324,0.167864550181146,1.53330836637527,2.81553715203736
"4954","JAKMIP1",0,6.11943775195755,0,0,0.380872236904572
"4955","JAKMIP2",0,0.677845408224913,0,0,0.000401895042928168
"4956","JAM3",0,0,0,0,0.0504982584484877
"4957","JAML",0,0,0,10.5049248516309,0.0938313741479155
"4958","JARID2",0.354775116322316,0.361967856264259,0,1.44672538905009,0.0680891333497242
"4959","JAZF1",0.0324248011724345,0.190479804118098,0,0.368708995483916,2.21427788814647
"4960","JCHAIN",0.193200993054252,0,0,0,2.56803500555037
"4961","JDP2",0,0,0,3.96830056838001,0
"4962","JKAMP",0.71571447111889,0.699645742735209,0,2.43071516902438,0.430825655270874
"4963","JMJD1C",2.75730784361025,0.668700491409198,0,2.59337276809972,0.765527567111273
"4964","JMJD4",0,0,0,0.345674606247851,2.70606572161246
"4965","JMJD6",2.92143105112104,0.0453000849972312,0,2.06657625813302,0.399024744243092
"4966","JMJD7",0,0,0,0,0.0390366611234147
"4967","JMJD7-PLA2G4B",0,0,0,0,0.00807315588236628
"4968","JMJD8",0,0,0,0.775583912098563,0.00504632505581008
"4969","JMY",0,3.07375655621274,0,0.822418866491928,5.61704355970284
"4970","JOSD1",3.45783260237795,19.5886671112992,0,0.00157403452566984,5.87613362341644
"4971","JOSD2",2.62641673384017,3.09876071378418,0,3.05724521250974,1.60819157850232
"4972","JPX",0.283933057352953,0.126647974054411,0,0.0194940300801575,0.124085095372603
"4973","JRK",0,0,0,0.00292094637732525,0.198302690151602
"4974","JRKL",0,0,0,0,10.011367770124
"4975","JTB",0.579511157972339,0.268789546400893,2.65385214749987,0.536982892311851,1.92070433256642
"4976","JUN",6.03660785297162,2.54585965482078,0,15.8815383206999,0.306291523766382
"4977","JUNB",0.923860272566519,1.67050138199287,1.646971708196,1.15291617384853,1.74175412706359
"4978","JUND",4.49777395812793,0.0225735132657444,0,0.0611593811818302,3.65284104858887
"4979","JUP",1.15587930109922,0,0,0.455902006667005,0
"4980","KALRN",0,0,0,0,0.441039809385519
"4981","KANK1",0,0,0,0,0.0792329870474287
"4982","KANK3",0,0,0,0,1.36351853405556
"4983","KANSL1",12.218496750863,0.546830697108591,0,1.26491304367556,0.0331265116966663
"4984","KANSL1-AS1",0.227403931228587,0.28562811640685,0,0.0455255467972183,0.333007386867279
"4985","KANSL1L",0,0,0,0.52880114833606,0
"4986","KANSL2",0.00434201425390789,0.263378199634648,0,2.16850420251351,4.08984819156793
"4987","KANSL3",0,1.27605803839136,0,1.88039151177509,2.35910943079184
"4988","KANTR",0,0,0,0,0.00728366777757076
"4989","KARS",0.0296345180940489,0.00246437042267314,0,1.12807575992116,0.235123578805838
"4990","KAT2A",2.1313860056286,0,0,2.57583915779339,0.169022395817273
"4991","KAT2B",0,2.09279132630056,0,5.6159853825608,0.174851103676453
"4992","KAT5",0.277267303336157,0.276548700633604,0,0.170076336882086,0.00337960654616859
"4993","KAT6A",0.961361593723302,0.972164330022837,0,0.160502288309816,2.91403380613518
"4994","KAT6B",0.10805901285332,1.30941417612711,0,0.363837477258063,1.33768552659162
"4995","KAT7",9.85646335717272e-05,0.0475719409228775,0,1.30365082925936,5.69603240212935
"4996","KAT8",2.06720536573608,0.00436266094890679,0,0.167924649792878,0.438600298597838
"4997","KATNA1",0.278533911512177,1.448432036531,0,1.33920583536261,6.26952942907017
"4998","KATNAL1",0,9.35165886577745,0,0,8.06850907824393
"4999","KATNB1",0,12.713134049373,0,0.567356069480091,1.09048609697169
"5000","KATNBL1",0.563743670624791,0.404652492447282,0,0.089316369832941,2.17320499715145
"5001","KB-1208A12.3",0,0,0,0,1.32265865959941
"5002","KBTBD11",0,0,0,0.0863662723317073,0
"5003","KBTBD2",0.188236367240048,9.45139233165638,0,6.55827736581464,6.32696646850578
"5004","KBTBD3",0,0.547103168656726,0,1.23292429770421,0.707825655248413
"5005","KBTBD4",0.939467052048184,0.642223314311244,0,0.200759002312733,17.5181361930815
"5006","KBTBD6",0,0,0,0,1.65481221990039
"5007","KBTBD7",0,0,0,4.20273016857852,0.00448430426926858
"5008","KBTBD8",0,0,0,0.13311072432687,1.98021706502411
"5009","KCMF1",0.0830541092685981,5.3768624703062,0,9.60094624546005,2.86097342712338
"5010","KCNA3",0,0,0,0,0.14777717901134
"5011","KCNAB2",0.661692918109109,0.616069408756327,0,0.339983710108494,0.68950700400049
"5012","KCNC3",0,0,0,20.5407884025388,0
"5013","KCNC4",0,0,0,0,0.254200719033333
"5014","KCNE1",0,0,0,12.2825866741957,0
"5015","KCNE3",0,0,0,11.2213054913815,0
"5016","KCNK12",0,0,0,0,0.246936069542995
"5017","KCNK6",0,0,0,0.024698512749661,0.202063986744362
"5018","KCNMB1",0,0,0,0.675936959325882,0
"5019","KCNN4",0,0,0,1.63450923963546,0.898454180958338
"5020","KCNQ1",0,0,0,0.302428243592596,1.43627909430167
"5021","KCNQ1OT1",0.961059876095101,0,0,0.000329658542374411,0.0806381342902287
"5022","KCNQ5",0,0,0,0,0.518055739932004
"5023","KCTD10",0,13.8496928897695,0,3.31559292673386,4.61353987603085
"5024","KCTD11",0,0,0,0.0645394808780685,0
"5025","KCTD12",0,0,0,5.31029415750883,3.98273902528803
"5026","KCTD13",0,0.770606965750856,0,1.48397808936318,0.0493644155753717
"5027","KCTD15",0,0,0,2.4928878148173,0
"5028","KCTD17",0,0,0,3.90094723967435,0.000334716650528607
"5029","KCTD18",0.276611013585928,0.0144068692712797,0,5.03823463318279,6.7520834242825
"5030","KCTD2",0,0,0,0.0892541538474847,0.646121762990459
"5031","KCTD20",1.05574259018551,0.170728760610077,2.8827446187557,6.90402803589511,1.72596042111334
"5032","KCTD21-AS1",0,0,0,0,2.16997663314071
"5033","KCTD3",0,0,0,3.59631719554272,0
"5034","KCTD5",0,3.94197591360075,0,1.14509169690008,8.60558882517266
"5035","KCTD6",0,0,0,0.132518846206799,2.48551851567526
"5036","KCTD7",0,0,0,0.0645023324431662,0.000572794875862126
"5037","KCTD9",0,3.01172652371562,0,0.205617647217564,0.561567954903
"5038","KDELC2",0,0,0,0,0.271886537785916
"5039","KDELR1",0.666294517741266,0.0136446226436093,2.39314927975132,0.646321790548987,1.25051788652461
"5040","KDELR2",0.104895206363708,3.91128108215385,0.0193995941571204,0.575706048254662,1.77121075307114
"5041","KDF1",0,0,0,0,0.814701703339934
"5042","KDM1A",0,1.16437272390002,0,0.316299516671327,3.0957753600964
"5043","KDM1B",0,0,0,0.723687557204473,4.71914447019794
"5044","KDM2A",0.603264494427695,0.338714900542611,0,0.0264518780911686,3.80177370405748
"5045","KDM2B",0.0253881334954089,6.05658867856587,0,5.88170537548934,1.69192199492551
"5046","KDM3A",0,1.0799371910579,0,0.833037102629103,4.45168332055558
"5047","KDM3B",2.18739870321997,0.886378218673506,0,0.841795404138333,2.87348677582398
"5048","KDM4A",0,0,0,0.826957920751131,0.434117258670264
"5049","KDM4A-AS1",0,0,0,0,0.637756041145256
"5050","KDM4B",0.183907424131731,0.000590296155590091,0,0.0346428415102617,0.281101630708754
"5051","KDM4C",0.326740947644208,0.829836950152957,0,0.143975916966352,0.00279679765656673
"5052","KDM5A",0.381088917133121,0.000133853907611919,0,0.455952476224481,0.000588908320187255
"5053","KDM5B",0.0974212785975249,0.0478483547059448,0,0.000470154165206375,0.282736309730097
"5054","KDM5C",0.523583504227051,0.342451796250202,0,1.16913550574118,3.74568787525736
"5055","KDM5D",0.95460233440709,0.00649176630984662,0,0.546371582371624,1.51470391044514
"5056","KDM6A",0.117064226974285,0.0761338138331316,0,0.0736764086525613,0.529181459182739
"5057","KDM6B",0.127822031055478,6.22397554700775,0,0.0966742841247194,3.70414080019275
"5058","KDM7A",0.129119009588166,2.80491065613034,0,0.394058566822636,5.87909105529765
"5059","KDM8",0,0,0,0,0.0607481885873135
"5060","KDSR",0.0550503101692919,0,0,4.44690149655969,0.90601096541832
"5061","KEAP1",0,0.458538997627021,0,0.0693442989107902,2.24298550419644
"5062","KHDC1",0,0,0,0,0.0602484319241838
"5063","KHDRBS1",2.75863846823056,0.127970119305837,0,7.05268335830437,1.32510894414694
"5064","KHDRBS2",0.125701106230822,0,0,0,0
"5065","KHK",0,0,0,1.71211186163666,3.01287910863659e-05
"5066","KHNYN",3.41383670372542,0.947231126814308,0,4.03902202121828,3.70988054463061
"5067","KHSRP",1.60807278943803,0.0539240396471632,0,0.25602670186821,0.365687040698044
"5068","KIAA0040",15.1199602069351,4.11873964957807,0,4.26558130489527,0.00170635187378246
"5069","KIAA0100",0,0.500452310952689,0,0.0346244262588773,0.042923690429457
"5070","KIAA0101",0,0,0,0,0.397833416611855
"5071","KIAA0125",0.94459077540496,0,0,0,0
"5072","KIAA0141",1.48652962962253,0.0239787677688291,0,1.3251522098484,0.456628618611157
"5073","KIAA0196",0,0.000376834051140335,0,0.101167538600237,0.313824125276291
"5074","KIAA0226L",6.12650345242387,0,0,0.116935513802458,0
"5075","KIAA0232",0,1.6119844732524,0,6.07243214565964,0.111742132587022
"5076","KIAA0319L",0,2.00239996003461,0,9.48556215967502,0.0289325250329675
"5077","KIAA0355",0.81365916780441,0,0,0.413987698918978,0.309944723992892
"5078","KIAA0368",0,0.0495001731100255,0,0.0700745346495687,1.04933205333701
"5079","KIAA0391",0,0,0,0,0.00820788493175877
"5080","KIAA0430",5.30665442599441,0.0421393036535082,0,0.0472442777645818,0.614147506142162
"5081","KIAA0513",0,0,0,4.76250989886121,1.44741627758225
"5082","KIAA0556",0,0,0,0.49472910963143,0.0615767190776057
"5083","KIAA0586",0,0.347895294673435,0,0.341350688942854,0.408002891355488
"5084","KIAA0753",0,0,0,0.00608059576563946,0.41145373774885
"5085","KIAA0825",0,0,0,0,2.26899803000448
"5086","KIAA0895L",0,0,0,0,0.370829472754748
"5087","KIAA0907",1.63265832711068,1.75031683217612,0,0.662677643000908,1.10443013773542
"5088","KIAA0922",1.9076959844269,1.31016685112793,0,1.66818483598642,0.324029580098231
"5089","KIAA0930",0,0,0,0.362941946922273,0.630589336892562
"5090","KIAA1033",1.28517867763443,0.114464095398522,0,3.34871669140629,0.402725160489463
"5091","KIAA1109",2.96980979434164,3.74681430213059e-05,0,0.176406627853829,2.15350387733367
"5092","KIAA1143",1.1547750112788,0.156589627822035,0,2.20258233607926,0.00141952186924695
"5093","KIAA1147",0,9.67866184059082,0,0,0.564397954743305
"5094","KIAA1191",0.853185376801075,0.973189197614149,0,1.50376309410262,0.997659370484252
"5095","KIAA1324",0,0,0,0,0.922456130451053
"5096","KIAA1324L",0,0,0,0,4.81595718578734
"5097","KIAA1328",0,0.0026640977316512,0,0.203875319857895,0.154652896718738
"5098","KIAA1429",1.07764461409806,0.92168588652763,0,0.310175342030448,2.85434492953108
"5099","KIAA1468",0,0.730889541011102,0,0.0814575001048779,0.102130313423773
"5100","KIAA1524",0,0,0,0,0.0170859781885932
"5101","KIAA1551",0.0766628566488187,1.35921286756195,0,0.312167048062292,3.43364261530457
"5102","KIAA1586",0,0.0856080006082277,0,0.937613369379311,0.160507686951195
"5103","KIAA1671",0,0,0,0,1.48969977344372
"5104","KIAA1683",0,0,0,0,1.15305010632932
"5105","KIAA1715",0,0.242914126279941,0,3.43856131424068,0.493581460043354
"5106","KIAA1841",0,0,0,3.95123232761329,0.0140607515426261
"5107","KIAA1919",0,0,0,0,0.0972938876390305
"5108","KIAA1958",0,0,0,5.31681288789218,0.928795387540056
"5109","KIAA2013",0,0.0862536310487931,0,5.15131020065222,0.00739744398310541
"5110","KIAA2022",0,0,0,0,0.580585114094084
"5111","KIAA2026",3.81549132440229,0.526070200976646,0,0.0442025938933897,0.0262600802175032
"5112","KIDINS220",0.25859109939446,0.469935289737288,0,0.471714950256052,0.275085835820455
"5113","KIF13A",0,0,0,2.79468151877367,0
"5114","KIF13B",0,0.9981235944318,0,0.295540271727949,0.268068691616591
"5115","KIF16B",0,0,0,5.05873079525463,0.224282005411419
"5116","KIF18A",0,0,0,0,7.28583333789387
"5117","KIF19",0,0.228866079068664,0,0,1.99207300924868
"5118","KIF1B",0,0,0,0.0406787978059339,2.14939042857728
"5119","KIF1BP",0,0,0,0,0.229230975037084
"5120","KIF1C",0,0,0,0.710845032281157,0.310344799226544
"5121","KIF20B",0.411883734574587,1.36670190268825,0,0.00338900553648028,0.323021276822744
"5122","KIF21A",0,0.349417671967193,0,0,2.51739472427597
"5123","KIF21B",0,0.0527061484159367,0,7.6288795174626,0.542130323068824
"5124","KIF22",0.235115996504661,9.9303244250012,0,0.25384660114568,8.81275566414185
"5125","KIF27",0,0,0,0,0.252825981520087
"5126","KIF2A",5.58045171225732,0.137629728844932,0.421808396816879,0.272501752358212,0.133315204278454
"5127","KIF3A",0,2.11774846743737,0,0,2.50800598372371
"5128","KIF3B",0,0,0,0.280724097354129,0.0669649377293865
"5129","KIF5B",1.35781920124319,0.000312277515688763,1.06517135567214,0.0923836900018479,0.913272985625687
"5130","KIF5C",0,0,0,0,7.75343446092583
"5131","KIF9",0,0,0,1.7169916789196,0.96049295165799
"5132","KIF9-AS1",0,0,0,0,0.375921877519092
"5133","KIFAP3",0,1.19668188059035,0,1.04545218886691,0.0261698164494879
"5134","KIFC2",0,0,0,1.00133040603124,0.23607110041841
"5135","KIFC3",0,0.248022735436714,0,0,0
"5136","KIN",0.600841003204686,0.170659716208047,0,0.625002419404863,0.28199311724794
"5137","KIR2DL1",0,2.9834909103937,0,0,0
"5138","KIR2DL3",0,3.54339739759695,0,0,0
"5139","KIR2DL4",0,0.138795668591665,0,0,0
"5140","KIR3DL1",0,0.333415763563769,0,0,0
"5141","KIR3DL2",0,0.808004351724739,0,0,0.0466202265735041
"5142","KIR3DX1",0,0.951492565551199,0,0,0
"5143","KISS1R",0,0,0,0,0.535998841299021
"5144","KIZ",3.56890845293893,0.00127026623204413,0,0.0164482778359125,0.949839322730456
"5145","KLC1",0.467576818624939,0.919606393672149,0,1.60579464566936,0.173827522506642
"5146","KLC2",0,0,0,0,0.593226095363533
"5147","KLC4",0,0,0,0,0.00576941629152743
"5148","KLF10",2.02363485479339,0.739946660527832,0,0.720624169124973,1.58191924074252
"5149","KLF11",1.07242256888938,0.191815548512118,0,1.15635566141191,3.01137379369771
"5150","KLF12",0.0076022861179611,0.0433250346537755,0,0,0.00245192684286847
"5151","KLF13",1.34741399274701,0.0492574679018523,0,0.924640450755991,0.41862516749577
"5152","KLF16",0,0,0,0.0319721354183174,0.69917922229633
"5153","KLF2",3.75704467092803,0.11695144061115,0,0.0675456723818252,0.490941127026364
"5154","KLF3",0.74617871492424,1.82925684497941,0,2.1753441041812,2.80165322319828
"5155","KLF4",0.833367762398863,0,0,3.01312588903802,0.0405350417171089
"5156","KLF5",0,0,0,3.96457308220736,1.50810224916869e-06
"5157","KLF6",5.53095651411268,0.246946977228639,0,1.44752176515686,1.40577502097703
"5158","KLF7",0.0731447167059117,0,0,0.00415560301867698,2.51218383744167
"5159","KLF9",3.20067789487952,0.739406360919616,0,5.70513045769019,0.273984960248915
"5160","KLHDC1",0,0,0,0,5.19608978328468e-06
"5161","KLHDC10",0,0,0,0.911475605048934,1.02978515994232
"5162","KLHDC2",1.35357459726464,4.92092079720388,0,0.0969654528359562,4.30814763428338
"5163","KLHDC3",0.0151776773533556,6.68661744201945,0,0.724525145056248,0.00335906502875448
"5164","KLHDC4",0,0.34614886490865,0,0.803595965844083,0.548334179030914
"5165","KLHDC7B",0,0.429592810311281,0,1.0008804769397,0.0596162062964103
"5166","KLHDC8B",0,0,5.46835687666175,3.0010525257983,1.82655529855761
"5167","KLHL11",0,0,0,0,0.807278419353236
"5168","KLHL12",0,0.19150253621646,0,0.0546128078234313,0.146993681497354
"5169","KLHL14",0.533418706286015,0,0,0,0
"5170","KLHL15",0,0,0,0.162971334265584,0.189200228392077
"5171","KLHL17",0,0,0,0,0.284502103378168
"5172","KLHL18",6.50479459498362,0.731158257370475,0,0.861774796941379,0.511904537602928
"5173","KLHL2",0.0515519355194279,0,0,8.46188143786679,0.187485550879622
"5174","KLHL20",0,1.55729244155064,0,2.55044306271157,1.99941455304995
"5175","KLHL21",0,0,0,1.30559155607872,4.88016049876677
"5176","KLHL22",0,0,0,1.06639808287755,0.549668687845897
"5177","KLHL24",4.84664730343372,5.30674792566923,0,2.37032526083771,4.55998058160349
"5178","KLHL25",0,0,0,0,10.0719365734015
"5179","KLHL26",0,0,0,0,1.30250597966513
"5180","KLHL28",0.436124724649197,3.15174834871187,0,0.487950253718329,2.47270534403998
"5181","KLHL3",0,0,0,0,0.233947027384324
"5182","KLHL32",0,0,0,0,0.469757934468842
"5183","KLHL36",1.52149538153801,0.0593229435160521,0,0.0399378254787578,2.0215350564175
"5184","KLHL42",0,0,0,0.0338766786983085,0.137791776608892
"5185","KLHL5",0.565134531392852,0,5.5172579922754,16.7957621020474,2.02522241667472
"5186","KLHL6",0,0,0,2.00410188066966,0.0100044433254304
"5187","KLHL7",0,5.02428754747115,0,6.82780900213495,4.1388137250759
"5188","KLHL8",1.02030042472493,0,0,1.3682291402699,1.75376773978705
"5189","KLHL9",0,1.07610120298923,0,5.79509841018415,1.79218766440499
"5190","KLRB1",0,3.13471703665365,0,0,1.80304480060496
"5191","KLRC1",0,2.77016416043484,0,0,7.37637275939782
"5192","KLRC2",0,0,0,0,0.467768136231832
"5193","KLRC3",0,0.57625786180618,0,0,0.631040510372617
"5194","KLRC4",0,0,0,0,0.0760214814380454
"5195","KLRD1",0,5.47780242258235,0,0,0.308205365653115
"5196","KLRF1",0,0.256561337153288,0,0,0.227472415497901
"5197","KLRG1",0,1.75863304700265,0,0,2.52092182652982
"5198","KLRK1",0,0.0215164829840909,0,0,1.06828187328462
"5199","KMO",0.368651957757115,0,0,0.0208141656861424,0
"5200","KMT2A",0.0291494922597056,0.178885308863582,0,2.71439954096705,0.786553298433994
"5201","KMT2B",0,0.10658624897054,0,0.0775695464846343,0.0114475445026448
"5202","KMT2C",0.250768267246312,0.0804289189253178,0,0.362730022314182,0.811831296121252
"5203","KMT2D",0,0.670718987730736,0,0.19772606457788,0.354642596432376
"5204","KMT2E",0.232959014153491,4.2675180519962,0,6.83229145765797,5.94585878951221
"5205","KMT2E-AS1",0,2.45064564251452,0,14.770132641002,3.15172947745532
"5206","KMT5A",0,0,0,0.722888533644968,0.0697795642732685
"5207","KMT5B",0.0192789523240188,0.372365096408642,0,0.795869753655697,2.16093217770977
"5208","KMT5C",0,10.4521035706036,0,0.171126362022921,4.89905820604947
"5209","KNOP1",0,0,0,0.0671182034284899,3.56474417207099
"5210","KNSTRN",0,0,0,1.34328627275585,1.45725715355261
"5211","KNTC1",0,0,0,0,0.0166626411932235
"5212","KPNA1",0.176418854817686,5.6855753189799,0,1.57953117141464,1.29208660309793
"5213","KPNA2",1.74111211352064,2.12367275671414,0,0.191046416623553,0.0111780350700334
"5214","KPNA3",0.55706648159107,1.83699380281539,0,3.8473779689543,0.109191826818227
"5215","KPNA4",0.0539263286191141,0.0223483498809267,0,0.692109973790512,0.130384481571629
"5216","KPNA5",0.666886360879529,5.36459635845922,0,11.0802903149028,4.11354724581178
"5217","KPNA6",0.0807696114811979,1.24350031358341,0,0.0462627877225408,0.966242176397644
"5218","KPNB1",0.491530898803618,0.263907128364768,0,1.01532741801561,2.94371510528183
"5219","KPTN",0,0,0,1.24566507097193,0.62967723647667
"5220","KRAS",0.0742257817176269,7.81190418380078,0,20.8821693239683,4.51932985747243
"5221","KRBA1",0,0,0,0,1.78801749056463
"5222","KRBA2",0,0,0,0,0.0517013852930081
"5223","KRBOX4",0,0,0,0.400176017731694,1.88137855529007
"5224","KRCC1",0.179844482173882,2.44414570448067,0,12.33213265976,8.88067727773229
"5225","KRI1",0,1.40909444093173,0,0.597493134787234,3.50863804693311
"5226","KRIT1",0.326443904664356,0.0852691632921575,0,0.189830841251795,0.070195897623171
"5227","KRR1",0.0295659730163311,0.269247007755961,0,0.104389550724552,2.57237988161521
"5228","KRT1",0,0,0,0,3.47062675186517
"5229","KRT10",0.0794736055154619,1.27720764130444,0,8.05402739783634,1.10537062965057
"5230","KRT18",0,0,0,0,1.14300576690766
"5231","KRT2",0,0,0,0,3.58973295011284
"5232","KRT72",0,0,0,0,0.0206578901183536
"5233","KRT73",0,0,0,0,4.04668003987953
"5234","KRT73-AS1",0,0,0,0,1.31854460393895
"5235","KRT86",0,9.24989311749039,0,0,0
"5236","KRTCAP2",0.281969695760121,5.93399552963259,1.84543600757851,0.0661282199968936,0.092666107516428
"5237","KRTCAP3",0,0,0,0,0.0866227186733715
"5238","KSR1",0,0,0,1.43686591930485,0.18491994501998
"5239","KTI12",0,0.00370120816239441,0,0.0434049276866705,0.0591639742035778
"5240","KTN1",0.578496289508026,5.31260875346715,0,0.00385776964743245,0.0141163737173324
"5241","KTN1-AS1",0,0,0,0,0.578915076603265
"5242","KXD1",0.00806621664580793,0.196407995301505,0,4.27761798352952,0.0638900252840318
"5243","KYNU",0.0033169187400781,0,0,0.284877043235388,0
"5244","L1TD1",0,0,0,3.43158760682706,0
"5245","L2HGDH",0,0,0,0,0.434865086838156
"5246","L3HYPDH",0,0,0,0.27474849828704,2.37424631586951
"5247","L3MBTL1",0,0,0,0,0.396831671220852
"5248","L3MBTL2",0,0,0,0.343579163107187,0.234193567188339
"5249","L3MBTL3",0.493391874329549,0,0,4.25367072962324,0.101897773186524
"5250","LA16c-358B7.3",0,0,0,0,0.492131943176929
"5251","LACC1",0,0,0,0.044990473043085,0
"5252","LACE1",0,0,0,0,0.306399804788881
"5253","LACTB",0,0.180574350686209,0,0.00740882683552467,0.247333922733425
"5254","LACTB2",0,0,0,0.501749888885763,0.0740283876892056
"5255","LACTB2-AS1",0,0,0,0,0.03568535047037
"5256","LAG3",0,0.986265913557212,0,0,0.0368363948032446
"5257","LAGE3",0.7926298431938,0.244408059325966,2.7964449587567,1.34834306553881,4.4364180068161
"5258","LAIR1",0.234487051471031,0.11583471140082,0,0.3423082802974,0.28336771240277
"5259","LAIR2",0,0.411347830384218,0,0,0.00347453286148864
"5260","LAMB1",0,0,0,0,0.103908008999699
"5261","LAMP1",0.0131646311813792,0.0255734951948458,0.333258504442121,4.24750056886978,1.11966105966425
"5262","LAMP2",0,0.000426475711182362,0,0.206223675719043,0.147474117291559
"5263","LAMP3",0,0,0,0,0.600451944148412
"5264","LAMTOR1",1.3742162874578,0.0116183816365131,0.365495822437398,1.17705284193773,0.00012731361305426
"5265","LAMTOR2",0.107605658067619,2.30896128310201,3.2653395932966,1.33304575700476,5.5417252016524
"5266","LAMTOR3",0.474149688562287,0.422695252096248,0,1.10315033411295,2.91246437202546
"5267","LAMTOR4",1.81763247919655,1.43455538355731,0.393512367181593,0.223137052748731,1.54440852423534
"5268","LAMTOR5",0.449610470568635,0.0938502783916879,0.0742646340074439,0.184391986227651,0.00733497835690937
"5269","LANCL1",0,0.0496724950919776,0,0.163755166497567,0.0267358046070846
"5270","LANCL2",0,0,0,0.84758552915524,0.101807965426475
"5271","LAP3",0.256226466615823,2.59402453931425,0,0.607302859288787,0.0431627245940731
"5272","LAPTM4A",0.032377847504864,1.67999264579749,0,0.0108906662568165,1.00762403586086
"5273","LAPTM4B",0,0,0,0,0.0113559990205834
"5274","LAPTM5",4.09511870820296,0.56314933877832,4.02417250199872,0.704779625066266,5.54366895798013
"5275","LARP1",1.39107712213799,0.0300799222042268,0,1.12133683063002,3.56241404047813
"5276","LARP1B",0,0,0,2.83382086712018,2.2557867011944
"5277","LARP4",0,0.184198911735461,0,0.212602183538744,2.54888467737301
"5278","LARP4B",0,0.0196525603883861,0,1.72356605676319,3.03941476584811
"5279","LARP7",5.88351141931419e-05,0.164492219622235,0,0.00410427174233139,0.0432831578751771
"5280","LARS",0.0707550671490225,4.44886780673489,0,2.00162551067349,5.47864698792915
"5281","LARS2",0,0,0,0,0.00887123554939306
"5282","LAS1L",0.0681300031845081,1.02804694237868,0,0.132371125144279,0.131192604112878
"5283","LASP1",3.72842806056721,0.862226760154987,0,3.43394318919484,0.360464198900073
"5284","LAT",0,0.52936721723396,0.40849082736508,0.0697423265839621,1.41349050961559
"5285","LAT2",0.820032995729244,1.06773592235925,0,27.2418105410919,0.274953088882671
"5286","LATS1",0,2.16893232496931,0,0.107646928532939,0.584017890154079
"5287","LATS2",0,0.949775930590785,0,0.304465150609704,3.38254943365139
"5288","LAX1",0,0.084358272968181,0,0,0.0861116020335378
"5289","LBH",1.54727787128359,0.422727561658633,0,0,1.02199148271109
"5290","LBHD1",0,0,0,0,0.0077554192742073
"5291","LBR",2.50625969880457,0.089664336636331,0,0.0533159231167677,0.0407632618721371
"5292","LBX2-AS1",0,0,0,5.02754634828646,0
"5293","LCAT",0,0,0,4.19004689991251,0
"5294","LCK",0,1.17129682970853,0,0,0.555144949016966
"5295","LCLAT1",0,0,0,0,0.441612490297804
"5296","LCMT1",0.0450582182818205,0.1740407161259,0,2.42444621894259,0.115940891756996
"5297","LCMT2",0,0,0,0,0.129729051659606
"5298","LCN2",0,0,1.60229860434121,0,0
"5299","LCNL1",0,0,0,0,0.0927694962460242
"5300","LCOR",0.00546443204283942,0.175556445124312,0,2.08390294815984,0.0278144924989156
"5301","LCORL",0,0.0116965992664571,0,2.60672900480956,0.0119899018387796
"5302","LCP1",0.0537146749881305,0.677979777669044,0,2.31894440224693,0.000406828928954827
"5303","LCP2",0,0.0185151256796802,0,0.27007100669963,0.414379154837148
"5304","LCTL",0,0,0,0,7.23664324261709e-06
"5305","LDAH",0,0,0,0,1.59042635406442
"5306","LDB1",0,0,0,1.34122185016319,2.81485053954525
"5307","LDHA",2.45615379301242,0.0716657558956843,0.382420191935264,0.0993197682400726,0.840440408705703
"5308","LDHB",0.114522489673311,0.131133947237209,0.0265818014813539,4.42814260058074,0.372700628879939
"5309","LDLR",0,0,0,1.21235259332666,1.07146701601526
"5310","LDLRAD3",0,0,0,2.08901597621622,0
"5311","LDLRAD4",0.484822770625482,0,0,0.0169393005077261,0.0242419471990831
"5312","LDLRAP1",0,1.08350965950746,0.0549879847997643,0.281413623477662,0.583792973756646
"5313","LDOC1",3.5806894326042,0,0,0,2.01288250637278
"5314","LDOC1L",0,0,0,0.585158463415017,0.00136922107067286
"5315","LEAP2",0,0,0,0,0.0438191334534323
"5316","LEF1",0,4.46230406373744,0,0,2.33463706238252
"5317","LEKR1",0,0,0,0,0.00809013704499166
"5318","LEMD2",2.4895152168842,1.8913748293532,0,1.33975797128975,0.885022228977137
"5319","LEMD3",0.159842358805834,1.41697470509161,0,0.0175363957777348,0.082467738120473
"5320","LENG1",0.0716732782299957,0.118150224322805,0,0.545008015417592,0.532719411769689
"5321","LENG8",2.65255653442002,0.0451300465613267,0,0.0664142775856167,0.584898843289033
"5322","LENG8-AS1",0,0,0,0,0.0811796019739063
"5323","LENG9",0,0,0,0.04293744685565,0.0165216701592184
"5324","LEO1",0,0.322135623274958,0,2.70774929011924,0.344310334011455
"5325","LEPR",0,0,0,2.35682993170592,0.523038949018428
"5326","LEPROT",0.120275437210228,0.512241732687586,1.86453749028498,0.004653143709103,2.17441233860739
"5327","LEPROTL1",0.866123199140794,0.000334327809767203,0,0.0143785231343846,2.06975948471096
"5328","LETM1",0.252930152774414,0.183700228824064,0,0.718816362092861,0.0572021132323789
"5329","LETM2",0,0,0,0,2.95345571109
"5330","LETMD1",0.919146228985965,0.501799082733451,0,4.47848499390749,1.64396091931814
"5331","LFNG",0,0,0,1.63724688977024,0.449652880813034
"5332","LGALS1",7.87884949438181,2.35687194136496,10.0313472853947,0.34810697027378,1.28747736532702
"5333","LGALS12",0,0,0.10604075584486,0.439560679189689,0
"5334","LGALS2",0,0,0,1.13783938690359,0.343176115232691
"5335","LGALS3",0,0.954912117766083,0,0.145821241228648,6.16367639473671
"5336","LGALS3BP",0,0,0,4.79482888923027,0.0227443553653381
"5337","LGALS8",1.95178021356503,7.08532807614347,0,0.455573186402259,2.32396597119077
"5338","LGALS9",0.140403713073733,1.00291810921738,0,0.107522596464739,0.681343433977477
"5339","LGALS9B",0,2.46353975847999,0,0,0
"5340","LGALSL",0,0,1.74871153313304,0,0
"5341","LGMN",0,0,0,0,0.597729295108595
"5342","LGR6",0,13.7917479276915,0,0,3.48483972029959
"5343","LHFP",0,0,1.43360230572968,0,0
"5344","LHFPL2",0,0,0,13.8445653378355,0
"5345","LHPP",0.208073794976223,1.16766994946378,0,0.00902396081276647,0.568128337464261
"5346","LIAS",0,2.46250391024708,0,3.70939214259599,0.0165249348305221
"5347","LIG1",0.469987586124737,0.428744647704326,0,7.52412750104386,1.07625412952972
"5348","LIG3",0,0,0,3.47535269551886,1.5989352823479
"5349","LIG4",0,0,0,0.989799829096877,7.28267494200522
"5350","LILRA1",0,0,0,0.0163834987776124,0
"5351","LILRA2",0,0,0,0.400423898731585,0.238426165146305
"5352","LILRA4",0,0,0,5.87156837641144,0
"5353","LILRA5",0,0,0,0.764590805498394,0
"5354","LILRA6",0,0,0,2.79279547493578,0
"5355","LILRB1",0.0182928744024827,0.919841967883416,0,0.504205146306599,0.165087428883732
"5356","LILRB2",0,0,0,1.18480308645894,0.00942149839037719
"5357","LILRB3",0,0,0,5.40342699136449,5.79191131775072e-06
"5358","LILRB4",0,0,0,5.84643202766101,0
"5359","LILRB5",0,0,0,0.565095456323574,0
"5360","LIM2",0,0.281611130592802,0,0,0.0146477240169081
"5361","LIMA1",0,0,0,0,1.66427260864779
"5362","LIMD1",1.44589253019207,0,0,5.3895169388066,0.00798077433775562
"5363","LIMD2",3.17686699434866,0.785712882357031,0.000302714083478904,6.39057703923109,0.237757625807416
"5364","LIME1",0,0.627202152455175,0,0,0.307809819350077
"5365","LIMK1",0,0.0591157515947068,0,0.791526961858051,1.3667039179718e-05
"5366","LIMK2",0,0,0,4.41230471173749,1.35983876307362
"5367","LIMS1",0.584171281932912,2.395537178294,0.275329467126975,1.18970191063696,0.0819851744777527
"5368","LIMS2",10.5457088277244,0,0,0,7.84462999900455
"5369","LIN37",0,0.559259961382355,0,9.09753682696976e-05,0.261035631969127
"5370","LIN52",0,0,0,0,0.0570286308958783
"5371","LIN54",0,0,0,0.0515909777888961,0.0051279983104371
"5372","LIN7A",0,0,0,3.54883043677609,0
"5373","LIN7B",0,0,0,1.27221204289736,1.79314200199026
"5374","LIN7C",0,0,0,0.748768991544682,1.48940762221012
"5375","LIN9",0,0,0,0,0.0117534984739521
"5376","LINC00092",0,0,0,0,0.871232643834093
"5377","LINC00094",0,0,0,0,0.113272319327183
"5378","LINC00115",0,0,0,8.03797086577306,1.36081626365598
"5379","LINC00116",10.0729889050156,0.355528289917871,0.656196293454565,0.695968711319518,2.29490030569523
"5380","LINC00152",0,0.356573152095271,12.4149205974874,0.210429767165185,0.0191158358084698
"5381","LINC00176",0,0,0,0,0.0649205639319392
"5382","LINC00239",0,0,0,0,0.065295604128838
"5383","LINC00243",0,0,0,0,2.38013999743134
"5384","LINC00265",0,0,0,0,0.0373006696281081
"5385","LINC00278",0,0,0,0.519056876493287,0.708599182940805
"5386","LINC00294",0,0,0,0,0.867705687721518
"5387","LINC00299",0,0.531195915901,0,0,0
"5388","LINC00324",0,0,0,9.82993604085618e-06,2.80024742377233
"5389","LINC00342",0,0,0,0,0.141643602577588
"5390","LINC00402",0,0,0,0,1.4323222625046
"5391","LINC00426",0,9.05855551120595,0,0,3.84149915083533
"5392","LINC00467",0,0,0,2.62375682181765,2.48069484992606
"5393","LINC00482",0,0,0,1.85391444016162,0
"5394","LINC00493",0.472845804750559,0.037813041701956,0,0.328346519350158,0.102439929406735
"5395","LINC00511",0,0,0,0,5.51145492322514
"5396","LINC00526",0,0,0,0,2.56058102348014
"5397","LINC00528",0,1.05530821762035,0,4.58234751708902,1.6684823755805
"5398","LINC00539",0,0,0,0,5.94975180563326
"5399","LINC00540",0,0,0,0,1.02461978086061
"5400","LINC00544",0,0,0,0,0.0594635045569294
"5401","LINC00562",0,0,0,0,0.00603644936892358
"5402","LINC00623",0,4.42703316299438,0,0.673960131574702,1.88295464857641
"5403","LINC00630",0,0,0,0,0.329598790605664
"5404","LINC00649",0,0,0,0,1.26544687466241
"5405","LINC00657",0.544175553001972,0.206671656555569,0.873196238349604,0.763900759159194,0.590020979648185
"5406","LINC00662",0,0,0,6.14276783057395,0.551734710252142
"5407","LINC00665",0,1.29867541617931,0,0,0.0611241964433902
"5408","LINC00667",0.0248790619757075,1.18699434181708,0,0.269966161816063,1.97610409601496
"5409","LINC00672",0,0,0,0.0863753565281358,0.389325848235796
"5410","LINC00685",0,0,0,0,0.215555118818851
"5411","LINC00847",0,0,0,0.522600084624943,0.0366632135818717
"5412","LINC00852",0,0,0,0,0.301776728183068
"5413","LINC00861",0,3.73425437983689,0,0,1.69236342203984
"5414","LINC00877",0,0,0,0.550614579045663,0
"5415","LINC00891",0,0,0,0,0.525417099522879
"5416","LINC00893",0,0,0,0,0.00423348264226454
"5417","LINC00896",0,0,0,0,3.64455380479822
"5418","LINC00909",3.79487191946061,0.122703012837135,0,0.412888249061821,0.511897559236712
"5419","LINC00910",0,0,0,0,5.481442715083
"5420","LINC00920",0,0,0,0,0.896276000279795
"5421","LINC00921",0,0,0,0,0.00290492685674694
"5422","LINC00926",14.163491496625,0,0,0,0
"5423","LINC00936",0.0164648851873631,0.622956898526065,0,1.14011179750814,3.82620372650481
"5424","LINC00937",0,0,0,7.27189401598691,0
"5425","LINC00944",0,1.2583732513639,0,0,2.14538968454958
"5426","LINC00954",0,0,0,0,0.200065411854559
"5427","LINC00957",0,0,0,0,1.7056714764045
"5428","LINC00959",0,1.6931205087345,0,0.0437032343383627,0.369860635620499
"5429","LINC00969",0.0853990760771836,0.0962263820035304,0,0.0179938362797609,1.1925800035032
"5430","LINC00987",0,0,0,0,0.0309176086711614
"5431","LINC00989",0,0,2.78573782826465,0,0
"5432","LINC00998",3.09699313563882,1.6647130293373,17.2377582254682,0.352063206648537,2.16927269811238
"5433","LINC01001",0,0,0,5.0373547673537,0.0558103461174571
"5434","LINC01003",0.236504321434636,0.209672249283445,0,0.00235319126354012,0.186404803056599
"5435","LINC01006",0,0,0,0,0.185587041806338
"5436","LINC01011",0,0,0,0,0.803008752342088
"5437","LINC01012",0,0,0,0,0.540301432362247
"5438","LINC01023",0,0,0,0.0180668147613384,0
"5439","LINC01024",0,0,0,0,0.441479266295334
"5440","LINC01089",2.68322707030537,1.33391673981664,0.833831259735139,0.774352950665934,0.125687717251067
"5441","LINC01116",0,0,0,0,0.00338224255435157
"5442","LINC01127",0,0,0,22.9040421389915,0
"5443","LINC01137",0,0,0,0,2.1460686175697
"5444","LINC01184",6.61016153453443,0.423583853938807,0,0.693453206979752,1.8041554459206
"5445","LINC01215",3.08670276208178,0,0,0,5.78547520930236
"5446","LINC01259",0,0,0,0,0.0329592912365515
"5447","LINC01260",0,0,0,0,0.268064325443634
"5448","LINC01272",0,0,0,0.0287066664877014,0.655614420357051
"5449","LINC01311",0,0,0,0,0.128779683837599
"5450","LINC01336",0,0,0,0,0.0149810019590644
"5451","LINC01353",0,0,0,0.0194558903887757,0
"5452","LINC01410",0,0,0,0.598234479620192,0
"5453","LINC01420",0.207175271653026,0.0948294634983197,1.66574452478483,0.214644446429085,0.6518089635624
"5454","LINC01431",0,0,0,0,0.000457376706308074
"5455","LINC01473",0,0,0,0,0.00169507253821967
"5456","LINC01480",1.74963456589191,0,0,0,0
"5457","LINC01481",1.83467463037945,0.754402902685909,0,0.327745826522715,0.000700738693784419
"5458","LINC01503",0,0,0,0.465260504369168,0
"5459","LINC01504",0,2.51652515517356,0,1.2023008560522,0
"5460","LINC01506",0,0,0,2.23262667896246,0
"5461","LINC01534",0,0,0,0,0.0851150183267115
"5462","LINC01550",0,0,0,0,3.32825598312186
"5463","LINC01569",0,0,0,0,3.43523424275392
"5464","LINC01588",0.246579979646996,0.247847272495656,0,0,0.0597103031607039
"5465","LINS1",0,0.115326241420091,0,2.05114094363046,4.96699063177062
"5466","LIPA",0.257861610976363,0.243497867340032,0.942679470139027,0.121630676128398,0.00657891060691314
"5467","LIPE",0,0,0,0,0.00512635536443919
"5468","LIPE-AS1",0,0,0,2.81638435130866e-05,0.354254238046167
"5469","LIPN",0,0,0,0.0118218308386187,0
"5470","LIPT1",0,0,0,4.10646917722855,0.0718200231867154
"5471","LIPT2",0,0,0,0,0.854164131896099
"5472","LITAF",0.801370533957247,16.9610624462504,0,0.082565988179552,5.33888429742933
"5473","LIX1L",1.92752352117202,0.00170049625785045,0,0.0156478320542218,0.000215282631256567
"5474","LL21NC02-1C16.2",0,0,0,0.237435571184854,0
"5475","LL22NC03-2H8.5",0,0,0,0,0.483554713788443
"5476","LL22NC03-75H12.2",0,0,0,0,1.39430736830919
"5477","LL22NC03-86G7.1",0,0,0,1.61081566648164,0.178297744892225
"5478","LLGL1",0,0.085725760540287,0,0.606962011848366,2.00516120501377
"5479","LLGL2",0,4.96244186254643,0,0,0.618742249290728
"5480","LLNLR-245B6.1",0,1.54821301275158,0,0.606516621433326,3.48143904352701
"5481","LLPH",0.0108141814752777,0.545598925498084,0,0.0429498412684964,0.000788701981349222
"5482","LMAN1",1.86349417672714,0.273427693132231,0.749112138237023,0.144925201054971,0.205245654265281
"5483","LMAN2",0.913091193925015,0.212616119300767,0,2.60622914393631,0.654899663119737
"5484","LMAN2L",0,0,0,0,2.23471709081834
"5485","LMBR1",0,0.105484457648504,0,1.44342154788292,0.171369987056372
"5486","LMBR1L",0.0347057293054308,6.57685523366048,0,2.07706387585059,7.45938249539077
"5487","LMBRD1",1.12556332564067,0.844749616051069,0,3.35661781794553,0.706798660603186
"5488","LMBRD2",0,0,0,2.17825016192417,0.00976845834970953
"5489","LMF1",0,0,0,0.0148124003545184,0.033393787709671
"5490","LMF2",0.284324877865047,0.00353281850116366,0,0.185751144244148,0.498741902908798
"5491","LMLN",0,0,0,0,0.0436669851188097
"5492","LMNA",0,0,1.10323765648949,0.188873816646556,23.1878281445437
"5493","LMNB1",0,4.61337040927549,0,3.51237303689747,0.107020519484662
"5494","LMNB2",0,0.00639286270928129,0,0.0749414799930207,0.0323664929280878
"5495","LMO2",0,0,0,10.4093595894116,0
"5496","LMO4",0.784532161182925,0.018578114094679,0,9.30661251964824,5.82857326916247
"5497","LMO7",0,0,0,0,0.891540442370837
"5498","LMOD3",0,0,0,0,0.0121304050879925
"5499","LMTK2",0,0,0,0.129778890339143,0.196340119036535
"5500","LNPEP",0.325552539544752,0.0699422572974664,0,1.28218373392338,0.35198805502711
"5501","LNX1",0,0,0,0,0.275664659965186
"5502","LNX2",0,0,0,0,1.33456341838857
"5503","LONP1",0,0.394263943479526,0,0.227114362542049,0.920808598591329
"5504","LONP2",0.0336702406915471,1.21405437163424,0,5.80402993149939,0.579658115491238
"5505","LONRF1",0.000962173275623704,0,0,0.0485776448589176,2.62158628780724
"5506","LONRF3",0,0,0,0,1.88867129075865
"5507","LOXL1-AS1",0,0,0,0,0.418843170773512
"5508","LOXL3",0,0,0,2.30857101971405,0
"5509","LPAR2",0,0,0,3.38536320163764,0.006128368688
"5510","LPAR5",0,0,0,0,5.0953600922294
"5511","LPAR6",0,0.445449156110622,0,16.8772994708775,4.50644914704562
"5512","LPCAT1",1.17497793045304,0.555148696800202,0,4.92703874793469,0.179912560731789
"5513","LPCAT2",0,0,0,0.845256426487324,0
"5514","LPCAT3",0,0.0514054413472586,2.41203389967592,2.39715373371147,0.131997058010876
"5515","LPCAT4",0.191826336477402,0.766080797753577,0,0.00847763967735271,0.0767471849453894
"5516","LPGAT1",2.1091860102219,0.539842338178077,0,0.15763601390597,1.04061833792764
"5517","LPIN1",0.438637409552874,2.84651544651099,0,0.000130891152821555,0.271245133264721
"5518","LPIN2",0,0.231752291563837,0,1.19715513626894,0.906229029597597
"5519","LPL",0,0,0,1.06011785469363,0
"5520","LPP",0.319900822495265,0.173157500220905,0,0.296970025774737,0.163001485191025
"5521","LPXN",5.64859318546609,0.210903309095313,0,2.80336596440895,0.129065561235954
"5522","LRBA",1.68379316872386,0.0063168680711452,0,0.018592996420067,0.0281474630144781
"5523","LRCH1",0.0375321901732489,0.0133718580599667,0,4.5722067886284,5.08235926322272e-05
"5524","LRCH3",0,0.0264109760972547,0,1.41513518401184,0.0808806190278677
"5525","LRCH4",0.198738561449692,0.109693073783186,0,0.0272338981098627,0.15514846637809
"5526","LRFN1",0,0,0,0,1.08446425063273
"5527","LRFN3",0,0,0,0,0.29900384516672
"5528","LRG1",0,0,0,1.87128919191478,0
"5529","LRIF1",0,0.724025580462898,0,2.9294163916375,3.76601382908418
"5530","LRIG1",0,0,0,0,4.41254547011511
"5531","LRIG2",0,0,0,0.380484494929574,0.195470998328291
"5532","LRMP",2.19853347112365,6.87698345822874,0,0.615518277788175,1.63816011955633
"5533","LRP1",0,0,0,1.83000495739338,0.0835218668330719
"5534","LRP10",0.998980444651867,0.344782356961309,0.394241230908071,2.12397314179202,1.57091513563572
"5535","LRP2BP",0,0,0,0,0.236560360235702
"5536","LRP3",0,0,0,3.13733305481668,0
"5537","LRP5L",0,0,0,1.33920138625239,1.30727976761805
"5538","LRP6",0,0,0,0,0.0867174624347562
"5539","LRP8",0,0,0,0,0.152180871608624
"5540","LRPAP1",1.55408816453882,0.0832495101040692,0,0.554110435778574,0.0537897340729965
"5541","LRPPRC",0.265904527377772,0.932554695346787,0,0.440834296567563,0.21579841301395
"5542","LRR1",0,0,0,7.36248836620735,1.77686331863687
"5543","LRRC1",0,0,0,0,2.35578783213907
"5544","LRRC14",0,3.1125979107225,0,0.00887863600121066,4.35243551222029
"5545","LRRC16A",0.29938966852875,0,0,0,0.0519205573867162
"5546","LRRC20",0,0,0,0,0.6289276687181
"5547","LRRC23",0,0,0,0.920179006222574,0.083234369519236
"5548","LRRC24",0,0,0,0,0.121113343185713
"5549","LRRC25",0,0,0,3.3956120158027,0.234082978175499
"5550","LRRC27",0,0,0,0.200298393089319,0.155417934194311
"5551","LRRC28",0.453665020460192,0.563742115421375,0,2.82543646115417,0.19046395644273
"5552","LRRC32",0,0,0,0,2.22654567677604
"5553","LRRC37A",0,0,0,0,0.192143878997356
"5554","LRRC37A2",0,0,0,0,1.68008971439447
"5555","LRRC37B",0,1.09371169544244,0,1.01654534873648,0.68771251937116
"5556","LRRC40",0,1.10762780090095,0,0.229882786599696,3.30822173087315
"5557","LRRC41",0.0830450134862229,0.0212916486323747,0,0.236566872500231,0.0346346958326622
"5558","LRRC42",0,0,0,1.89572295186794,3.78111896329405
"5559","LRRC45",0,0.697615934788856,0,3.26240494863431,0.0233663150233156
"5560","LRRC47",0.436907634043738,0.2192022795319,0,0.0708958030401887,0.109462592715343
"5561","LRRC56",0,0,0,0,0.00207959697069379
"5562","LRRC57",2.28132427790514,8.34722803704659,0,3.24494576058471,1.57798097422329
"5563","LRRC58",0.00324328666555332,2.62376759799479,0,2.83039597431373,1.6020391150279
"5564","LRRC59",0.904285507245771,1.09238154834181,0,1.52161988191665,1.89290580956961
"5565","LRRC61",0,0,0,0,6.11949145044936
"5566","LRRC69",0,0,0,0,0.00641240298711259
"5567","LRRC7",0,0,0,0,0.0309432636629443
"5568","LRRC75A",0.00472761955101956,0,0,0,0.135867208893545
"5569","LRRC8A",0,1.65933314182904,0,0.122991354373936,0.0180559878397165
"5570","LRRC8B",0,0,0,0.228563479561076,0.0525270675071483
"5571","LRRC8C",0,1.79983831017818,0,1.47453920800134,1.2107221707813
"5572","LRRC8D",0,0,0,2.38502243639685,1.81199414871716
"5573","LRRCC1",0,0,0,0.00524395527747979,4.07858608499572
"5574","LRRFIP1",1.89422581325549,0.566546471242716,0,0.156926328108496,1.313786566586
"5575","LRRFIP2",0.318681977439856,0.94585603488333,1.00867640704299,8.63536834563992e-06,1.57271819597582
"5576","LRRIQ3",0,0,0,0,4.65540893953804
"5577","LRRK1",2.63141366414742,0,0,3.97298801699419,0
"5578","LRRK2",1.10327312423873,0,0,6.26496716479882,0
"5579","LRRN3",0,0,0,0,0.801729975406175
"5580","LRSAM1",0,0,0,0.194229907229184,2.13963861999343
"5581","LRTOMT",0,0,0,0,0.0501198387963144
"5582","LRWD1",0,0,0,0,1.29524235372872
"5583","LSG1",0,4.40337325663296,0,0.00061415302687214,0.0286860931594854
"5584","LSINCT5",0,0,0,0,0.228105328261735
"5585","LSM1",0.238784996534044,0.216692871010504,0.904584233707994,0.298150633924348,0.240909967283152
"5586","LSM10",8.09983239085282,0.283199835307033,0,1.54244450756751,2.86153662815015
"5587","LSM11",0,0,0,0,0.0353225606913107
"5588","LSM12",2.17373740882112,0.722373812899622,0,1.59807849607081,0.321142607933194
"5589","LSM14A",0.0257983936051731,0.367802510135884,0.610293258511777,1.21871835122933,0.995790932390714
"5590","LSM14B",0,0,0,0.101205410265798,0.289728917743186
"5591","LSM2",1.11788905753083,0.0111471820885895,0,1.28470807509124,5.73999047537423
"5592","LSM3",0.0474812429856743,0.138493863161235,0.915632026860465,0.0599902920975455,0.748610984476799
"5593","LSM4",0.243845649134064,1.04230964794442,0,5.79329134497654,1.50553468607034
"5594","LSM5",0.270889666484846,0.000341767348847568,0,0.0363341402143897,2.67966334883726
"5595","LSM6",1.3120435429497,0.00818409419170041,0,1.28351902003338,4.73434236206356
"5596","LSM7",1.74590245466435,1.85966511511957,0,1.27731872475526,4.00155287993532
"5597","LSM8",0.00118648802464992,0.246935154562909,0,5.93198807501772,3.07384253520306
"5598","LSP1",1.8375629723754,0.940484779376554,0,0.994083302108111,0.0466309218918003
"5599","LSR",3.14338498000226,0,0,0,8.19147608843907
"5600","LSS",0,0.000618776999838602,0,1.22221140490894,0.062053550071349
"5601","LST1",0.0397504535575015,0.172314097896958,0,0.926500955599493,0.494837570528954
"5602","LTA",0,0,0,0,0.04561158478336
"5603","LTA4H",10.188258042213,0.516682072905701,0,0.415007283226089,0.394518058504419
"5604","LTB",1.52805111314223,0.766371421805905,0,1.2387585940705,1.47179035651248e-05
"5605","LTB4R",0,0,0,24.6514747295888,0.138972876595876
"5606","LTB4R2",0,0,0,0.267993934065646,0.176362953709818
"5607","LTBP1",0,0,0.129122084661728,0,0
"5608","LTBP3",0,0.0717665521005335,0,0.0496069109563504,1.94099576484266
"5609","LTBP4",0,0.976118346585901,0,0.337098324418019,12.9285542837582
"5610","LTBR",0,0,0,3.1371383685096,0.0652171089796243
"5611","LTC4S",0,0,0,0,0.136052711069918
"5612","LTK",0,0,0,0,0.904477533550593
"5613","LTN1",0.00449601491262371,0.288647067816821,0,0.307878759361122,0.013010321485078
"5614","LTV1",1.85504859972448,2.99984142739022,0,6.16354673403876,0.277486383417783
"5615","LUC7L",0.778522762468565,1.52538782062392,0,0.0264225264956295,0.0339476376953218
"5616","LUC7L2",0.0262476633571236,1.11148848471435,0,0.793197205627883,1.05509133429994
"5617","LUC7L3",0.925046182232699,2.15579589334609,0,0.921639588868209,0.00794225628814181
"5618","LUCAT1",0,0,0,0.653508219174616,0
"5619","LUZP1",0,4.82373841822132,0,0.123160645679592,3.9666553794676
"5620","LXN",0,0,3.96880333902475,5.46935236745986,1.83863359735273
"5621","LY6E",9.47056187114637,7.66034515081813,0.274068161220906,0.28112417764678,0.517810873364944
"5622","LY6G5C",0,0,0,3.72544766444013,1.63067971059832
"5623","LY75",0,0,0,0.688851025484259,1.54684249058139
"5624","LY86",0.0554036493757997,0,0,1.23120666547392,0.0042032386876501
"5625","LY9",4.65215950050006,0.940770569579974,0,0,0.74412822942976
"5626","LY96",3.53019894698247,0,0,0.883450360229323,1.54949674450303
"5627","LYAR",0,0.585965973655196,0,12.6110355962638,0.0384785165749447
"5628","LYG2",0,0,0,0,0.274087067968945
"5629","LYL1",8.65986633899437,0,12.338943669242,0.104293107153788,1.46500864927298
"5630","LYN",0.685040922844392,5.41178539551791,0.000612667670239276,26.8915505951119,2.91321604323052
"5631","LYNX1",0,0,0,5.6410248739111,0
"5632","LYPD2",0,0,0,3.05692030504717,0
"5633","LYPD3",0,0,0,0,0.304506864391105
"5634","LYPLA1",0.0065744842542001,0.00430948022418665,1.54238312317024,0.726663821555144,1.5706118731828
"5635","LYPLA2",0.0464304697482574,0.00193102889354528,0,0.068382089440949,0.988991810229212
"5636","LYPLAL1",1.02373032014438,0.896529217701312,3.26878913965633,0.0186379572553548,2.39607357121475
"5637","LYRM1",0.0392951951874318,4.66278414311999,0,0.449786562155521,0.89555315070714
"5638","LYRM2",0.849422395675711,0.0895845135902619,0,1.79651574831306,2.98000829539357
"5639","LYRM4",0.156948512677826,0.0607904231771025,0,0.523183916304774,2.72249035039486e-05
"5640","LYRM5",0.608278916207611,0.355154509405944,0.139656969092396,0.137960964691239,0.0401883494954735
"5641","LYRM7",0.0718412416339129,0.321315447503594,0,0.347257713015424,1.71275468964946
"5642","LYRM9",0.763429332376148,0,0,16.7744389496629,9.07121087419402
"5643","LYSMD2",9.39136087672452,0.519285990135387,0,0.511727375227896,0.080967849128927
"5644","LYSMD3",0.0138237072118403,0.163026075024995,0,0.0994471555937231,0.579262268231643
"5645","LYSMD4",0,0,0,0,2.06487722115042
"5646","LYST",0.0102260907395511,0.478212386274202,0,0.499976765910358,0.0197042621188796
"5647","LYZ",4.32352693700099,1.10917590097265,0.432629068748941,0.319902260992131,0.386492326505975
"5648","LZIC",0.0344448547548731,8.16323300097791,0,2.30975641550376,1.34497647548627
"5649","LZTFL1",0,2.59287207377276,0,0.167630973954059,0.1928658535895
"5650","LZTR1",0,0,0,3.37210233318633,2.78372512935528
"5651","LZTS2",0,0,0,0.660562776686541,0.705971300952207
"5652","M6PR",0.188732969858916,0.155857981526239,0,2.49536547165669,0.86949468604514
"5653","MACF1",1.15645733289894,0.682957421163924,0,0.676716955307819,2.14778825756516
"5654","MACROD1",0,0,0,0,0.264417038243931
"5655","MACROD2",0.923197148619494,0,0,0,0
"5656","MAD1L1",0.87355359276146,2.84255451050698,0,0.476067590290375,10.3448727715799
"5657","MAD2L1",0,0,0,0,0.172486075767852
"5658","MAD2L1BP",0.801743662096404,4.69064239148941,0,1.43675934361564,12.1134723896863
"5659","MAD2L2",0.0681058094240997,0.259792157773585,0,5.18499130509783,0.807343319044973
"5660","MADD",0,6.25825111186608,0,0.102046649668509,3.32609709803376
"5661","MAEA",0.366811767190036,0.479931308206508,0,3.99753554701784,1.11061899618875
"5662","MAF",0,0.189694058156465,0,0,1.98076407126852
"5663","MAF1",0.210234331349049,0.405211018260094,2.65204607438144,2.34112996070037,0.192106131993362
"5664","MAFB",0,0,0,0.266997747104983,0.000949840469268491
"5665","MAFF",0,0.00831287132416774,0,9.09688738385894,2.49416213777278
"5666","MAFG",0,0,0,0.0101698793379996,2.47580720115632
"5667","MAFK",0,0,0,1.46137847145074,0.748278920641399
"5668","MAGED1",0,0.773035244507072,0,0,2.43961045815335
"5669","MAGED2",0.0205079678136534,0.0497621229571011,3.31438511077116,0.928985983876606,3.48436949160034
"5670","MAGEE1",0,0,0,0,0.00169126248217625
"5671","MAGEF1",0.0949047561605552,0.629829769775729,0,0,3.00396165669346
"5672","MAGEH1",0,0.150399681176515,0,0.288623131957863,3.99433726228124
"5673","MAGI3",0,0,0,0,0.00262622336308561
"5674","MAGOH",0.0125830432102926,1.18642962685159,0,0.471811452075346,1.01966043749334
"5675","MAGOHB",0.930143134942441,0.858596294280027,0,0.0968961195408124,3.79939853169249
"5676","MAGT1",0.604011230877197,0.202696535123682,0,0.239241358896271,1.11629610883299
"5677","MAK16",0,0,0,0.661668581994849,0.0327121601382559
"5678","MAL",0,0,0,0,0.313401874865297
"5679","MALAT1",0.257194218605457,0.0214524266768526,0.761681811069496,0.15009659388755,0.204628926777735
"5680","MALSU1",1.75270081930209,0.47084243092772,0,0.000780459388926027,2.21084635410524
"5681","MALT1",0.525881020153821,0.0544044234329258,0,2.40956253127119,0.821644001589096
"5682","MAMDC4",0,0,0,0,0.0597734821738257
"5683","MAML1",0,0.156719589329792,0,0.241532196549553,0.00339361709860526
"5684","MAML2",0.477698245399323,2.51752164878348,0,2.3441447796401,1.17262588909533
"5685","MAML3",0,0,0,0.414042986332529,1.5193268388298
"5686","MAMSTR",0,0,0,0,0.0368603278835926
"5687","MAN1A1",0,0.016049892431484,0,1.49961411813299,0.244866903821915
"5688","MAN1A2",0.458698153436079,0.0753966270413116,0,0.11985003120461,0.00107908937149141
"5689","MAN1B1",0.385467804880403,0.0241551047671075,0,0.621031711207118,1.55270879028399
"5690","MAN1B1-AS1",0,0,0,2.9881872422569,4.44768864608854
"5691","MAN1C1",0,0,0,0.298067206296683,0.455299041479693
"5692","MAN2A1",1.81521422847951,0.00359855023656921,0,0.49181478780995,0.89506557725926
"5693","MAN2A2",0,0.132926612303126,0,0.656083837528676,0.0117125977285647
"5694","MAN2B1",1.56293900766681,0.0682513018324834,0,0.136655757735975,0.133409177788534
"5695","MAN2B2",0,0.308088337525049,0,0.241140630969144,0.0548126420936041
"5696","MAN2C1",0,2.28353269967991,0,0.00433401646540327,1.53094136181226
"5697","MANBA",0.0638716219456872,0.0193818624991881,0,0.452558039019429,0.624160387078415
"5698","MANBAL",0,3.75237988730896,0,0.930575115690455,0.025695767094732
"5699","MANEA",0,0,0,0.146745428149381,0.118222314705975
"5700","MANEA-AS1",0,0.0205704652124547,0,0.00339071200787866,0.0401433131758723
"5701","MANF",0.0719861279133685,0.402808007515073,0,3.8774589350229,0.143884751703139
"5702","MANSC1",0,0,0,0,0.147083206456908
"5703","MAP1A",0,0,0.0158525836084213,0,0
"5704","MAP1B",0,0,7.41717962987782,0,0
"5705","MAP1LC3A",0,3.71925915240935,0,0.457225645236875,2.53980381668923
"5706","MAP1LC3B",1.1183218416436,0.131969989883267,0.13838894600867,3.89952896558836,0.506903607959364
"5707","MAP1LC3B2",0,0,0,0.00178678503776173,0.437267798728891
"5708","MAP1S",0,0.236989212101907,0,0.0841924900446426,0.308279856066278
"5709","MAP2K1",0.15404270954381,0.259436829553896,0,11.9798651602766,0.405382812048625
"5710","MAP2K2",0.603702849534237,0.252662177544743,0,0.468861812417376,0.0755015785229761
"5711","MAP2K3",1.23029957864975,3.46592180332931,0,0.0308218536204073,0.00164603164562266
"5712","MAP2K4",0,0.0979480294813498,0,0.492721394564022,0.0155387970986548
"5713","MAP2K5",0,0.00226001894944281,0,1.28285761350142,0.462996124215102
"5714","MAP2K6",0,0,0,14.404662555256,0.991969354898363
"5715","MAP2K7",0.14673249919405,1.65192068512743,0,1.08799757172084,2.14410446486234
"5716","MAP3K1",10.9689350313233,1.04304169311531,0,1.36305319223719,1.02465570031184
"5717","MAP3K10",0,0,0,0.0036374364206553,0.150771313511407
"5718","MAP3K11",0.612886278840285,5.51122926038168,0,2.99478735208822,1.56160138382801
"5719","MAP3K12",0,0,0,7.05002061824473e-05,0.419504970533479
"5720","MAP3K13",1.79422176357782,1.45050369858445,0,0.00171786040016366,0.43303111057551
"5721","MAP3K14",0.467578807938627,0.974537329630975,0,3.02699445594914,1.81097764261143
"5722","MAP3K14-AS1",0,0,0,0,0.108954473655564
"5723","MAP3K2",0.256256421449889,1.92087109975628,0,1.90386259787999,1.02932287544163
"5724","MAP3K3",0,6.58022699535635,0,0.454310209309882,4.9940260034279
"5725","MAP3K4",0,0.446889883160075,0,0.0764818139260811,0.825496902055565
"5726","MAP3K5",0,5.11915322861586,0,0.00599231843030416,1.85487642972571
"5727","MAP3K6",0,0,0,4.31043523044515,0.138088281776616
"5728","MAP3K7",0.473105122361295,1.45104809764736,0,1.03942660565793,0.179316352572679
"5729","MAP3K7CL",0,0,0,2.10885038360125,1.50838097892339
"5730","MAP3K8",5.56361531946946,0.0309930205839939,0,6.77426513549266,1.55746951592535
"5731","MAP3K9",0,0,0,0,1.60740813524892
"5732","MAP4",1.5151292680606,2.86470019738412,0,0.513502962025194,0.0365013598050372
"5733","MAP4K1",1.27641812893441,0.000745515136695124,0,1.08708893254316,0.306929425895221
"5734","MAP4K2",0.694326365219856,0.152870579140489,0,6.75672988218538,5.5861609887715
"5735","MAP4K3",0,0,0,1.14471642210046,1.06621044058581
"5736","MAP4K4",2.98217053812148,4.87784475370079,0,5.56403807837732,0.00362294216296141
"5737","MAP4K5",1.08146204446181,1.08366129864408,0.719994093299616,0.704691292572183,0.427425931475579
"5738","MAP6D1",0,0,0,0,0.905209345951164
"5739","MAP7D1",0.000403899328243238,0.959791977345719,0,1.48624565790814e-07,1.25100449590869
"5740","MAP7D3",0,1.94391975012298,0,1.85759752291091,1.16945042245794
"5741","MAP9",5.58098852947143,0,0,0,1.49630532368792
"5742","MAPK1",0.164989937529486,1.47637786390444,0,1.00157086505498,4.16274477128388
"5743","MAPK11",0,0,0,0,1.25904252623941
"5744","MAPK13",1.59024351045286,4.0486164634229,0,0,0.380617495520112
"5745","MAPK14",0.182601435879873,0.371619418099983,0,0.804746039266712,0.0817369172603243
"5746","MAPK1IP1L",1.84291213800495,0.00963751766423302,0,1.41358548979228,3.96403239089669
"5747","MAPK3",0,0.579958292280063,0,0.195462008548081,0.186865440336833
"5748","MAPK6",1.29906075960077,0.0312058032618157,0,1.37893257801631,2.28469206934981
"5749","MAPK7",0,0.133237715786609,0,2.55211778000514,0.112883745410435
"5750","MAPK8",0,2.62067713005691,0,3.40145831010077,1.76710551907091
"5751","MAPK8IP3",0.0385507334349299,0.0842297754738316,0,0.180150630567467,1.49521019824837
"5752","MAPK9",0,1.27900671510322,0,3.71223397734215,1.75433688139576
"5753","MAPKAP1",0.0114926368995841,5.69323906465644,0,0.0039579875107495,1.50021019630879
"5754","MAPKAPK2",0,3.16506859757028,0,4.88560422930758,2.07429538931597
"5755","MAPKAPK3",0,2.15742471081419,0,3.60991732453651,3.98983856282328
"5756","MAPKAPK5",0.780763629592017,2.2426157355311,0,0.491596314898484,2.85430255527026
"5757","MAPKAPK5-AS1",2.01568493448348,0.0610839088606691,0,1.33376092320893,3.66446326937617
"5758","MAPKBP1",0,0,0,0,0.814692497902357
"5759","MAPRE1",0.839629430035414,0.588446138809423,1.7299422106848,0.0112361640434516,2.05942276690208
"5760","MAPRE2",0.451875741801567,0.292378337507527,0.0125978735484285,1.95390786236945,0.0851680758086793
"5761","MAPRE3",0,0,0,0.652783769291225,0.948860628724579
"5762","MARC1",0,0,0,19.2100873914792,0
"5763","MARCH1",0.361317220552194,0,0,5.82246366087925,0
"5764","MARCH2",0.0782841113595878,0.239344013441944,2.37849350412852,1.3523738294827,0.354321901663951
"5765","MARCH3",0.0103123663351172,0,0,0,0.00448307986857735
"5766","MARCH5",0.578923896180734,0.204160813356998,0,2.45244191691629,0.216968864994201
"5767","MARCH6",0.273985618902872,0.222132966782784,0.63137932369576,0.166127568664871,0.0563185541982596
"5768","MARCH7",0.218980574777597,0.0197510659878088,0,0.911829791372768,1.62842250033797
"5769","MARCH8",0.268501486331643,0.13570835644887,0,0.857937397061126,0.739250865624398
"5770","MARCH9",0.822685534155383,0,0,0,4.58519343383301
"5771","MARCKS",0.170738140468669,0,0,0.0133482685246608,0.210593006989331
"5772","MARCKSL1",4.58570163117136,2.4130022228293,0,5.38283118967521,0.83494613490161
"5773","MARCO",0,0,0,0.732346611144116,0
"5774","MARK2",0.0378450586242011,3.20018942551831e-05,0,3.80060184393299e-06,0.434052160160457
"5775","MARK3",0.103524666848068,1.24638078598033,0,1.1728872962879,1.89919897427289
"5776","MARK4",0,0,0,1.4431401189545,0.570718713040376
"5777","MARS",0.133670674231392,0.142443775342546,0,0.163041275229817,0.0125413842295217
"5778","MARS2",0,0,0,0,0.122319105900444
"5779","MARVELD1",0,0,0,3.64971150830267,0
"5780","MAST2",0,0,0,0.179668312681435,0.0230324279405926
"5781","MAST3",0.181842857434054,0.154994463977549,0,0.0817815123928515,0.127386339713407
"5782","MAST4",0,0,0,0,0.326274801717655
"5783","MASTL",0,0,0,1.40675934826101,3.24901831186306
"5784","MAT2A",0.210499089377295,0.339440557859551,0,1.58012761892203,0.867955531615105
"5785","MAT2B",4.09556926511378,0.0479455434759345,0,1.23886912561219,0.620573093126601
"5786","MATK",0,0.152961142703471,0,0,0.0303628920359017
"5787","MATN1-AS1",0,0,0,0,3.54237009929058
"5788","MATR3.1",0.0343372358201054,4.74061929071491e-07,0,0.0578865032497787,0.249677720854873
"5789","MAU2",0,4.68855517331602,0,0.34976349614723,0.868602520258932
"5790","MAVS",0,1.10618234612822,0,0.0948996631529789,0.0214274422136552
"5791","MAX",0.988179750762038,0.591130776543174,0.000404172588560011,4.37647195252471,0.731945874093565
"5792","MAZ",0.154873026522857,1.22078073944842,0,0.216762016391172,0.251883134458751
"5793","MB21D1",0,0.66151909161806,0,0.191351325480456,1.09444636259057
"5794","MB21D2",0,0,0,0,1.59052860745186
"5795","MBD1",0,0.0130317231515109,0,0.260478441042211,0.419324088540438
"5796","MBD2",1.33576655016569,0.066359800212385,0,3.49162084649141,0.0411101886899762
"5797","MBD3",0,0,0,0.439405468954775,0.110441668264933
"5798","MBD4",11.9619385210157,0.193196366950112,0,2.67896405948357,3.41591727235969
"5799","MBD5",0.119503482024432,0.0133296380906693,0,0.237202613027427,0.148466105356421
"5800","MBD6",0,1.30643832773517,0,1.71699245923242,4.922779901592
"5801","MBIP",2.69765141627205,5.07930857510476,0,0.878967522262722,0.695774329584083
"5802","MBLAC1",0,0,0,0,0.792762885970258
"5803","MBLAC2",0,0,0,0,0.303603208575785
"5804","MBNL1",0.0083089090691299,0.0347501328343724,2.48477376473719,0.446398982299329,0.0174326970237147
"5805","MBNL1-AS1",0,0,0,0,3.10423688422329
"5806","MBNL2",1.3556455344603,0.754570667732863,0,0.00366036581020292,0.69406789191916
"5807","MBNL3",0,0.365775051368338,0,1.2217406701687,1.26954176346736
"5808","MBOAT1",0,0,0,2.95665278796655,0.00841602152714259
"5809","MBOAT2",0,0,0,0.248296895348639,0
"5810","MBOAT7",0,0,0,1.25994507955949,0.368094135202555
"5811","MBP",0.0975097756115023,0.0458673431286278,0,1.36021944495271,0.00781537866808277
"5812","MBTD1",0,0,0,0.0295006936644286,0.182935938004734
"5813","MBTPS1",0.429557322519421,0.173973407335648,0,1.44962893729712,0.0050764029434878
"5814","MBTPS2",0,0,0,2.68985104702858,0.00447927038262841
"5815","MCAT",0,0,0,7.41332247729753e-05,0.00167745377525716
"5816","MCC",0,0,0,0,0.0747368737864633
"5817","MCCC1",0,0,0,3.12480085332578,0.377562218760293
"5818","MCCC2",2.67489095953749,0.0359863060080366,0,0.303525794304541,2.95088866624832
"5819","MCEE",0,0,0,1.39002232096266,0.152183415027639
"5820","MCEMP1",0,0,0,35.0367146687768,0
"5821","MCF2L",0,0,0,0,0.967130748599296
"5822","MCF2L-AS1",0,0,0,0,0.478277432151904
"5823","MCF2L2",0,0,0,0,1.79446174813649
"5824","MCFD2",0.212871928754904,4.43132153269927,0,0.0143318543010012,0.799584646968189
"5825","MCL1",3.21635769536685,0.728503421576742,0,5.70678508355808,3.75203915730647
"5826","MCM2",0,0,0,0,0.0142943876863051
"5827","MCM3",0,0.276867837141057,0,0.00182986154638361,1.47710721591778
"5828","MCM3AP",0.0184791109260759,1.22293074923315,0,0.309972163193847,0.775571679422896
"5829","MCM3AP-AS1",0,0,0,0,0.268987700089793
"5830","MCM4",0,0,0,0,0.373720740859111
"5831","MCM5",0.514197520727919,1.02895280308189,0,2.87754854656232,0.22812082973742
"5832","MCM6",0,0,0,0,4.34648732375399
"5833","MCM7",0.0433390811157216,2.54694160650314,0,1.76011825623552,0.0106347800568539
"5834","MCM8",0,0,0,0,2.10535495696419
"5835","MCM9",0,0.303182576014304,0,1.63488417122594,2.58696266488104
"5836","MCMBP",0.180400851280547,0.0386087995660974,0,3.95927401187136,0.145050428144841
"5837","MCOLN1",0,1.01938733530825,0,0.695647837782034,0.00234231049619149
"5838","MCOLN2",0,0,0,0,0.00711862158351051
"5839","MCOLN3",0,0,0,0,0.000129852211435058
"5840","MCPH1",0.00738983660579048,0.00668689641983193,0,0.322955294235041,0.112386082627124
"5841","MCRS1",0.130697056650135,0.286290401717959,0,0.0142218888177732,1.40674459260327
"5842","MCTP1",0,0,0,1.67154283507154,0
"5843","MCTP2",1.28956775806461,0.553019549294899,0,6.64494463458517,0.203330115544858
"5844","MCTS1",1.68844121347816,3.06312966218523,0,0.255728464835355,4.01311604630244
"5845","MCU",0,0,0,0.158863918121652,0.00060236665969992
"5846","MCUR1",0.822591021962117,0.174846880960328,1.87836198633228,1.24234319942717,3.77768412656884
"5847","MDC1",0,0.338110021697134,0,0.311022997694514,2.60759564924021
"5848","MDFIC",0,0.0903228258461248,0,0.316792596738393,4.66557784686915
"5849","MDGA1",0,0,0,0,0.729233784016993
"5850","MDH1",0.138591042950019,0.215415864688688,0,1.2735479710102,1.29499845706444e-05
"5851","MDH2",0.359011690871675,0.189376319282159,0.01524234224381,0.463314865891726,2.37303681806419
"5852","MDK",0,0,0,0,0.487704531411718
"5853","MDM1",0,0,3.56436637959465,0.0555673879178813,1.69086143345985
"5854","MDM2",0.0093721930091215,1.56255276415014,0,11.0656995790022,1.11306424738921
"5855","MDM4",0.0957201042427733,0.439661467384353,0,0.0523901576586209,0.0812015462980255
"5856","MDN1",0,0.124125643127526,0,0.27406179284842,1.97992279863776
"5857","MDP1",0,1.25862778267566,0,0.152995080329413,0.476414820638764
"5858","MDS2",0,0,0,0,0.0146320894070935
"5859","ME1",0,0,0,3.20230081640574,0.707075996204997
"5860","ME2",0.492037492989684,3.89075568955167,0,4.41976290112817,7.82895271072917
"5861","ME3",0,0,0,0,0.595630776258472
"5862","MEA1",0.359986993219019,1.85277304004631,1.44041942207603,1.11599558312069,1.29379978259729
"5863","MEAF6",0.286137199238128,1.38988368474917,0,0.372645294799345,0.467475659655909
"5864","MECP2",0.837868464102402,0.138129242510131,0,2.22832934190785,2.23917309324843
"5865","MECR",0,0,0,0.249768019454762,3.23509003660937
"5866","MED1",1.29325725548911,0.0666644915534067,0,0.020086053405881,0.198404310209767
"5867","MED10",0.426916044288375,0.679997946709614,0,1.29331034743581,3.6302264440922
"5868","MED11",0.106061730651295,2.11303781877845,0,0.20621705981917,3.25241948688075
"5869","MED12",0,0.121565585823558,0,0.29127634137656,0.535317689481934
"5870","MED13",0.0345892707626683,0.501591798477441,0,0.68828903396601,1.04250645825625
"5871","MED13L",0.0162952496597067,2.28207065280048,0,0.708021049077621,9.61179298743999e-06
"5872","MED14",0,4.03369523887659,0,0.121212495090739,2.99550667257867
"5873","MED14OS",0,0,0,0.140751668001093,1.67798498637321
"5874","MED15",0.0739751439822588,1.39583053798708,0,8.75029428734987e-07,0.341977784584252
"5875","MED16",4.91481208819048,0.551768194642898,0,3.6968014400519,2.21177417738704
"5876","MED17",0.00954630543369378,0.338485600732036,0,2.29115806095134,1.3502815746536
"5877","MED18",0,0,0,0,0.311121122586357
"5878","MED19",0.152992278011647,0.142143813280381,0,0.000216523621140844,0.378462639256225
"5879","MED20",0,0,0,0,0.235898226802862
"5880","MED21",3.8524015576775,5.21660477676197,0,0.540717934324942,3.45626428732463
"5881","MED22",0,0,0,0.0518506514263588,0.795743191318717
"5882","MED23",0.00401430605111306,1.73691380549666,0,0.576529265068239,0.466642781846058
"5883","MED24",0,0.0667359271553461,0,0.736358479461276,0.973762999205319
"5884","MED25",0.0144022377563733,0.0137800341385817,0,0.588366469989219,0.242331624597625
"5885","MED26",0,0,0,2.41099524013797,0.367685204056457
"5886","MED27",1.70269691457125,0.0308616959185621,0,0.429892466753835,0.854877089201925
"5887","MED28",0.0150211240174223,0.381353326859488,0,1.4573524403198,0.393415087943269
"5888","MED29",0.18096014540673,0.000304719752249966,0,0.0611081167862899,0.678613638860904
"5889","MED30",0.66835354060186,1.21225319283268,0,5.58829625640753,2.14611926889876
"5890","MED31",0.293609517500425,0.178554934270074,0,0.966833984075698,0.363511378491428
"5891","MED4",0.0549615857551089,0.127181683940555,0,0.000518503496194947,0.00111595491807855
"5892","MED6",0.0189830925086683,0.604847488363071,0,0.0493535728393004,0.022411555678899
"5893","MED7",0.727421067268628,1.52108132327743,0,0.0677940979311731,0.573792977522331
"5894","MED8",1.42239296616403,5.02221153379029,0,2.02829116769957,4.19601754281921
"5895","MED9",1.59303568597259,0.0909157680383608,0,2.73627423810212,5.56390430471679
"5896","MEF2A",1.15898268564435,0.803912051981508,0,0.581224495760307,0.0674215425659461
"5897","MEF2C",3.56589080322887,2.54714308511279,6.26901830109653,0.411311586434462,0
"5898","MEF2C-AS1",0.398156486528445,0,0,0,0
"5899","MEF2D",0.237507499130535,10.6444258992523,0,0.0377246892205845,6.08052479010574
"5900","MEFV",0,0,0,1.373164196292,0
"5901","MEGF6",0,0,0,0,2.65584081215026
"5902","MEGF8",0,0,0,0,0.474885853510291
"5903","MEGF9",0,2.33824890053799,0,11.4423666005964,0.200102560790775
"5904","MEI1",0.604203334813969,0.4018167444483,0,1.2817894121734,4.85398292925998
"5905","MEMO1",0.055127450588284,0.0603451971401725,0,2.82738470417586,1.16830645408595
"5906","MEN1",0,0.214529029280109,0,6.00073568730669,0.391611657487894
"5907","MEOX1",0,0,0,0,7.96742211235388
"5908","MEPCE",1.07395438490666,0,0,1.00962815344314,1.06433100060964
"5909","MERTK",0,0,0,18.5186491128818,0
"5910","MESDC1",0.0687863528329138,0.42098687431394,0,0.877080641613412,0.0182834158412296
"5911","MESDC2",1.09188718177505,1.11224427831656,0,0.911021021627099,0.14029827010205
"5912","MESP1",0,0,0,0,2.24527273257718
"5913","MEST",0,0,0,0,6.38417193677272
"5914","METAP1",0.19058793877211,0.544638672087636,0,1.07231837317789,0.383197046807752
"5915","METAP1D",0,0,0,0,2.20438423750059
"5916","METAP2",1.32701438996463,0.272740601410191,0,0.0638248089190677,0.501753560202974
"5917","METRN",0,0,0,0,0.573085032836073
"5918","METRNL",0,8.41372009005216,0,9.01767272926126,0.647558305165951
"5919","METTL1",0,0,0,0,3.91570718625706
"5920","METTL10",0.00930242073479136,0.0492658337827614,0,0.675747499633927,0.0196251710234674
"5921","METTL12",0.69763815407588,0.560307066533961,0,0.0638363158469335,1.01488677143272
"5922","METTL13",0,0,0,0,1.49129070107004
"5923","METTL14",0.423179721248506,1.01098951285775,0,0.436038354608482,0.925790184166688
"5924","METTL15",0,4.78956313991417,0,7.51011746282681,0.303633430840876
"5925","METTL16",0,0.375783764232579,0,6.02730596192499e-06,2.88214939542317
"5926","METTL17",0.23270334996665,1.44083636505589,0,1.29391878618557,1.57895477679656
"5927","METTL18",0,0.077382379620891,0,0,0.121495572119356
"5928","METTL21A",0.683206977738666,5.66653816037371e-05,0,2.21313291364682,0.446403275605513
"5929","METTL22",0,0,0,0.457064687531511,0.059243969898361
"5930","METTL23",0.238043224308845,0.000399434201866486,0,1.5693352605235,1.48649482447172
"5931","METTL25",0,0,0,1.2418076302572,3.59659154902464
"5932","METTL2A",0,0,0,0,0.766215192531855
"5933","METTL2B",0,0,0,0.303716296069798,2.64258046695474
"5934","METTL3",0.802912652002275,0.000656215682280981,0,1.70073771071264,0.0283988166119863
"5935","METTL4",0,0,0,0.327822938187034,2.02600747982555
"5936","METTL5",0.177811214846209,0.435570539201989,0,0.137067685751193,0.458741267142074
"5937","METTL6",0,0,0,1.25471958763252,0.938017500209117
"5938","METTL7A",0.000146833725744161,0,0.647153317805376,5.78649801306994,0
"5939","METTL8",3.4657009259434,0,0,3.55675377650212,0.00365580196942728
"5940","METTL9",1.91887353809725,0.250410506925222,0,0.00380823028875438,1.30401071574631
"5941","MEX3C",0,1.63311854968543,0,2.80456342182187,0.0251759177447267
"5942","MFAP1",0,0.174978229813728,0,0.00923477039420363,0.33855252979703
"5943","MFAP3",0,0,0,0,0.146323022350712
"5944","MFAP3L",0,0,2.40106817930393,0,0
"5945","MFF",0.00216017891333988,0.620330802690641,0.194107116765717,1.95948651396351,0.943788396776752
"5946","MFGE8",0,0,0,0,2.51421269643316
"5947","MFHAS1",0,0,0,0.0283257532379567,0.032234270297419
"5948","MFN1",1.45974793126998,2.35163036904209,0,0.731571345044622,0.279517351950189
"5949","MFN2",0,0.486378336870333,0,0.0580094823184873,0.0560754397411686
"5950","MFNG",1.13618694867234,1.54486084315497,0,3.81696400731894,0.0134846253287785
"5951","MFSD1",0.104906393692969,0.0920991422077028,0.519984916416644,11.1605765586123,1.00741597498631
"5952","MFSD10",5.15691473308436,0.591343579828172,0,4.49102117351701,0.267557466501772
"5953","MFSD11",0.0187572821724297,0.155130422974697,0,1.95097625598739,0.00160439321672685
"5954","MFSD12",0,0,0,10.586157403932,2.82598351569487
"5955","MFSD13A",0,0,0,0.85328651056174,0.714855167039259
"5956","MFSD14A",1.7640700387529,0.825617384129395,0,0.170622110042808,0.800229014556385
"5957","MFSD14B",0,0.603607428207849,0,0.355721288979593,0.363545781723238
"5958","MFSD14C",0,0.535908768849214,0,0.355555414613362,0.0149009871619439
"5959","MFSD2A",0,0,0,2.89261365383147,0
"5960","MFSD2B",0,0,0.496662133344042,0,0
"5961","MFSD3",0,0,0,1.02875647408783,1.729019680943
"5962","MFSD5",0,0.946400318323105,0,0.0390480010226338,1.27937721205799
"5963","MFSD6",0,0.0664939063171489,0,0.0545472505590435,0.0144890903644128
"5964","MFSD7",0,0,0,0.00711402051292453,0
"5965","MFSD8",0,0.158022531471702,0,0.0112742346672225,0.345709859666865
"5966","MFSD9",0,0,0,0,0.305187419845208
"5967","MGA",1.85292157278331,1.50908165426095,0,0.502471374344005,2.43596192892665
"5968","MGAT1",2.09013125836995,0.872599571596603,0,1.30450344410316e-05,1.49630092658019
"5969","MGAT2",0.157221797513717,0.238574663820659,0,0.0702863639493623,0.0091459813475027
"5970","MGAT4A",1.28755726978767,4.27116528954726,0,0.374946771405443,1.38008887360828
"5971","MGAT4B",0,0,0,0.424170659101767,0.859153655746034
"5972","MGAT5",4.65907226940215,0,0,0.557047128891675,0.0309607305470679
"5973","MGEA5",0.149849803646497,0.538481569473255,0,0.138133086423605,0.818867476442554
"5974","MGLL",0,0,1.15265267921218,7.16453415674464,0.753549498778735
"5975","MGME1",0,0.156495626780084,0,0.141387744906988,0.0917154374792788
"5976","MGMT",2.30121019834868,0.412683681075433,0,0.479973608843271,0.240668214462883
"5977","MGP",0,0,0.22102013662966,0,0
"5978","MGRN1",1.39365917389069,1.70244217582101,0,1.75223506549466,1.34401365600987
"5979","MGST1",0,0,0,0.831484032746021,0
"5980","MGST2",0,0.672154429945077,0,2.82071208376947,0.185694700822536
"5981","MGST3",0.307250934471361,0.0066978801696773,0.0439458909354992,0.973053847889276,0.201761579788716
"5982","MIA3",0.0841124159839023,1.13875119155167,0,0.165583505082739,0.655101571364596
"5983","MIAT",0,0.0838139157027906,0,0,0.571525779702236
"5984","MIATNB",0,1.72486138240998,0,0.109155831780679,0.416930893461298
"5985","MIB1",0,0,0,1.01627936317645,0.753538887888033
"5986","MIB2",0.144208714585544,1.60475616397384,0,9.30963478157373,0.563548020603006
"5987","MICA",0,0,0,3.30518430854,0.504179757628255
"5988","MICAL1",1.80001915437097,1.6480571133676,0,0.723161356235956,0.827344877392798
"5989","MICAL2",0,0.245622150227364,0,1.48711523525313,0.185892517052523
"5990","MICAL3",0.487307628669291,0,0,0,4.82399753433445
"5991","MICALL1",0,0,0,0.0179218460227154,0.974947896248803
"5992","MICB",0,0.00736005137425198,0,0.847083786163871,4.42261687596211
"5993","MICU1",0.0528009629108708,5.01793291580655,0.00578595265078098,6.49016962566486,2.22989150339154
"5994","MICU2",2.75466408471843,0.393158094535682,0,0.30072974363723,1.47499882426105
"5995","MICU3",0,0,0,0,0.34041979148832
"5996","MID1IP1",1.39119635122078,0,0,2.36084910854162,4.99624559005877
"5997","MID2",0,0,0,0,0.619321809734402
"5998","MIDN",7.20514088984731,2.43950520637829,0,2.15452207964499,1.20849506361262
"5999","MIEF1",0,6.52367101902477,0,7.71975943446139,2.4765664859865
"6000","MIEF2",0,0,0,0,1.8435152774359
"6001","MIEN1",1.55147763467263,1.46018600595547,0.607185734822021,0.630295580670507,2.86219596624815
"6002","MIER1",0.311483528024667,0.499549900153189,0,1.43887825446734,2.60771841722559
"6003","MIER2",0,0,0,0.461134810804814,1.89643842518247
"6004","MIER3",0,0,0,2.36832800474062,2.88865125152483
"6005","MIF",0.502932096105266,0.187406285797609,12.077094485964,0.248215273425795,0.151318940605595
"6006","MIF-AS1",0,0,0,0,9.1325849881433e-06
"6007","MIF4GD",1.3912652911075,1.31837023065356,0.0331057393578655,0.343182544706054,3.76302151539142
"6008","MIIP",9.39813782166123,1.45805997593185,0,8.50370682095308,1.67737202550532
"6009","MILR1",0,0,0,14.3337144912326,0
"6010","MINA",0,0,0,1.72029644914065,1.15616608891023
"6011","MINCR",0,0,0,0.026655829430742,0.0121167556511706
"6012","MINK1",0,0.306982436930203,2.75376335108157,1.7834154181834,0.923952288176727
"6013","MINOS1",0.0177114381078908,0.112065596481366,0.0375252890800283,0.057273033006238,0.250286898761112
"6014","MINPP1",0,0,0,0.619550725684296,0.000707739607867397
"6015","MIOS",0.981223183828853,0.0229683074552334,0,4.93710708555653,0.23939074237763
"6016","MIPEP",0,0,0,0,0.129083002738234
"6017","MIR155HG",1.09078491671942,0,0,0,1.12755569488539
"6018","MIR181A1HG",0,0.227418987756656,0,68.6937181312041,13.1051456800479
"6019","MIR181A2HG",0,1.46779592618157,0,0,0
"6020","MIR194-2HG",0,0,0,0,0.0360317939898345
"6021","MIR222HG",0,0,0,3.14343418817935,0.153465363524727
"6022","MIR22HG",0,0.140745512977984,0,2.02414279766685,1.73483878144666
"6023","MIR4435-2HG",0,0.88980451547585,1.14460336323169,9.44877568578833,0.0369529703268119
"6024","MIR4458HG",1.51178130418232,0,0,0,0.0226457495792631
"6025","MIR646HG",0,0,0,0,0.92696523260332
"6026","MIR762HG",1.90720364780725,0.288349923762933,0,0.116546276684668,1.33267772354942
"6027","MIR9-3HG",0,0,0,0,1.50322850202663
"6028","MIRLET7BHG",0,0,0,1.1062834120221,0.218782412684385
"6029","MIS12",0.760472362775642,0.0974526018713075,0,0.115816443275741,0.173139727930834
"6030","MIS18A",0,0,0,3.25733248946814,0.121320690434106
"6031","MIS18BP1",0.111206615338362,0.351632106432784,0,1.10449103838266,0.143720219540951
"6032","MITD1",0.00156480722786665,1.9142562776998,0,3.00143085578366,1.28399432930101
"6033","MITF",0,0,0,1.14752645080122,0
"6034","MKI67",0,0,0,0,4.64243288993297
"6035","MKKS",0.291963933075302,1.76825484732522,0,1.87278413680716,0.0681693749736079
"6036","MKL1",0,0.112019863453434,0,2.41092089710591,0.00029418525341544
"6037","MKL2",0,0,0,0,0.118242066251041
"6038","MKLN1",3.2081710737161,0.200448870187719,0,0.0688359550573334,0.225308326969325
"6039","MKNK1",0.00965772021349038,0.252629161179663,0,0.0207368688883039,0.392371418707792
"6040","MKNK2",5.4175522133473,0.0417862630001864,0,0.0177410081798374,0.915624430504687
"6041","MKRN1",0.40295911323651,5.58250508347807,3.90176805673251,1.15148083989472,1.5674679580531
"6042","MKRN2",0,0.339031806441417,0,2.88011768128141,0.00339433131521976
"6043","MKS1",0,0,0,0,0.968392961903246
"6044","MLC1",0,0.553415737352231,0,3.01614794003134,0
"6045","MLEC",0.487203489911991,0.0627260524257974,0,0.780930321159238,0.345218730397972
"6046","MLF1",0,0,0,0,2.56005209811722
"6047","MLF2",0.0369863170835675,1.79049728122419,0,3.28190158572697,2.22972996139686
"6048","MLH1",0.0830436601676667,0.858651768474943,0,0.355062912805519,2.65154411463334
"6049","MLH3",0,0,0.575042637630504,0.131318830388447,3.42477633048323e-09
"6050","MLKL",0,0,0,8.38892286154982,0.783714476101745
"6051","MLLT1",0,0,0,0.0352835666157699,0.128439084922677
"6052","MLLT10",0.13229152295489,0.828794249303389,0,5.68683749306864,0.0332298255092593
"6053","MLLT11",0,0.11776780472301,0,0,1.973139014631
"6054","MLLT3",0,1.25609490002529,0,0,0.0659126681871763
"6055","MLLT4",0,0,0,0,5.96237067073359
"6056","MLLT6",4.18497405810633,0.342070634471544,0,1.7621100992079,1.12967526622904
"6057","MLST8",0.00940725512073026,0.000405198516328364,0,4.11442945818837,1.01017532817775
"6058","MLX",1.32400974796846,1.26832451932091,0,1.30366602562806,0.0199393897781267
"6059","MLXIP",0.651626227044178,0.0389260825408748,0,1.1740894106447,1.86383974662331
"6060","MLYCD",0,4.87142665295793,0,0.794594621729117,0.900302793037917
"6061","MMAA",0,0,0,0.00482034064216059,1.48450143263843
"6062","MMAB",1.44474206513466,0.290845991391313,0,1.73571792428337,1.16245538185919
"6063","MMADHC",0.191526424143231,0.688064018784166,0.721964764163736,2.66454348697506,0.857126150911775
"6064","MMD",7.32433895399068,2.28999604498363,0.00111252801577072,0.630030910812585,0.00343008367532382
"6065","MMEL1",0,0,0,0,1.92531856979384
"6066","MMGT1",0.135132458932446,0.226359294327063,0,5.21711967182701,0.81824612732589
"6067","MMP17",0,0,0,0.0210106252114284,0
"6068","MMP23B",0,5.25412576804417,0,0,0.517611582277707
"6069","MMP24-AS1",0.196523582656015,0.106918128554249,0.201764845295313,1.93695096050267,0.466470938255936
"6070","MMP25",0,0,0,3.88821371963973,0
"6071","MMP25-AS1",0,0.00582216959519021,0,0,0.0508256620590316
"6072","MMP28",0,0,0,0,7.42214945089413
"6073","MMRN1",0,0,8.1499466162331,0,0
"6074","MMS19",0,0.124728807564123,0,1.01396289693348,0.00453338340805148
"6075","MMS22L",0,0,0,2.23329158646065,0.000879269682939615
"6076","MNAT1",1.91464519318451,0.320847180219933,0,2.46091996820351,0.0188056471044072
"6077","MNDA",4.09605048880717,0,0,3.25629576017962,4.39258452447154
"6078","MNT",0.187650696608644,2.72479585563718,0,8.10246567562944,0.848538952973157
"6079","MOAP1",0.0962951650057006,0.0548498605638034,0,0.78333483062979,0.649119446557534
"6080","MOB1A",0.0014925322508177,0.285588099884793,0.207001363258598,0.617188478887913,0.827007288757417
"6081","MOB1B",0,0,0.519106189859451,0.62611092370579,1.62098942914769
"6082","MOB2",1.61285204499987,2.96298258157926,0,0.0921842088930082,0.000112287416219495
"6083","MOB3A",0.764181592659054,0.530659147033858,0,0.614644848491866,2.08439317559629
"6084","MOB3B",2.31383693755182,0,0,1.26292354508521,0
"6085","MOB3C",0,0,0.0870807806901134,1.33047072367479,0.0610338820117681
"6086","MOB4",0.818010325560917,3.02024438839775,0,0.27340776696344,0.642593877592599
"6087","MOCS2",0.0667813940410537,1.09220081499011,0,0.0233094892932523,0.407195396950451
"6088","MOCS3",0,0,0,0,0.855162583872704
"6089","MOGS",0,1.5623215187728,0,3.89560763980771,1.58214902634853
"6090","MON1A",0,0,0,1.86392047563152,6.78236173657616
"6091","MON1B",0,0.00798815204580373,0,3.67123644523272e-05,3.20973032676946
"6092","MON2",0.595451271975841,0.106272089324828,0,0.578282671588213,0.0293326914308021
"6093","MORC2",0,0,0,1.13908964550127,0.374085605448205
"6094","MORC2-AS1",0,0,0,0,0.00777729053493562
"6095","MORC3",1.65548679253592,0.0977313790073069,0,0.000873672662338875,2.02450229967484e-05
"6096","MORC4",0,0,0,0,0.306291779818628
"6097","MORF4L1",1.15648203141688,0.00776995358450056,6.14103756727924,0.0230563105285557,0.627606179473276
"6098","MORF4L2",6.90779752553251,0.113665311092735,0,1.02088343539301,0.707260199520362
"6099","MORN2",0,0,0,0.0167323370075953,0.599207818121238
"6100","MORN3",0,0,0,0,9.00531258990596
"6101","MORN4",0,0,0,0,0.873481999462445
"6102","MOSPD1",0,0,0,3.43856079072227,0.226422857763969
"6103","MOSPD2",0,0,0,4.79940573842541,1.75110997395788
"6104","MOSPD3",0.396484886008739,0.141874542786575,0,1.29985898916517,0.936238781103572
"6105","MOV10",0,0.711265286514717,0,2.27980190422333,0.273097619265381
"6106","MPC1",0.222881361558447,0.0600201775234044,0,8.30164086967922,2.07734775894124
"6107","MPC2",0.15235750509268,0.0105313479693282,0.0389708173774608,8.10453883288776,0.670002337279082
"6108","MPDU1",0.0806262455308316,2.33204647014465,0,1.6504016528291,3.47041727865925
"6109","MPEG1",3.45355123563331,0,0,0.501715647228625,0.0242885734163475
"6110","MPG",0.389418145202146,0.0374926719926569,0,0.769990770279765,0.297180716064392
"6111","MPHOSPH10",0.206830730052356,0.424866503439146,0,0.0259775330594337,0.980153455710968
"6112","MPHOSPH6",0.00359442713988139,0.520825082537296,0,0.0457359635044993,0.661200062512484
"6113","MPHOSPH8",0.273985759462462,0.462432221019764,0,2.49628806531713,0.103799808918737
"6114","MPHOSPH9",0,6.52627102515428,0,0.98193427534481,1.0280706452196
"6115","MPI",0.513527529342158,1.39306097285945,0,0.00564841409600597,0.00503710098255694
"6116","MPLKIP",0.963756854386802,2.35090849484796,0,4.94573467445769,8.49577199688109
"6117","MPND",0,0,0,1.16498989214423,0.12697197860481
"6118","MPO",0,0,0,0.105570020385598,0
"6119","MPP1",0,0,0.0740850362232474,0.485640742936095,7.41385591629618
"6120","MPP5",0,0,0,0.607846083455951,0.610237901839706
"6121","MPP6",2.08433996705409,0,0,0,0.480427424294195
"6122","MPP7",0,0,0,6.17327549254173,0.124435205000402
"6123","MPPE1",0.0740460838175007,1.52533224712281,0,0.671945378420381,0.826218693773428
"6124","MPRIP",0.450673771198851,0.475790416805097,0,0.829701674221972,0.449026603141248
"6125","MPRIP-AS1",0,0,0,0,0.00298397148164878
"6126","MPST",1.95775365907619,0.647146218245294,0,2.68849785624878,0.0359446981148411
"6127","MPV17",0.0830292843750479,2.13090407114111,0,1.05290307268204,4.29895904987123
"6128","MPV17L2",0,0,0,0.0850637946453437,0.357822887388657
"6129","MPZ",0,0,0,2.42425610955165,1.55538212942041
"6130","MPZL1",0,0,0,1.66112635215746,0.0804145281102684
"6131","MPZL2",0,0,0,0.299011231328018,0
"6132","MPZL3",0,0,0,0.29943509248777,10.412485680029
"6133","MR1",1.06356240299479,1.29220867091246,0,0.00833046063737926,0.158130749324667
"6134","MRAS",0,0,0,7.65966374628989,0
"6135","MRE11A",1.13970792674266,1.3307132368357,0,0.00620795579242529,0.576200165491326
"6136","MREG",0,0,0,0,0.0136481211981787
"6137","MRFAP1",0.157402405274962,0.330493439083272,0,4.25210573991151,2.64272076367393
"6138","MRFAP1L1",6.58474511041674,0.091086281710576,0,0.39557181258405,0.582244119365784
"6139","MRGBP",0,0.506129545156071,0,0.637712474800116,0.070559940586387
"6140","MRI1",0.68588073976586,0.274552191870069,0,1.15288627244005,0.0550944408628141
"6141","MRM1",0,0,0,0,2.11205862036301
"6142","MROH1",0,0,0,0.490978865074914,0.286596106764446
"6143","MROH6",0,0,0,0.0245670650541435,0.544373853009679
"6144","MRPL1",0.0480599083053407,0.432973447504875,0,0.976921028910015,1.02185157307575
"6145","MRPL10",1.64201223849559,1.38160080697608,0,2.44052999956685,0.607652215764683
"6146","MRPL11",0.0676122783503186,0.427083521581001,0,0.0623652967593904,4.02746053916676
"6147","MRPL12",1.2419412023834,0,0,0.0134358194384305,0.0841070444977533
"6148","MRPL13",0.0319398837637262,2.82772458590199,0,0.164212737537184,0.537338241984289
"6149","MRPL14",0.0748755008023673,0.646138424158974,0,1.132086701332,6.58813422226126
"6150","MRPL15",0.383334727810237,0.813798478776896,0,0.0461758303296588,2.63000592830496
"6151","MRPL16",2.51026891640122,0.177774724908718,0,0.437895380515663,1.49551201192769
"6152","MRPL17",0,0.379513517791284,0,5.5444759898087,3.00265710266057
"6153","MRPL18",2.81838535410689,0.279514125844552,0,0.448427264102232,0.0147021987650612
"6154","MRPL19",1.56732909943691,0.112452067852164,0,1.11458362131996,1.20459857753901
"6155","MRPL2",0.0340321063684445,0.224632206681632,0,0.931106817404289,2.3752726286995
"6156","MRPL20",0.676868310952054,9.88997816733051e-05,0,0.253044583911103,2.68434318393022
"6157","MRPL21",0.538695222628284,0.0940802612692807,0,0.211327890966611,0.257407930506964
"6158","MRPL22",0.522194995184139,3.37404108414332,0,1.6246703125251,1.38884423322537
"6159","MRPL23",0.160427335806826,0.0281031026914931,0,0.0020793839232959,0.107125391721354
"6160","MRPL24",0.0525172273967411,5.95556327867543,0,2.34627332115342,5.19311202714516
"6161","MRPL27",0.0283162231503084,0.00896648297125144,0,0.194697563961516,0.882854410882137
"6162","MRPL28",2.31363953128238,1.57525695901241,0,0.070280840533025,0.05062278258644
"6163","MRPL3",0.818406513032281,0.0480225391550302,0,0.464522511478221,0.280596545905101
"6164","MRPL30",0,0,0,0.631638207850756,0.0946562174739862
"6165","MRPL32",0.274318838097346,0.0475336375388124,0,2.47604322033501,0.195309880113381
"6166","MRPL33",0.00183855374860832,0.0118097012145045,0,0.459030114274784,0.565489122124452
"6167","MRPL34",0.172392491894217,0.15835451951852,0,0.548627127656099,1.36443869760817
"6168","MRPL35",0,0,0,3.19021185156112,0.059820519852475
"6169","MRPL36",0.0319618687312483,1.77456913536656,0,1.85566996947486,0.0279742568188952
"6170","MRPL37",1.76654231930711,0.00790190300812246,0,0.576794880614397,0.849788209945139
"6171","MRPL38",0,0.0611966888244974,0,1.15461112888014,0.284494766437543
"6172","MRPL39",6.94100509617788,7.89447309451359,0,1.7492490849049,0.0529006754509324
"6173","MRPL4",0.377032722016091,0.616610034140213,0,0.67897044487164,1.15539725898195
"6174","MRPL40",0.0710083376799849,0.241005341066744,0,0.566851186060252,0.473114583101533
"6175","MRPL41",0.0853401409531032,0.987784903512089,0,3.40004813786552,0.313366141807092
"6176","MRPL42",0.0833064719957421,0.00544685473452356,0.83951313589827,1.25896065765606,3.31808017066247
"6177","MRPL43",0.200067562075067,2.80284320930426,0,0.918421227580361,0.632630419440234
"6178","MRPL44",0.00223690226821043,0.123847593650884,0,0.43433903265463,6.54221829417285
"6179","MRPL45",3.93293287025879,0.716625810646212,0,3.75643241345957,0.356463766211614
"6180","MRPL46",1.404490347292,0.0347538062279958,0,0.0380847930523084,0.675943355146561
"6181","MRPL47",0.495210188183017,0.822604019935066,0,0.0239222654860579,0.0474046895178148
"6182","MRPL48",0.802673021205373,2.37346424604,0,0.324028280972432,4.85091452812278
"6183","MRPL49",0,0.373750643511041,0,2.04439307470104,1.28200380013815
"6184","MRPL50",5.0474657173823,0.0627850879269655,0,0.168471634027805,0.543723104413702
"6185","MRPL51",0.342370264685072,0.215454690103515,4.68823023255337,1.05721677190853,3.01687585529552
"6186","MRPL52",0.264913885156401,2.71258184050319,0,2.67947890069696,7.0233194716859
"6187","MRPL53",0,0,0,0.885974147544956,0.697627428580319
"6188","MRPL54",0.44025821546424,2.31876529759096,0,0.244733973789835,0.552426376021554
"6189","MRPL55",0.264531355093288,0.0714402736781894,0,1.80370925760045,0.966692841039953
"6190","MRPL57",0.80158691608227,0.131149357131286,0,0.483594684798963,0.558523072696917
"6191","MRPL9",0.224872727422017,0.0306326306414689,0,2.76500504684723,1.12663360608692
"6192","MRPS10",3.69743443299994,1.66989793176312,0,0.092343817025556,0.523765094061445
"6193","MRPS11",0.0546754019660859,0.0145111778937535,0,0.0284678458104312,2.27295596351144
"6194","MRPS12",0.137936284842659,0.0195628119313267,0,0.0559692193532804,1.55647825830656
"6195","MRPS14",0.0916988704566676,0.000269581841029328,0,2.1438022199643,0.74116521444422
"6196","MRPS15",0.403111164821146,0.985552129542386,0,1.35831417167689,0.0255194429877201
"6197","MRPS16",0.414495028031053,0.71296679742329,0,0.687650921015308,1.8969213751202
"6198","MRPS17",0,0,0,1.01169935816225,0.0104874243657303
"6199","MRPS18A",0.0278907190708422,0.063986293545492,0,0.141611084058827,0.439350891990601
"6200","MRPS18B",1.88660790971441e-06,1.34994690797268,0,0.170390690862227,0.703624037409052
"6201","MRPS18C",0.467535724868858,0.00236994105258605,0,1.82807657762869,0.0982219074813293
"6202","MRPS2",0.492508528900298,0.0357645730333863,0,0.0112611093848632,0.75633743268544
"6203","MRPS21",0.00505826291880893,1.23921637502113,0,0.335077571777559,0.0263354313352309
"6204","MRPS22",3.05343150951987,0.00848826138440805,0,0.875811019426483,1.54879096760901
"6205","MRPS23",3.39247926285239,0.296118039338496,0,0.729621194936934,0.045905032902252
"6206","MRPS24",0,0.00837181087266033,0,0.143503964792622,0.00139577426342511
"6207","MRPS25",0.0568683964491907,0.0206823237134936,0,1.1017213618522,0.189180717065898
"6208","MRPS26",0.0596000936356987,2.293420517682,0,1.66908821645702,2.14689868171723
"6209","MRPS27",5.00388581463565,0.00294140897195417,0,0.491562565514414,2.30520296306246
"6210","MRPS28",0,0.00975582430419742,0,0.401584802348428,5.46577179533659
"6211","MRPS30",0.767206846582614,0.691623685241125,0,0.000612837781629287,0.195113208360756
"6212","MRPS31",0,0.30786756036403,0,0.0507827909689828,3.74661865108477
"6213","MRPS33",0.990382796425002,1.01705473186493,0,0.00121828281034942,3.33846136976925
"6214","MRPS34",3.95191764222919,1.38689587865174,0,3.45087774898495,3.30213503111217
"6215","MRPS35",0.0696929589871117,0.233572725864084,0,2.09239307191147,1.20411400053596
"6216","MRPS36",1.93541686111404,0.004186967853712,0,2.17489254404663,2.54504753230993
"6217","MRPS5",0.793832680391416,0.0164365660240075,0,4.72326089585677,3.27986054815188
"6218","MRPS6",0.843677520272058,0.0860401642985126,0,4.73226704920236,0.450386309613121
"6219","MRPS7",1.00902668178685,0.225598219551908,0,0.309998819249221,0.603375687805419
"6220","MRPS9",0,6.22950706898249,0,0.82051151050761,1.51360470225503
"6221","MRRF",0,0.68129263048385,0,2.00876827087491,0.0299490782238386
"6222","MRS2",6.3303149670515,0.101322873358969,0,0.772555652653603,1.3216652673634
"6223","MRTO4",0.163330939984675,0.31195244707233,0,0.00472223031772219,1.27990828476484
"6224","MRVI1",0,0,0,2.61492727625853,0
"6225","MRVI1-AS1",0.291851042651474,0,0,0,0
"6226","MS4A1",0.00403932402852472,0,0,0,0.104733449231783
"6227","MS4A14",0,0,0,0.872671181640481,0
"6228","MS4A4A",0,0,0,0.713678916668496,0
"6229","MS4A4E",0,0,0,5.47735865215184,0
"6230","MS4A6A",0,0,0,14.3436986556584,11.5535005354395
"6231","MS4A7",0.228799696267897,0,0,0.100865620105593,0.0143714086387137
"6232","MSANTD2",0,0,0,0,2.70746910480293
"6233","MSANTD3",0,0,0,0,3.15579935202513
"6234","MSANTD4",0,0,0,3.39663976514563,0.0554660646423386
"6235","MSC",0,0,0,0,0.00915732416159666
"6236","MSC-AS1",0,0,0,0,0.76556443147285
"6237","MSH2",0,0,0,0,0.961283327947007
"6238","MSH3",0.1747439077452,1.34836602967952,0,6.54354253312447,0.297046540261346
"6239","MSH6",0,0.514972763901749,0,2.28620029077629,0.0984907311201757
"6240","MSI2",1.09959830835445,0.524575994123353,0,0.969163940425837,1.52881048130034
"6241","MSL1",0,2.07303961352982,0,0.00025939276831819,0.0852108023002962
"6242","MSL2",1.74548301724455,0.00286403780770402,0,0.000891397855534337,0.257972046314918
"6243","MSL3",0.487729409735084,1.30079472649281,0,5.70242748847077,3.54001818186297
"6244","MSMO1",0.597035608365473,2.84083204995365,0,0.57594450817958,1.08281147719139
"6245","MSN",0.692378415454764,1.44639196115411,0.00725544095894594,0.599993537206611,0.000255210506809431
"6246","MSR1",0,0,0,0.101416358758337,0
"6247","MSRA",0.0182266596491323,0.185962268954717,0,2.49071161864052,0.0395001631233194
"6248","MSRB1",0,0.482526187517641,0,7.85388499748592,1.50196162488394
"6249","MSRB2",0,0,0,2.10736446189068,0.289006081255168
"6250","MSTO1",0,0,0,0,0.353035795156997
"6251","MT-ATP6",0.0129225861697068,0.107285984480739,9.22566574199247,0.0976678991654985,0.163932459523702
"6252","MT-ATP8",0.185996010419515,0.0711334007264993,7.53363256587855,0.0737533966554639,0.00826547184256221
"6253","MT-CO1",0.0442670416594739,0.0793168285893881,10.3226853596676,1.28273829711358,0.550069865928022
"6254","MT-CO2",0.000785737170443945,0.000804135625249424,7.80860329645576,0.00953709517099333,0.130075645315462
"6255","MT-CO3",0.730726435889744,0.900976856591115,8.38957134265167,6.70632003784788,0.824228697591787
"6256","MT-CYB",0.519373767307586,0.0812444882503116,10.0347084958039,0.152706316370269,0.0575118674862989
"6257","MT-ND1",0.814840851053595,0.0290108526867407,6.45094635845559,1.10644310248754,0.0603222652224949
"6258","MT-ND2",0.361612937529914,0.890184349320614,6.10480552756078,1.45421779515711,0.530892804210452
"6259","MT-ND3",0.541819626551988,0.631533874590796,6.29046964644003,0.182302144482661,1.31710490388892
"6260","MT-ND4",0.0415605329671346,1.70990286671677,8.7447637330922,0.162231279239609,6.50560676063765
"6261","MT-ND4L",0.105136590398554,0.00881874323796513,8.16919767779578,0.000368342184749548,0.00492233539428555
"6262","MT-ND5",0.851354155470564,0.0752680188309312,7.06979775725497,0.833073206641602,0.0483987879739321
"6263","MT-ND6",1.4590664944057,0.00304503368985729,0,4.55997212106635e-05,0.0355983988428087
"6264","MT1E",0,10.4529910297906,0,11.926529488017,21.8975049099017
"6265","MT1F",0,2.94264732095764,0,26.6157879911833,8.90817822747552
"6266","MT1X",0,16.9269319043102,1.3791632113158,14.744018841836,8.73796027168907
"6267","MT2A",14.6946775304868,10.7228350265345,5.3501381160094,13.7989899374119,0.00402857198512965
"6268","MT3",0,0,0,0,0.657236323799857
"6269","MTA1",3.00777759254918,1.26400443516404,0,0.0310841936135123,0.668483970678042
"6270","MTA2",0,0.280066878846202,0,0.000300206574232103,1.0913335551546
"6271","MTA3",0,0,0,0,1.02362625209389
"6272","MTAP",0,0,0,1.68652935857771,1.78495666944876
"6273","MTBP",0,0,0,0,0.687328745697588
"6274","MTCH1",0.503382606155937,0.948868830722416,0,4.38223214582779,4.09106053956451
"6275","MTCH2",1.94817433865595,0.164394865799592,0,0.914750351103676,2.57727604642703
"6276","MTDH",0.587859228182061,0.580223283044667,2.64596564930835,0.309548127892836,0.111121347560576
"6277","MTERF1",0,0,0,1.03635427308481,0.288787267810726
"6278","MTERF2",0,0,0,0,0.0152500318654776
"6279","MTERF3",0,0,0,0.0430466959075646,0.458549711695628
"6280","MTERF4",0.620837519302713,0.0744356686481405,0,0.216820704497405,0.391709505360762
"6281","MTF1",0,0,0,1.32641599061861,2.70311128236447
"6282","MTF2",0.30248180217398,1.83396069140079,0,0.065035872404829,1.00459224042757
"6283","MTFMT",0,2.45570952611453,0,1.2391409956206,1.96543432365357
"6284","MTFP1",0,2.10654066362647,0,0.0798654591336391,1.74977102664386
"6285","MTFR1",0,0,0,0.00613311225721147,0.00847845616944098
"6286","MTFR1L",1.19281204785214,0.0895996640934074,0,0.768788454140636,0.569888012829755
"6287","MTG1",2.52256736516709,0.321667629045466,0,0.837116150219715,0.393482824984884
"6288","MTG2",0,0.0252579820481689,0,0.758918289092072,0.243373818118485
"6289","MTHFD1",0.024427051973874,0,0,2.46142570754448,1.30290573710133
"6290","MTHFD1L",0,0,0,0,0.521095439614131
"6291","MTHFD2",0.913963638003462,0.898302613373023,5.82960960449954,0.0219113788312743,0.518962465938311
"6292","MTHFD2L",0.161320379455449,0.261816176634225,0.0143380734923349,0.00324480191581966,2.69675059715823
"6293","MTHFR",0.544594957498242,0.0582519110620675,0,2.71821800837891,0.804401674915655
"6294","MTHFS",1.09328484814083,0.398286549020672,0,1.05998675580435,0.285145998412425
"6295","MTHFSD",0,0,0,0,4.39696012222322
"6296","MTIF2",0,0.377399825456658,0,0.052000005333756,3.12981258897695
"6297","MTIF3",2.70993724898793,0.921813121439298,0,1.21515905477252,0.658969954863883
"6298","MTL5",0,0,0,0.699891979524745,3.7985336625824
"6299","MTM1",1.31134473457,0,0,0.0127760455130056,0.0323805850474157
"6300","MTMR1",0,0,0,2.83563194277291,3.59917508860082
"6301","MTMR10",0,0,0,0.00212075434192387,1.45432686939405
"6302","MTMR11",0,0,0,0.444015590122667,0
"6303","MTMR12",0,0.191894450845927,0,0.549035311433071,0.140526355304646
"6304","MTMR14",2.78212047552363,2.86569593810047,0,5.29391447711422,2.04666471804263
"6305","MTMR2",0,0.532148316800131,0,0.0247478053092129,3.35480982946901
"6306","MTMR3",2.17374535083407,2.58533467437256,0,0.546292338227459,0.395303598818758
"6307","MTMR4",0.0203382900424275,0.00019857710818269,0,5.93826004454166,0.458080939378716
"6308","MTMR6",0.012562245448148,0.446033349733669,0,1.32624988216417,2.42539030036569
"6309","MTMR8",0,0,0,0,0.000124078224589522
"6310","MTMR9",0.381622916185764,6.26997287162782,0,0.00707957573846737,2.90330888442811
"6311","MTO1",0,7.2561806787654,0,0.0570835034100005,0.219532059872911
"6312","MTOR",0,0.443996666793739,0,0.142197636685562,0.213252740282277
"6313","MTPAP",0.58579321097107,0,0,0.0416073670276881,0.0158822262473887
"6314","MTPN",0.186207463571382,0.108997090362655,0.0112891520381557,3.48069636511169,0.231976565305348
"6315","MTR",0.674321289903252,0.0264723169198598,0,0.651507790427863,0.173941259386179
"6316","MTRF1",0,0,0,0,4.11779866830813
"6317","MTRF1L",2.16381596293173,3.25376876418626,1.55446416740874,0.912551625678052,1.45358002534935
"6318","MTRNR2L1",0,0,0,0,0.0458114350921613
"6319","MTRNR2L12",0.245478007408922,0.168407108779089,7.62114081177379,0.239118774812434,0.0219135835982038
"6320","MTRNR2L8",0,1.02728109513503,0,0.873608825446352,0.0260771473181106
"6321","MTRR",0,0.0337453663791644,0,0.264606305177348,2.51160138962702
"6322","MTSS1",0.00667976916358161,4.85278672044075,2.33233283808723,0.924937929663895,0.803548232916901
"6323","MTSS1L",0,0,0,0,0.000118820680265786
"6324","MTURN",0,0,0.0079060060959988,1.68809645966372,2.18299195447378
"6325","MTUS1",0,0,0,0,3.1387099040886
"6326","MTX1",0.643572427335276,0.358018414832011,0,2.13818847351985,0.0463992490635248
"6327","MTX2",0.383398368268936,0.113569380127177,0,0.0560529656941071,1.42126130778407
"6328","MTX3",0,0,0,0,1.59976685303321
"6329","MUC12",0,0,0,0,0.28927516078039
"6330","MUL1",0.170664394657616,2.07097136236829,0,0.446759857179905,4.63600207104928
"6331","MUM1",0.147904478116991,0.58829217065437,0,2.26158354902274,1.13439578020606
"6332","MUS81",0.00391640516850353,6.55577876133959,0,1.22292699188452,0.576800908687214
"6333","MUT",0,0,0,0.825824418271931,1.26717665810392
"6334","MUTYH",0.386248844224985,0.426616364154364,0,0.000585739633795253,0.236724425149633
"6335","MVB12A",0.000597874050077953,0.962734411442831,0,1.37994089881952,2.24155377904403
"6336","MVB12B",0,0,0,0.239774528119457,4.84936607551162
"6337","MVD",0.565978628945934,0.338720575846901,0,0.299329620472324,0.871536258535345
"6338","MVK",0,0,0,0,0.336685109591074
"6339","MVP",0.037718892090169,4.25972682823441e-06,0,0.952060753893825,9.49379568484284e-05
"6340","MX1",5.94214927005544,10.9454063597024,0,5.28908206537563,0.039508146614477
"6341","MX2",0.958711995869987,0.836436450578974,0,1.2265249480462,0.347313659465937
"6342","MXD1",0,0.779783456919871,0,4.56309227800524,0.0429939130776513
"6343","MXD3",0,0,0,0.00148369182002446,0.0586053965573142
"6344","MXD4",0.000487593378149515,2.28332605675567,0,0.980127969065955,0.431903896779696
"6345","MXI1",0.194309506905706,0,0,4.99275991237115,41.7115735596848
"6346","MXRA7",0,1.55059470544089,0,0,6.89439395842979
"6347","MYADM",2.4093257511333,2.58638351302628,0,2.40513666663082,8.51846119570435
"6348","MYB",0,0,0,0,12.8907624978424
"6349","MYBBP1A",0,4.23332883530597,0,0.219242044355277,0.388361339675193
"6350","MYBL1",0,0.00167658463128979,0,0,2.55771773476866
"6351","MYBPC3",0,0,0,1.59825558781941,0
"6352","MYC",0.430088905962443,0,0,1.11218075803807,4.34099739346521
"6353","MYCBP",0,1.4633784186317,0,0.140770743407971,0.117648556891175
"6354","MYCBP2",1.4089116013587,3.47595276680658,0,0.230048481008767,1.00427705827379
"6355","MYCL",0,0,0,1.55979623362224,0
"6356","MYCT1",0,0,0.869352837848509,0,0
"6357","MYD88",0.367240666198681,0.148621621196096,0,0.410323835710597,0.104931000851175
"6358","MYDGF",0.0247311413873622,0.136955842452102,0,0.137734555493823,0.127201052574707
"6359","MYEF2",0,0,0,0,0.598965894067958
"6360","MYEOV2",0.0970066420495933,2.01351119711574,0.238696406777654,0.210240131484646,2.42612000640282
"6361","MYH11",0,0,0,0,0.0540743774068036
"6362","MYH9",0.0199082328233986,0.189741381862015,5.00047978601155,0.876899074977503,0.224031673274844
"6363","MYL12A",2.08865274196282,0.238583095155002,0.664859068400167,0.163256363935106,0.969525215100372
"6364","MYL12B",2.15427271423112,0.238514678683302,0.022964047462821,0.42022455679758,1.2284244920996
"6365","MYL4",0,0,0.947205107052652,0,0.15244969289214
"6366","MYL5",0,0,0,15.5225063425834,0.304515755986618
"6367","MYL6",0.397283952770384,0.792033536106644,0.198999568413109,0.683691263466338,0.397443328977849
"6368","MYL6B",0.000391559318536749,0,0,0.914971427668599,2.28625052438933
"6369","MYL9",0,0,1.58475669596332,4.11287820226592,0.0279628007708698
"6370","MYLIP",2.44049322194249,14.5007910800664,0,0.924203171675267,0.646728040442751
"6371","MYLK",0,0,0.222445391408158,0,0
"6372","MYLK-AS1",0,0,0,0,5.86003325793096
"6373","MYLPF",0,0,0,0.436645807951125,0.00145846020907003
"6374","MYNN",0.106311807891066,0.186738004256509,0,0.0662218799734991,0.174202569853237
"6375","MYO15B",0,0,0,0.455920699560013,2.22856837108464
"6376","MYO18A",0,0,0,0.00763547206878946,0.254744705187365
"6377","MYO19",0,0.983284679126978,0,0.115383470982086,0.00473403622907284
"6378","MYO1B",0,0,0,0,1.66806005069
"6379","MYO1C",0.0360017982329014,0,0,0.135598875976948,1.25590948645446
"6380","MYO1D",0,0,0,0,3.67494909235836
"6381","MYO1E",0,0,0,0.296262718874803,0
"6382","MYO1F",0.452218357092172,0.14792355944696,0,0.8824998125319,0.0595719812141202
"6383","MYO1G",0.292509944304186,0.0210392634123087,0,4.84055307765561,0.743105335389834
"6384","MYO5A",0.0583238378712245,2.88522715736185,0,0.558602438166268,0.45591042012278
"6385","MYO6",0,0.046715151980066,0,0,4.04528243644081
"6386","MYO9A",3.35733807423711,2.76100975901943,0,0.153144379517835,0.171006550649155
"6387","MYO9B",1.49064081215424,0.0104778768175168,0,1.83545683191486,1.40426647235006
"6388","MYOF",0,0,0,0.270612872653906,0
"6389","MYOM2",0,0.432340499754712,0,0,0.797784183486006
"6390","MYPOP",0,0,0,0.0654093541190905,2.09786163459666
"6391","MYSM1",0.059681594707912,0.075825258446388,0,0.624898155492424,1.61181099438997
"6392","MZB1",0.158553899544531,0,0,0,5.85735023623777
"6393","MZF1",0,1.16135161468386,0,2.82043892870085,0.566632910091836
"6394","MZF1-AS1",0,0,0,0,0.0211312838245227
"6395","MZT1",3.19456958109216,0.283782679739969,0,6.51854744533427,1.00041360511198
"6396","MZT2A",0.191563635939459,0.0725211763727758,0,0.811580243705696,0.00275193233932953
"6397","MZT2B",0.10891127886302,0.149342384116509,1.07119955997834,0.188734708291956,0.720646828500548
"6398","N4BP1",0,0.984449994588974,0,0.000114868189474234,2.06027645182901
"6399","N4BP2",0.175033739990595,0.263940864929041,0,0.22555643775329,3.877911858399
"6400","N4BP2L1",0.98616277970944,1.66599351083924,7.39823594821227,0.532643535305913,0.446596290831159
"6401","N4BP2L2",0.00385348544934103,0.819326166165296,0,1.32341377399381,1.27539367983734
"6402","N4BP3",0,0,0,0,2.86530015382557
"6403","N6AMT1",0,0,0,0,0.0393998745644808
"6404","N6AMT2",0,0,0,0,2.09465251414115
"6405","NAA10",0.00441376480041733,0.130210802629634,0,0.0480928108442086,0.0901737411887888
"6406","NAA15",0.20245796261421,4.27767134045012,0,0.64827255090192,0.546250845926353
"6407","NAA16",0,0.120531858479916,0,0.548539017223518,1.14095634549046
"6408","NAA20",0.0951224427892504,1.06469703421025,0,0.113331508106144,0.952339124376432
"6409","NAA25",0.286731325335255,3.30210258832186,0,0.00196300597361205,0.643300092159252
"6410","NAA30",0,0.000561514033392769,0,1.92856832238677,1.93351220900781
"6411","NAA35",0,0.202811618181549,0,0.0775813142908239,0.916399093040313
"6412","NAA38",0.360239363012916,1.04190713021055,0.710811817671309,0.40246643149147,2.1077369641851
"6413","NAA40",0,0.33530950734247,0,0.406421547171634,0.0231660267438058
"6414","NAA50",0.0168996162879326,0.916115902379141,0,1.00515326411811,0.0975951912532422
"6415","NAA60",1.53990418137557,0.616395270957756,0,9.10544283940337,1.28082606555827
"6416","NAAA",0.729854672459402,0.158829966742467,0,0.143544418866342,0.138954914765732
"6417","NAALADL1",0,0.908649610780717,0,1.61478445434822,0.0263352522963512
"6418","NAB1",0,0,0,2.0141206820246,1.22386314013485
"6419","NAB2",0,0,0,0.0886480949411447,0.993520748826152
"6420","NABP1",0.267861034771666,0.0315103882577754,0,1.99447294029315,1.34846520888996
"6421","NABP2",0.453213968201823,3.08396109118788,0,2.16244664377358,0.660409235739796
"6422","NACA",0.216762805066884,0.0431561831552107,3.15610516092317,9.22236821525814,0.31319318809732
"6423","NACA2",0,0,0,0,0.0434209918159354
"6424","NACC1",0,0.0180935083999572,0,0.0138211410159456,0.702319684988897
"6425","NACC2",0,0,0,0.0183784993870258,0.0956114737775933
"6426","NADK",1.03712310473933,0.00113523685870551,0,6.28692384646676,0.311521578841918
"6427","NADK2",0,0,0,0.712807079391778,0.0631891814535631
"6428","NADSYN1",0.157213596225272,2.01476900362677,0,0.438573529042961,1.95261501884474
"6429","NAE1",0.213350355852066,0.0789633317163073,0,0.204913947816478,0.28597395494968
"6430","NAF1",0.30281414326608,1.12098510558915,0,0.422613739621171,2.97287114896122
"6431","NAGA",0,0,0,1.74166469863374,0.0313819567709125
"6432","NAGK",2.90718870248715,0.50437485140806,0,1.51481232965094,0.0913154235296821
"6433","NAGLU",0,0,0,0.00120167858477597,1.16833740155438
"6434","NAGPA",0.0737312918238016,0.564587643406156,0,0.0222967472849714,1.22422376191171
"6435","NAIF1",0,0,0,0.0349435551778429,0.439452999122165
"6436","NAIP",0,0,0,5.46856846086381,1.34016448000137
"6437","NAMPT",10.5223186573887,0.261794876203305,0,0.291395293496255,0.0951337406595994
"6438","NANP",0,0,0,0.0540899388438009,0.00695671831633961
"6439","NANS",1.40863416000532,0.973643546937378,0,0.971199163399688,0.00224085614699607
"6440","NAP1L1",0.0192645040161523,7.61994418246823e-08,5.07351627604479,9.10797392089342,0.733771785809082
"6441","NAP1L2",0,0,0,0,0.367308786225596
"6442","NAP1L3",0,0,0,0,0.0422987338357228
"6443","NAP1L4",1.39012149943569,0.0111798059550627,0.185731043915615,0.106194571966817,2.91373503665746
"6444","NAP1L5",0,1.99628330508748,0,0,0.773997319486595
"6445","NAPA",0.230483147054321,2.14042760747945,0.000205450668073495,0.0134220936926077,1.09205437280635
"6446","NAPA-AS1",0,0,0,3.99886642117414,4.8073474466427
"6447","NAPB",0,0.555653036211594,0,0.00389033329224509,1.53668177246451
"6448","NAPEPLD",0,0,0,0,0.641830663162386
"6449","NAPG",0,0.00512976381401732,0,0.881464539744098,0.101005658757111
"6450","NAPRT",0.622899819462664,0.673744299998519,0,0.63762867435971,0.90727627827745
"6451","NARF",0.241419229607256,0.00738817804712601,0,0.223229312099902,0.0119725362862705
"6452","NARFL",0,0,0,3.21809267891514,3.21036032963589
"6453","NARS",0.190782738944333,0.823838607209283,0,5.30811926685607,0.0010800420278794
"6454","NARS2",0,0,0,0,0.00867871505800896
"6455","NASP",0.144162858357391,1.7186230092392,0,4.45337962823338,0.00650512277245005
"6456","NAT1",0,0,0,0,0.953448629137337
"6457","NAT10",0,0,0,0.0272019780956379,4.95404410005051
"6458","NAT14",0,0,0,0,0.212212029772908
"6459","NAT6",0,0.187330355400784,0,0.927250548315268,1.85924185646996
"6460","NAT9",4.1642475277495,0.211102274658972,0,0.0332761708271655,0.537717142942531
"6461","NATD1",0,0,0,0.36823204614229,0.64372753409825
"6462","NBAS",0,3.28253990743985,0,0.345544244365556,0.000578056886477834
"6463","NBEAL1",0.000131192484491894,0.13230949600682,0,0.107307922377118,0.0140254096856265
"6464","NBEAL2",0,2.06280222233466,0,0.592114584982727,1.6869428759247
"6465","NBL1",0,0,0,0,6.05948794236809
"6466","NBN",5.10582895253251,1.85404230521478e-05,0,0.926354136861803,0.268870173480322
"6467","NBPF1",0.0126283889195889,0,0,0.145385294768438,0.0111563587517629
"6468","NBPF10",2.26297504397779,0,0,0.469258615337275,0.305039732728947
"6469","NBPF11",0,0.0514729284673554,0,1.06372781150695,1.33202039517665
"6470","NBPF12",0,1.4285585819954,0,3.32619941566745,5.60496217822953
"6471","NBPF14",0.805662639981003,0.145830529444358,0,0.200377007078104,0.550319940397191
"6472","NBPF15",0.745161210481029,0,0,0.826236243624165,0.525156471728073
"6473","NBPF19",0,0.0418575013529277,0,0.0052506369388239,0.0138861323753214
"6474","NBPF20",0,0,0,1.2030542593664,1.37693756372441
"6475","NBPF26",0,0,0,0.118062656112992,0.419286517547482
"6476","NBPF3",0,0,0,0,0.511844703566687
"6477","NBPF9",0,0,0,0.0466617432602098,0.552245984171654
"6478","NBR1",2.15093588088629,0.0859268005606523,0,2.31585133623825,0.102136858374116
"6479","NCALD",0,3.53686750813189,0,0,1.04224293102606
"6480","NCAM1",0,5.90323995317446,0,0,0
"6481","NCAPD2",0,0.0473440548425121,0,0.122723779695089,0.500011222499753
"6482","NCAPD3",0,0.0684035730491698,0,0.21298892093397,0.0539081608270529
"6483","NCAPG2",0,0,0,0,2.04442742483754
"6484","NCAPH",0,0,0,0,1.11152828361596
"6485","NCAPH2",1.7408554865122,0.742939353596816,0,2.1626847931802,2.33903385478329
"6486","NCBP1",0,1.35917388514102,0,2.92966662441298,0.237354407662398
"6487","NCBP2",0.342684106936285,0.0178117512648295,0,0.342261496592313,0.00272697034144703
"6488","NCBP2-AS2",0.159975604335001,0.795921758427306,0,0.0385039891201966,0.948180184253644
"6489","NCBP3",0.522552461510764,0.0419046292467883,0,0.250011403209776,0.937076263292318
"6490","NCDN",0,0,0,4.58569922493245,0.43542292124497
"6491","NCEH1",0,0,0,0.56654550885514,0.0178965911896419
"6492","NCF1",3.8329854624629,9.67820869400735,0,17.5125844164125,1.95832908859029
"6493","NCF2",0,0,0,0.276288519273698,0.0901971995704808
"6494","NCF4",0.097712286160372,0,0,0.490863124899862,12.2382049774004
"6495","NCK1",3.50855265203495,0.00821122629822857,0,0.540889832204181,0.292871792542713
"6496","NCK1-AS1",0,0,0,0,3.13622371676171
"6497","NCK2",0.786121120116691,0.985500756434185,0,0.0355258486639137,5.04400692891083
"6498","NCKAP1",0,0,0,0,0.925104214547696
"6499","NCKAP1L",0.00102969395560465,1.71251367277513,0,0.668997403326387,0.261477387809619
"6500","NCKAP5L",0,0,0,0.886763965240453,0.251081119162448
"6501","NCKIPSD",0,0,0,1.22949964902906,0.0312594779646837
"6502","NCL",3.80717200076291,0.24292789247988,0,0.0892570609838933,0.00204834311536469
"6503","NCLN",1.07463820948358,1.82278767195448,0,2.88041219222434,0.36491543258285
"6504","NCOA1",0,0.530502588536831,0,0.236237757742147,1.96875312206349e-06
"6505","NCOA2",2.11576453188276,0.00402337320586707,0,1.15689091473473e-05,0.000256776993432968
"6506","NCOA3",1.45838612146912,0.397800259054578,0,0.937561084389067,0.0577687806158393
"6507","NCOA4",0.0396081661200965,0.116324497022508,0.0410128308373436,1.79722446236868,0.155622823735201
"6508","NCOA5",0,0,0,6.92073522797621,0.879213443193767
"6509","NCOA6",0,0.408131547157834,0,0.871865641151718,0.0843999917072618
"6510","NCOA7",0.0267246632033337,0.729107368199458,0,6.35165236548922,0.669803251653489
"6511","NCOR1",0.906227368077914,0.252687838499618,0.861918201573807,0.00178654605120433,0.384272427602966
"6512","NCOR2",0,0.179563894359941,0,0.216972775254444,0.393107831234796
"6513","NCR1",0,0.73522074582172,0,0,0.50427216217869
"6514","NCR3",0.438766894106996,0.196725595451715,0,0,0.100413023451686
"6515","NCSTN",0.253520921830408,0.131918813155799,0,5.82958976484993,0.221905774591298
"6516","NDC1",0,0,0,0.0724064129710523,0.0110632481935762
"6517","NDC80",0,0,0,0,0.136541092001205
"6518","NDE1",1.35736948709827,1.35059508696826,0,0.386522581141188,2.13969200907623
"6519","NDEL1",0.514859429841957,0.0228912534217245,0,0.0366209015304928,0.804428146751965
"6520","NDFIP1",0.491792648742504,0.0655994374701417,0.403574414693718,0.629560812748748,0.428401817892937
"6521","NDFIP2",0,0,0,0,12.9971707126749
"6522","NDOR1",0,0,0,1.11600432430565,0.0331322182408277
"6523","NDRG1",0,0.270100575510181,0,2.81277430921047,5.16711886323801
"6524","NDRG2",0,0,0,0,2.90747826812841
"6525","NDRG3",0,0.454182469979811,0,1.69260852152413,0.0233551396052155
"6526","NDST1",0,0,0,0.0341187340559571,0
"6527","NDST2",0,0,0,0.549279217241952,2.06233703072165
"6528","NDUFA1",0.537938761539288,1.17337971580328,0.810335788352244,1.28078789315523,1.12138335002394
"6529","NDUFA10",0.239513145516613,0.0773201211463821,0,0.747655928186557,0.383384595247061
"6530","NDUFA11",0.00918010403843878,0.0019929279402692,2.73227102097247,0.0305399112334098,0.196365512181771
"6531","NDUFA12",0.584374453309979,0.0136489168463927,0,1.05180498940825,0.389044870951968
"6532","NDUFA13",0.092344026550884,0.0912185404175356,0.528718369383059,0.122458550935313,0.09465100004273
"6533","NDUFA2",0.561458779902321,1.50317261621934,2.14353883041872,0.0482515775004185,0.951038895437454
"6534","NDUFA3",7.25806568039731,2.55636161821194,1.31151557961422,1.70897012812094,3.99345801700103
"6535","NDUFA4",0.0239213260086434,0.15401511929013,4.32436183490201,0.190442310908963,0.0530142063835454
"6536","NDUFA5",0.667933125450042,0.41534066235599,1.40384572415772,0.155718866865113,0.244752598436052
"6537","NDUFA6",0.0401107222490137,1.10634911061286,0.373791532506674,0.427767362424609,2.65526914834902
"6538","NDUFA7",0.216713367862645,0.160320518675323,0,0.0533979198429858,0.0837401377158951
"6539","NDUFA8",0.625632996387152,0.0565058241280863,0,4.22435850673084,0.464791606072894
"6540","NDUFA9",0.391892195519802,0.0367715901252924,0,0.230944082084151,0.00621561875156142
"6541","NDUFAB1",4.2038193132702,0.00960233398030659,0,1.11420675376326,3.25355540837007
"6542","NDUFAF1",0,0,0,0.581141407774151,0.149907599436765
"6543","NDUFAF2",0.0672939182603239,1.96467512485703,0,0.0988877708974067,1.99670258797337
"6544","NDUFAF3",1.24255612415654,1.25511724285472,2.34055037807416,0.568333849630144,2.08461231583773
"6545","NDUFAF4",0.0584474609211066,1.98762546071606,0,2.63818503244982,0.00474833624569279
"6546","NDUFAF5",0,2.18169652346077,0,1.04081635213613,2.82922085469199
"6547","NDUFAF6",0.507219480399562,2.80121414705351,0,0.965504449373237,1.10890668263125
"6548","NDUFAF7",0,0.482058330789423,0,0.224964466552648,2.11541564234726
"6549","NDUFB1",0.0085483458322106,0.0169581825335115,0.932119208537178,0.0965654048603824,1.1611778457518
"6550","NDUFB10",0.526957375886086,0.0205772714569488,0.606506276689786,1.30641942614729,0.595336795530753
"6551","NDUFB11",0.346561899356485,0.0266747715868057,0.485629525954331,0.285265695015474,0.23822406595437
"6552","NDUFB2",0.292738264249597,1.48758744236602,0,0.871051991974184,3.76865408086208
"6553","NDUFB2-AS1",0,0,0,0,0.134320409551597
"6554","NDUFB3",0.491935982850232,0.5350917129124,0.340748153403639,2.16678489000661,4.67468463405377
"6555","NDUFB4",0.00454414925063737,2.03998314140665,0.00454655019363508,0.839196654498738,0.354095285822976
"6556","NDUFB5",1.76483762751232,6.88453987085455,0.0274172148519426,0.0630982947602755,9.20094976133433
"6557","NDUFB6",2.22200549273306,0.256021366065195,1.03487726355329,0.227999859681472,2.12442412297156
"6558","NDUFB7",0.0740384013348713,0.0577383524307576,5.28496939266734,0.321389670838618,0.711929153878269
"6559","NDUFB8",0.021660384702922,0.00151846792588118,2.20664610228323,0.00341343132480724,0.000734927380105605
"6560","NDUFB9",0.418944819697257,0.332981375725672,2.9535392370204,0.335420636483401,1.51391122692066
"6561","NDUFC1",0.635720569122286,0.0337563194001765,1.12676047606705,0.278740289947898,0.387133213751942
"6562","NDUFC2",0.0170734063063778,0.0323627449269417,0.115046559545798,0.0872397170978259,0.051516150867419
"6563","NDUFS1",1.05495594064732,0.261772382906467,0,0.02248981533573,0.146161742442151
"6564","NDUFS2",2.93733490232279,0.251162363491497,0,0.890554878293843,0.0409417285043059
"6565","NDUFS3",2.27479014766149,0.0145430743344998,0,0.176792804373379,0.00238394847200947
"6566","NDUFS4",0.0138661724962698,0.909092456231002,10.8621302118327,0.0653891524331736,0.498300755158601
"6567","NDUFS5",2.1884959999016,2.89505237825378,4.59423742310921,0.0109901376494096,3.03901575616197
"6568","NDUFS6",8.45330584944892,0.045138077053148,0,0.49463477993451,1.29718919943258
"6569","NDUFS7",1.17486126858001,6.98022348131744,0.923767335886093,0.389022522284916,7.34674859953042
"6570","NDUFS8",0.0152043679746287,0.491244260984787,0.517607380461111,1.74331325417669,0.759964944191013
"6571","NDUFV1",0.983954100688012,1.12207517457047,0,0.738461087831693,0.0287162550269055
"6572","NDUFV2",0.670440545662031,2.99848292039152,0.379319929762439,1.5255801016534,2.30623729158103
"6573","NDUFV2-AS1",1.35944894010926,0.299348740638908,0,0.100298644483455,1.31139181965768
"6574","NDUFV3",0.106463215506327,2.90247340348777,0,0.0374750268533988,0.32038678564729
"6575","NEAT1",1.60115696236863,0.00927406300208779,0.84426346342635,0.437174898237197,0.861074377578279
"6576","NECAB3",0,0,0,7.94648219048791,0.943949908697892
"6577","NECAP1",0.0621394190608347,0.203989047157373,0,9.58195161357965e-05,2.97337536015818
"6578","NECAP2",0.904437576831007,1.3915394886184,0,0.59345000840284,0.726494109809579
"6579","NEDD1",0,0.770684967403776,0,0.407552378129299,1.80068075762688
"6580","NEDD4",0,0,0,0,1.29923034030695
"6581","NEDD4L",0,0,0,1.12293033811485,4.35036450934399
"6582","NEDD8",0.00512469563568255,0.45779877486486,0.547307130042571,0.132346269842008,0.459133349400378
"6583","NEDD9",0.466725270631859,0.00172614721916394,0,0.377804955478631,0.0011577980423769
"6584","NEFL",0,0,0,0,2.46319501720036
"6585","NEIL1",0.314920828405501,2.78644258596507,0,0,0.104474898647263
"6586","NEIL2",8.8190039034167,1.59333015285904,0,0,0.540598656216782
"6587","NEK1",1.2142957814368,1.50335488902279,0,3.58370181784974,0.286254741737008
"6588","NEK11",0,0,0,0,0.119685259590972
"6589","NEK3",0,0,0,0.0416274307241636,3.19131198067046
"6590","NEK4",0,0,0,2.62379111092146,2.61110668969926
"6591","NEK5",0,0,0,0,0.028777121335671
"6592","NEK6",0,0,0,0.211076104024275,0.343988615151303
"6593","NEK7",1.49850895835823,0.885059435574731,0,5.65316115874181,3.88043315924838
"6594","NEK8",3.62740484695871,0,0,0,0.48814903316902
"6595","NEK9",0,1.20880935032381,0,0.168526548821026,0.0513885082112585
"6596","NELFA",1.8433084998105,0.467362749112685,0,0.479462655393607,1.52210293086923
"6597","NELFB",0,0.0416404274139592,0,1.39236614414888,0.0016989967952158
"6598","NELFCD",0.378013521332131,1.5116302321949,0,0.0785164898418121,0.266534784462536
"6599","NELFE",0.313401330640874,0.410702230798496,0,2.13080276948856,2.90810551497331
"6600","NELL2",0,0,0,0,0.802624016748535
"6601","NEMF",0.0184091546788999,0.00200877155865427,0,0.0417256696186504,0.29825048581395
"6602","NEMP1",0,0,0,0,0.00605711041910981
"6603","NEMP2",0,0,0,0,0.148436459832063
"6604","NENF",1.12186535595426,0.348240101051998,0.551392756868288,1.0726139120209,0.316481514141147
"6605","NEO1",0,0,0,0,1.81310505159644
"6606","NET1",0,0,0,0.0474968750158175,0.0567706810980588
"6607","NETO2",0,0,0,3.33764540915959,1.14348657844526
"6608","NEU1",0,0.622099396835454,0,0.56213954835837,2.33512776375267
"6609","NEU3",0,0,0,3.56368218453305,0.165834731700839
"6610","NEURL1",0,0,0,5.4181481512728,2.3179213227392
"6611","NEURL2",0,0,0,0,0.456261380517817
"6612","NEURL4",0,0,0,0,0.0511964918712643
"6613","NEXN",0,0,0.0916052375585579,4.01383062838752,0.967703823995912
"6614","NF1",0,0.163539951858606,0,0.0692620495441545,0.517708452964769
"6615","NF2",2.43172134532257,3.06616889242693,0,0.826244479697202,0.0838456026540151
"6616","NFAM1",0,0,0,0.0545000043274498,0
"6617","NFAT5",1.19601479975931,0.12467900401986,0,0.203133246793749,0.00160497167355118
"6618","NFATC1",0.435583888255107,6.53078489231804,0,10.4849181694167,3.06524250431381
"6619","NFATC2",1.03985607744108,0.255181103847403,0,0,0.306020410162049
"6620","NFATC2IP",0.30023764524921,0.203210452467561,0,0.67240957018029,0.112741117939476
"6621","NFATC3",3.81652703980877,0.398437088776,0,2.17817085385161,0.0854815070752963
"6622","NFE2",0,0,3.03325400629026,14.2802131107895,0
"6623","NFE2L1",0,0.137287476750423,0,1.98446696290352e-05,0.00323716984842584
"6624","NFE2L2",1.40516234623842,3.40529670114352,0,4.97591472349864,2.18467854791256
"6625","NFE2L3",0,0,0,0.421691153038723,0.86563384977395
"6626","NFIA",0,0,0,0.154210494635131,0.835890242287047
"6627","NFIC",0,0.492476237195837,0,0.735210202423171,2.45577238704737
"6628","NFIL3",0,0.0405593943365476,0,3.54207394671195,0.427971004464497
"6629","NFIX",0,0,0,0.111975103307664,0
"6630","NFKB1",0.00267413792519088,0.115003657363958,0,0.919272044485221,0.0438660600576117
"6631","NFKB2",0.160609886794156,1.78991362589611,0,4.24377454971899,4.76394561023527
"6632","NFKBIA",9.80452359342365,1.59705813470046,0,10.5985112182036,0.0262438419304518
"6633","NFKBIB",0.24490598440761,0.141477251165883,0,2.95975004489315,0.472708552762241
"6634","NFKBID",0.00729575248114346,0.0223311261284417,0,3.69038298320971,0.0641244444096989
"6635","NFKBIE",0.769586202866858,0.0133650083936449,0,0.444492750091222,2.57635428513769
"6636","NFKBIL1",0,0.0809794093719727,0,1.50322826177354,1.36660503030675
"6637","NFKBIZ",6.43079854686809,0.342470230275563,0,1.1146691785419,1.50533407596819
"6638","NFRKB",0,0,0,2.79449445051121,1.94844649424569
"6639","NFS1",0,0,0,0.0498324392063707,0.461708368701349
"6640","NFU1",0.944372192141139,3.07189725182442,11.6314363899642,0.940646218071286,1.79694588137438
"6641","NFX1",0.146110509579442,0.0367212115877968,0,4.95032714805255,0.0145869004516407
"6642","NFXL1",0,0,0,3.47409968827963,2.17480514079265
"6643","NFYA",0,0,0,0.142865436326441,1.05707355772124
"6644","NFYB",0,0.320834460251478,0,4.13609611487436,0.391660968374746
"6645","NFYC",0.110235919557323,2.37246199278565,0,0.189535606551759,0.0129073019940124
"6646","NFYC-AS1",0,0,0,0,0.811947722169133
"6647","NGDN",0.191020226686163,0.803855439745371,0,0.401831861243011,6.79174296567744
"6648","NGFRAP1",0,0,0.0147507435132745,0.00217109723291384,0.383146557159936
"6649","NGLY1",0.328482389110511,0.25456108429989,0,2.15721555462022,1.04229487665083
"6650","NGRN",2.80207434213769e-05,0.00123898197898611,0,1.65951600916469,0.48540074444496
"6651","NHEJ1",0,0,0,0,1.29960945232654e-05
"6652","NHLRC2",0,0.191195224956079,0,0.414059682417869,0.116638826132436
"6653","NHLRC3",0.392796916520158,1.10877822016095,0,3.4025090311865,0.409489230326389
"6654","NHLRC4",0,0,0,0,1.8244137484396
"6655","NHP2",0.357017479804752,3.290192158434,0,0.00513852805410542,4.31638531708649
"6656","NHS",0,0,0,2.42619415095818,0
"6657","NHSL2",0.382396208167862,0,0,1.52516377873111,0.0723222924122584
"6658","NICN1",0,0,0,0,0.0899336042330813
"6659","NID1",0,0,0,8.23770135690136,0
"6660","NIF3L1",0,0,0,1.58234808664812,0.157523738654722
"6661","NIFK",1.2292612146413,0.000249410289724871,0,1.46062905138722,0.261374649005116
"6662","NIFK-AS1",0,0,0,0.625546216634274,0.0234120732365056
"6663","NIN",0.00126057514942755,2.85389421024249,0,0.803595531889388,1.64564248205517
"6664","NINJ1",1.81299416848019,0.474401410278684,1.72097838672557,0.846769317311263,5.6706614656354
"6665","NINJ2",0,4.03739908725378,0,0.262312025675679,0.773973650426876
"6666","NIP7",0.421147515339266,0.560791464986142,0,0.00281575335954125,0.0337543277633019
"6667","NIPA1",0,0,0,0,0.134092119792576
"6668","NIPA2",0.00469283625693118,0.0118270223020242,0,0.820100164814433,0.397062587442477
"6669","NIPAL2",0.275240911803726,0,0,1.55706356350535,2.29658109489875
"6670","NIPAL3",0,1.07884398803165,0,0.323811881332257,1.16279400901441
"6671","NIPBL",0.18836024921161,0.0633340315518964,0,0.0208768431419349,0.201874052480002
"6672","NIPSNAP1",0.218681127401647,2.50137500973153,0,0.094279846267765,0.423935390966667
"6673","NIPSNAP3A",1.62764427227082,0.269182656272417,3.49128881666129,0.000248832070351279,0.00902823117445584
"6674","NISCH",0.715435461066814,8.70040204960258,0,19.9452237930278,0.216511133651231
"6675","NIT1",0,1.95548214401157,0,3.06044554136018,0.0015432032361789
"6676","NIT2",11.4030681650072,0.0304912713793673,0,0.574089232488135,1.41692771686684
"6677","NKAP",1.16630068438121,0.736119635568046,0,0.0309578257332762,4.81343125940385
"6678","NKG7",0.067296581839506,0.0085758671688202,0,0.0678484837894821,0.000299487520655161
"6679","NKIRAS1",0,0,0,0,0.00134009133557211
"6680","NKIRAS2",0,2.03552962126803,0,1.23405904554322,2.02367773662808
"6681","NKRF",0,0,0,0.0650907229569669,0.0467682918841484
"6682","NKTR",0.804469428784803,1.12200629575383,0,2.78188530739978,2.63117025942644
"6683","NLE1",0,0,0,0,0.230043028551567
"6684","NLK",0,0,0,13.8272910811391,0.639267285153981
"6685","NLN",0,0,0,0.559203487217086,3.65550368949191
"6686","NLRC3",0,0.0150004244478703,0,0,0.016343810051231
"6687","NLRC4",0,0,0,2.18384975239376,0
"6688","NLRC5",6.5572846294924e-07,3.09893048328107,0,0.196064942842314,1.19680061922546
"6689","NLRP1",0.173898384908106,0.462700335561585,0,0.176953290011345,3.73556341970699
"6690","NLRP12",0,0,0,0.0818820733755421,0
"6691","NLRP2",0,0,0,0,0.000826450187954087
"6692","NLRP3",0,0,0,1.31441489564139,1.18796309729958
"6693","NLRP6",0,0,0,0,0.613757546574689
"6694","NLRX1",0,0,0,0.324487959403292,0.0240963333983733
"6695","NMB",0,0,0,0,3.71160247007144
"6696","NMD3",0.202001839800689,0.578385562183177,0,0.502830790794066,0.00451719814030387
"6697","NME1",0.199138378654267,0,0,0.225107614746892,0.0883783202070505
"6698","NME2",0.0024249685249267,0.168233640952508,0,0.260944605289683,0.148359536652431
"6699","NME3",0.00194984520769991,1.28481368234016,0,1.2702204231092,1.99542874855547
"6700","NME4",0.747559026103245,0.384286227573958,8.23835392887989,0.0747176673737383,0.167808064134968
"6701","NME6",0,0.138072216179177,0,0.936449847245497,2.3640053499212
"6702","NME7",0,0,0,0,0.842861794721423
"6703","NME8",0,0,0,6.06965494332302,0
"6704","NMI",1.59638504569078,1.98226301834749,0,3.21078653457671,2.21918794264333
"6705","NMNAT1",0,0,0,3.23973202666947,4.68894091311671
"6706","NMNAT3",0,0,0,0,0.00236518640434944
"6707","NMRAL1",0.069092337732928,0.934593575355307,0,3.06863594145105,1.87910325662674
"6708","NMRK1",0,0.136831041721195,0,1.28472404078275,0.0946644569383944
"6709","NMT1",1.89934305186466,0.115069467410328,0,1.67689301358995,0.000173889803234777
"6710","NMT2",0.944598252641032,3.91796117371599,0,0,0.996128267286103
"6711","NMUR1",0,0.134415375624093,0,0,0.317375322143986
"6712","NNT",0.0816811394818559,0.03876262558373,0,0.683719426423606,2.34290004794618
"6713","NNT-AS1",0,0,0,0,1.46800666260399
"6714","NOA1",0.0923511259248864,0.618329893068293,0,10.491105240283,0.474827317691141
"6715","NOB1",3.61487490393901,0.151986391185145,0,1.35642092247983,0.00716682288019381
"6716","NOC2L",0.374801170563748,0.126524328762214,0,1.59658266685624,0.0482331046455975
"6717","NOC3L",0.241107895871755,4.11639492471682,0,1.82026000679735,4.03398989182316
"6718","NOC4L",0,0.0371282324354499,0,0.0540680699270362,1.4943924085209
"6719","NOCT",0,0,0,0.136628293476836,1.50669193733164
"6720","NOD1",0,0,0,0.935051436955458,0.0427674490415941
"6721","NOD2",0,0,0,0.467806833924787,6.37234690760739
"6722","NOG",0,0,0,0,0.270713367355503
"6723","NOL10",0.0306001254645376,0.000240220738630865,0,3.15541309327319,0.319612966023459
"6724","NOL11",1.53438802930976,2.87992497623677,0,0.00349732657554221,0.92639438925574
"6725","NOL12",0.272968493808231,0,0,0.0732024337997578,0.0508185059909422
"6726","NOL4L",0,0.935634181909855,0,3.21584531078938,0.494117795685336
"6727","NOL6",0,0,0,0.0221756749989331,0.916711784489465
"6728","NOL7",1.26636844253561,0.0531337522770748,0,0.00437692221444907,2.77584518852112
"6729","NOL8",0.86287059332994,1.38214745320886,0,0.91022531995596,1.09731845924731
"6730","NOL9",0.0770579727012275,0.831466971946246,0,0.883157982207341,0.0217846288653431
"6731","NOLC1",0.00246005055259015,1.72356620255836,0,0.292430433357556,0.326114352078429
"6732","NOM1",0,0.0026257515330026,0,2.59641061240074,0.0570070302555907
"6733","NOMO1",0,0,0,0.0280169605958035,0.0674132559816155
"6734","NOMO2",0,0,0,0,0.253750858587602
"6735","NOMO3",0,0,0,0,0.114164046834455
"6736","NONO",0.0891616095891057,0.355788768416778,0,6.56064151286667,1.87369272582301
"6737","NOP10",0.256600099777202,0.265903970551461,0.00563496325587068,0.255729849609511,12.4556735768947
"6738","NOP14",2.04973429813572,0.0337972419700141,0,0.00187442188449847,0.00473237435472327
"6739","NOP14-AS1",0,0.0399660014382843,0,0.00416140808574657,6.96483984595488
"6740","NOP16",0.0261220279258681,0.121746956989354,0,2.3748163865422,3.69068239054576
"6741","NOP2",2.30744953400663,4.65232609620864,0,0.0997316051521711,5.71383596548316
"6742","NOP56",0.115411688621316,0.679494985284391,0,3.8393755959301,0.348106628143861
"6743","NOP58",5.15705929411319,1.77466526473928,0,2.70769416272505,0.544299416163081
"6744","NOP9",0,0,0,0.87708636456599,0.109779558141894
"6745","NOS3",0,0,0,0,2.89114186665152
"6746","NOSIP",0.164777314633995,6.50575930164487,0,3.35845160987241,4.53257413172684
"6747","NOTCH1",0,0.955476408645931,0,1.61301473080791,2.529081161495
"6748","NOTCH2",2.71259759413911,0.0468970370741749,0,0.17875535840078,0.00642865749109739
"6749","NOTCH2NL",0,0,0,1.21927885897438,0.0262019549432449
"6750","NOTCH4",0,0,0,0.0603070808351772,0
"6751","NOXA1",0,0,0,8.30901456685122,0.301741499055772
"6752","NPAT",3.29327320791027,0.0034931769865424,0,0.227686698464592,0.05010322080961
"6753","NPC1",0,0.177960191341113,0,0.0855634622762329,0.00443824638847445
"6754","NPC2",0.00897805440403954,0.00229808303483341,0.0158341838752022,0.851359595576096,2.39616490781487
"6755","NPDC1",0,0,0,0,9.036606208317
"6756","NPEPL1",0,1.94588899303626,0,0.243055208599344,0.498668952102332
"6757","NPEPPS",0.0590016087077647,0.0940698864526407,2.4141622010355,0.00337353927269361,3.87182197826095
"6758","NPHP3",0,0,0,0.654886450304588,0.406968541359568
"6759","NPHP4",0,0,0,0,0.0277154584112143
"6760","NPIPA1",0,0,0,0.0284982190346163,0.0924258649709984
"6761","NPIPB11",0,0,0,0,1.09855057396154
"6762","NPIPB15",0,0,0,0,0.245422004609923
"6763","NPIPB4",0,0,0,0.403460365666388,4.46127670013441
"6764","NPIPB5",0.0377987030054764,0.491915020384353,0,0.742231907838986,1.03730319131906
"6765","NPL",0,0,0,2.70815886690883,2.04604052016912
"6766","NPLOC4",0,6.69540173411676,0,0.332390460691549,0.0504114376131524
"6767","NPM1",0.0762955468724838,7.92586819830362e-08,0.00579283327783762,3.04816666628609,1.09862270608909
"6768","NPM3",0.275307181597593,1.55210963324027,0,0.18728076531301,0.311573533424969
"6769","NPRL2",1.09262071522413,0.0673066686424867,0,0.234289429111916,0.393112582690584
"6770","NPRL3",0.238950698079789,0.263326565453339,0,0.121023113007863,0.713253787884509
"6771","NPTN",0,0.798185463364453,0,1.91232721562458,0.886540376618057
"6772","NPTXR",0,0,0,0,0.0298950358967031
"6773","NQO1",0,0,0,0,0.0509680287753674
"6774","NQO2",0,0.822847222050504,0,0.0947089986809708,0.278970227515472
"6775","NR1D1",0,0,0,10.118440401221,16.0109385765575
"6776","NR1D2",0.00890867531985503,8.2278290882749e-05,0,3.88310144542901,5.36548059255288
"6777","NR1H2",1.37417516408157,1.10490994143861,0.360636270717315,1.34475591479688,0.829088465623053
"6778","NR1H3",0,0,0,9.91122154109487,3.56507812973542
"6779","NR2C1",0.052287467901682,4.51400256429897,0,5.11865519179604,3.25838874810129
"6780","NR2C2",1.38260051255564,5.10337246222964,0,5.58167262402748,1.41510339785655
"6781","NR2C2AP",1.43753848564493,3.19257765350097,0,3.22624650445141,1.78671101246975
"6782","NR2F6",0,0,0,0,1.51089908087353
"6783","NR3C1",1.31086439602212,0.554965819739395,0,0.166323270871056,5.63521281928604
"6784","NR3C2",0,0,0,0,0.308039733355362
"6785","NR4A1",0.570424613128619,0.445840661600001,0,0.396487346889872,3.70984415485908
"6786","NR4A2",0.766946095427992,4.09475646828178,0,9.15370462756074,11.9166028809912
"6787","NR4A3",1.4213887584103,0,0,0.936366611031042,0.861294353041046
"6788","NR6A1",0,0,0,2.98089431896159,0
"6789","NRAS",0.0216814548257935,0.598704288177721,0,0.100780131414913,0.0234837214130576
"6790","NRBF2",2.08557635011235,3.97567971633795,0,2.43032930760893,5.29379035047296
"6791","NRBP1",0.0664825559652055,2.27681066771411,0.299753907671697,0.0749396567282369,3.57130207042843
"6792","NRBP2",0,0,0,0,0.157688649596931
"6793","NRDC",0.000448815182354682,10.8997026295315,1.29752313383276,11.4624812201027,5.9687548034571
"6794","NRDE2",3.69478496322052,0.087490967033395,0,0.595387033679837,0.00892740943357737
"6795","NREP",0,0,0,0.79622097804966,0
"6796","NRF1",0,0.986610050437249,0,3.72344649876749,2.94380945379964
"6797","NRG1",0,0,0,0.0580309841128512,0
"6798","NRG2",0,0,0,0,0.113002497960752
"6799","NRGN",0.352902719428259,0.758078025415928,11.723597443637,0.0776939616357754,0.0200511513289269
"6800","NRIP1",2.15297350382437,1.03670872492571,0,1.71318889804178,0.0668920923145108
"6801","NRIP2",0,0,0,0,0.0603849252467075
"6802","NRIP3",0,0,0,0.947495772785728,0
"6803","NRL",0,0,0,0,0.72443176276733
"6804","NRM",0.235386932040399,0,0,0.0983359742007111,1.90279860184086
"6805","NRN1",0,0,0,0,0.0390671958063648
"6806","NRROS",0.037053072738661,0.0563038168216996,0,0.281459281946369,0.0198170332962423
"6807","NRTN",0,0,0,0,0.00718516191032695
"6808","NSA2",0.00661899358402699,0.600560275718057,0,1.65180661081001,0.963047960584497
"6809","NSD1",1.69526578329408,0.0238239908031954,0,0.0554189371357421,0.221029441074743
"6810","NSDHL",0,0,0,0.653276905521604,4.67272605086223
"6811","NSF",0,0.0138678003599034,0,1.78689276288522,0.00948208602788232
"6812","NSFL1C",0.0014876497885085,0.592149919637903,0,0.77442040022819,2.30084184707757
"6813","NSG1",0,0,0,0,1.74465249034234
"6814","NSL1",1.84525152118936,0.06277703590391,0,0.731478566448116,0.0461386221052959
"6815","NSMAF",0.0779700422969704,2.43762993670438,0,0.0939131501434495,0.0591796277459895
"6816","NSMCE1",0.00460925394800183,10.2136723125565,0,1.26223011067347,5.70523802207339
"6817","NSMCE2",0.160625122383694,0.00473110781105547,0,0.387496112673811,0.0498267782741574
"6818","NSMCE3",3.66767200118062,0.32119901231343,0,1.75278976285837,1.13083724826012
"6819","NSMCE4A",0.429798130469168,2.64175469105534,0,0.00010813814284892,0.0222241098953357
"6820","NSMF",0,4.33519002397338,0,3.60230407002601,3.64188328235674
"6821","NSRP1",1.3950773238374,0.266339879579357,0,0.00598705851008302,0.290886389487387
"6822","NSUN2",0.0733908190429808,0.307942954212909,0,4.28341100782467,1.32039219896277
"6823","NSUN3",0.821212866836902,0.30020590046305,0,1.03846526801864,1.02913744698262
"6824","NSUN4",1.38211861847921,0,0,0.0053402175325891,0.202618903113006
"6825","NSUN5",0.149297323246424,0.530580321684155,0,0.503612563103255,1.33774842381527
"6826","NSUN6",0.00191656604766921,2.17197958074815,0,2.68097461376663,3.36077754647411
"6827","NT5C",2.24198042331485,0.0123021553419285,0,8.53501801263686,4.36553733787697
"6828","NT5C2",1.05519559737388,0.0968405182921677,0,0.306915163172536,0.118011788239429
"6829","NT5C3A",0.0317343671376809,0.365864505784392,14.5065071111835,0.00423971287211021,0.983369126476018
"6830","NT5C3B",0,0,0,0.780300996307321,3.47486765688967
"6831","NT5DC1",0.0106309909980112,0.0678771186947825,0,1.3110048743405,0.373428494619274
"6832","NT5DC3",0,0,0,0,0.187220202628223
"6833","NT5E",3.81737038322782,0,0,0,2.3952930441186
"6834","NTAN1",0.367290806748911,0.41678215915096,0,13.6645767601372,0.129589923303762
"6835","NTHL1",0,1.54796231283856,0,0.15971951796113,2.50192871992088
"6836","NTMT1",3.43446647613864,0.8678694324484,0,2.1712289100323,3.28691043590301
"6837","NTN4",0,0,0,0,4.6626356966512
"6838","NTPCR",0.0750014538872218,0.467550907018203,0,0.0320266475818624,4.00083921327837
"6839","NUAK1",0,0,0,0,3.15730083753555
"6840","NUAK2",6.32541096194015,0.0986665288980355,0,0.510899751810258,9.97654397381283
"6841","NUB1",0.00614977986471984,0.0313300013576382,0,1.37947145150213,2.21271428350761
"6842","NUBP1",0.242261581218746,0.00273043190852443,0,0.701082967055502,1.11483951295149
"6843","NUBP2",0.0214826272267182,0.333101930739818,0,0.781181886038397,0.112154774649581
"6844","NUBPL",0,0,0,0,1.08953375017108
"6845","NUCB1",0.0934105500099893,0.921782993797955,2.18412758959158,1.39577112056499,0.0146449698764288
"6846","NUCB2",0,1.25039631062032,1.4599317916226,2.718783113408,11.9253504211124
"6847","NUCKS1",0.024731555488031,0.00666459041241362,0,5.96333939570977,1.13911061654555
"6848","NUDC",0.131275235871469,0.680399246850614,0,0.571332363511226,0.528331759851416
"6849","NUDCD1",0,0,0,0.0303709830237761,2.00646510358634
"6850","NUDCD2",0.196609818902066,1.05232262602709,0,0.233372747846624,0.141253589468486
"6851","NUDCD3",0.000623813870965961,0.452062939644415,0,0.670950751468166,0.0671963980597299
"6852","NUDT1",5.67993431693205,0.0166792477903627,0,0.518305530611133,0.628127002675974
"6853","NUDT14",0,0.626524135078265,0,0.397631768998918,1.04543790336705
"6854","NUDT15",0.128134015947858,0.142450872088133,0,0.1523052383289,0.0691929234041529
"6855","NUDT16",0,0.544806129393574,0,3.69793054507907,0.930865967159411
"6856","NUDT16L1",0.101786773816616,0.232235676269435,0,1.59692045096781,0.279190364598855
"6857","NUDT17",0,0,0,0,0.0701922689316404
"6858","NUDT18",0,2.78637892511661,0,0.108971630691368,0.267472346052456
"6859","NUDT19",0,0,0,0.00570054355216789,0.087057320531725
"6860","NUDT2",0.607617797210689,0.269851306789271,0,0.00410410587310413,1.6927098597255
"6861","NUDT21",0.798190708706233,0.806824703321097,0,2.15565563125678,2.71080976803321
"6862","NUDT22",1.02758395631251,0.263465340299704,0,0.955666860205989,3.95280441331052
"6863","NUDT3",0.106072509801921,0.873542277830526,0,7.1308574810124,0.0277164617613536
"6864","NUDT4",4.87477104346692,0.634637325031064,0.0849119880573489,0.660685888878479,0.00546582119741288
"6865","NUDT5",1.58739186647325,0.326917407576516,0,3.66759015490442,3.52386682504688
"6866","NUDT6",0,0,0,0,0.00264006854467101
"6867","NUDT7",0,0,0,0,3.54851849082437
"6868","NUDT8",0,1.06693764526469,0,0,2.00610194385849
"6869","NUDT9",0,0,0,1.31007412706609,2.08331391068871
"6870","NUF2",0,0,0,0,2.80474628480407
"6871","NUFIP1",0,0.30904880617772,0,2.76007568455332,0.0362513249320068
"6872","NUFIP2",0.213686621427821,5.71863969075361,0,0.569613872689894,0.521813603054361
"6873","NUGGC",0,0,0,0,0.000599953353012816
"6874","NUMA1",0.114150680374041,0.0264778149839021,0,0.00182281408063953,0.00549880817883346
"6875","NUMB",0.00123906569784362,1.14195375720818,0,2.73146246659672,0.0223050031980491
"6876","NUMBL",0,0,0,0,0.00844040632279225
"6877","NUP107",0.0402817419403531,0.0156783347601246,0,0.101400727835999,0.177801403292211
"6878","NUP133",0.599618559549315,1.89135728029441,0,0.816692368882642,0.864561411664569
"6879","NUP153",0.128573133390521,0.458230129595065,0,0.210636110899181,2.6578180829286
"6880","NUP155",0.599714526500399,0.0348113552374693,0,0.372196667591963,1.57775125023324
"6881","NUP160",0.462246405783438,5.13384295338007,0,0.149854173826918,0.00409352778285475
"6882","NUP188",0,0,0,0.587371567436373,2.55655091816579
"6883","NUP205",0,0,0,0.0116776334873452,0.842019296190562
"6884","NUP210",0.0416138481247943,0.452479855560204,0,0.19343527689671,1.42212788618428
"6885","NUP214",1.70484023309061,0.167345269670074,0,0.257747241308359,1.28380369457583
"6886","NUP35",0,0,0,0,0.10281215670299
"6887","NUP37",0,0.00337132858003037,0,0.0225503028991668,0.369199855229568
"6888","NUP43",0,0,0,1.29100976657344,0.100757351012437
"6889","NUP50",0.387999972899194,0.00105224343346328,0,4.79873894920271,0.0145546523990483
"6890","NUP50-AS1",0,0,0,0.567214448030826,3.95345342330522
"6891","NUP54",0.073041636073151,5.81055497507286,0,9.38572463926061,4.23153594022868
"6892","NUP58",0.82296908170546,0.215645351122575,0,0.388964343555135,0.491968684857086
"6893","NUP62",0,0.0445794361506868,0,0.654261007082888,0.00364469900672981
"6894","NUP85",0.756877339594778,2.51486531271731,0,9.59541903905326,0.784405894980598
"6895","NUP88",0.0269125438458698,2.21527707358744,0,7.18713996892154,0.275031979677501
"6896","NUP93",0,1.67068397209171,0,2.43839439789266,0.53458703376606
"6897","NUP98",0.357104589346313,2.82474204136312,0,0.810137681649853,1.37602798294273
"6898","NUPL2",0.0864452634168827,0.160701355916041,0,0.00452083633911584,0.15190129647796
"6899","NUS1",3.59969894886848,0.123472710505757,0,0.791144913008703,0.773371201378008
"6900","NUSAP1",0,0,0,0,0.0680442593165334
"6901","NUTF2",5.00388325492294,3.25109818737079,2.47430763496161,0.4429771779048,4.46613141564493
"6902","NUTM2A-AS1",0.0509026802873479,0.112384334820438,0,0.266586275018936,0.0214823758457499
"6903","NUTM2B-AS1",0.00858129823024255,0.86590025155522,0,1.48078266825339,5.98581939906555
"6904","NVL",0,0.139217581739441,0,0.0827576617325811,2.01341437019799
"6905","NXF1",7.1935041070074,1.52825977290248,0,0.107397990562925,0.100383831563123
"6906","NXPE3",0,1.05712203587814,0,0.00545843983826871,0.693029069874957
"6907","NXT1",3.54308662761147,2.10787177697416,0,2.02818142467115,0.985274075815166
"6908","NXT2",0,0.211741835423596,0,0.0649902138180538,0.386958556871622
"6909","OAF",0,0,0,0.589951549213971,0
"6910","OARD1",0.24413206105365,0.825713804887122,0,1.81812885853804,0.583032486936508
"6911","OAS1",2.69135477131183,5.497104541813,0,2.22520897108768,1.13963180597512
"6912","OAS2",0,15.5461590570894,0,6.0091659766804,4.19777800388114
"6913","OAS3",0,0,0,0.841556553234328,0.449066099467571
"6914","OASL",0,5.2343373442785,0,2.89721119115125,0.200933774217551
"6915","OAT",0.505079854572313,0.0732027491723144,0,2.14672685972142,0.25763818983924
"6916","OAZ1",0.892401922796712,0.811391553445195,0.0254424257716086,0.000110147251775542,0.483598083783613
"6917","OAZ2",0.0141275061697124,0.366390790870779,0,1.33679165915426,0.259995319809318
"6918","OBFC1",1.41336587880866,0.133381496304707,0,3.5088949319507,0.219081593445045
"6919","OBSCN",0,0,0,0,3.02288499010181
"6920","OCEL1",0,0.206980264038519,0,2.15816602653091,0.10236338852509
"6921","OCIAD1",0.0653318823839604,0.0938848305025333,1.08793004395954,0.261844235861345,0.163494816957906
"6922","OCIAD2",0.95794254749253,0.962340569588854,0,0,0.360824173541591
"6923","OCLN",0,0,0,0,0.00328346140635971
"6924","OCRL",0,0,0,0.0279725406942472,0
"6925","ODC1",2.04057106637135,0.00924673470941862,0.0134672054907853,0.437761838369823,6.62889381209933
"6926","ODF2",0.0716719205476391,0.107327828804806,0,1.41623376956121,0.932170482785555
"6927","ODF2L",1.07342273543675,0.0158069590711616,0,4.49678642686584,0.102505153103228
"6928","ODF3B",0.0127732905041673,2.82528065750722,0,0.618378424841352,0.965750126571558
"6929","OFD1",0.743749822596688,1.38245586037152,0,0.925081298112985,1.20206126295306
"6930","OGDH",0.60027873485929,1.08308823957489,0,0.0561524547418257,0.0141392063614841
"6931","OGFOD1",0,0,0,1.08663021145117,1.01015773919323
"6932","OGFOD2",0,0,0,0.899042492388912,0.389701258021658
"6933","OGFOD3",0.992506895559646,1.61604785617735,0,9.15154236353917,0.534388408079375
"6934","OGFR",3.02127741406455,0.980521515088233,0,0.269443902301641,3.45453776098898
"6935","OGFRL1",0.120279283900795,0.0522458615900951,0,0.363803022588347,0.45734222005328
"6936","OGG1",0,2.21518827552457,0,1.95391845996062,0.676396567395292
"6937","OGT",0.0939467579711396,0.630333178357853,0,1.79885963673926,1.86416476821958
"6938","OLA1",0.00214300218837632,0.0364764300193555,0,2.49766922498893,0.679838261207388
"6939","OLFM1",0,0,0,7.47097221550171,0
"6940","OLFM2",0,0,0,0,7.22052119121911
"6941","OLIG1",0,0,0,0.652713206284855,0
"6942","OLMALINC",0,0,0,0,2.33918374392627
"6943","OMA1",0,0,0,5.07396463133632,4.16991362378632
"6944","OPA1",0.369587888549042,0.0494079428709247,0,1.12121007766949,0.311365069424525
"6945","OPA3",0,0.654519348131984,0,0.098791154793088,0.302139723896539
"6946","OPN3",0.204915155100585,0,0,0.0928850131488984,1.7408640366331
"6947","OPRL1",0,0,0,1.79554149704306,0
"6948","OPTN",0.183428790732394,0.339129808940348,0,0.00406098664046234,5.17558454916039
"6949","OR2A1-AS1",0,0,0,0,0.088403273387597
"6950","OR4D1",0,0,0,0,1.56940750111647
"6951","ORAI1",0.0595643101221905,0.543211295378736,0,0.00946336518870066,0.265025469270386
"6952","ORAI2",0.671295751408412,0.000384297943719546,0,11.7376083601662,1.80305996084399
"6953","ORAI3",0.566641550398738,6.29529587767516,0,13.3936593024811,1.63264420949993
"6954","ORAOV1",0.574885133858631,1.15552227473152,0,0.221067290234608,0.000859721497525227
"6955","ORC2",0,0,0,0.95772891057367,0.43404376600533
"6956","ORC3",1.78470171235566,0.182076736155629,0,3.03750678183202,1.84919497340351
"6957","ORC4",0.858077542869793,0.727875130572694,0,0.660520751980291,0.567719642087044
"6958","ORC5",0,0,0,0.0408795153394337,0.11944882584443
"6959","ORC6",0,0,0,0,1.01552707635684
"6960","ORMDL1",0.223890404954522,0.541662755812884,0,0.0679412128993375,0.0917885349202729
"6961","ORMDL2",0.396082018373487,0.305703543115256,0,0.0192924003273634,1.19617249819311
"6962","ORMDL3",0.0378671731812765,0.0525099757909041,0,0.134829484270378,0.0236414285737653
"6963","OS9",0.0267899600744191,0.49217512242084,0,2.54663406886512,0.386481255575569
"6964","OSBP",0,3.82827961265736,0,0.0168128893317413,2.59787151047693
"6965","OSBPL10",0.381146694019752,0,0,0,1.6311122039577
"6966","OSBPL10-AS1",0.000110641485437826,0,0,0,0
"6967","OSBPL11",0.00509214880014806,0,0,0.47913598859849,0.349963771336232
"6968","OSBPL1A",0,0,0,0.584437770892519,2.99789872179779
"6969","OSBPL2",0,6.55718853312458,0,0.971753562495366,2.19729636911037
"6970","OSBPL3",0,7.37726832323813,0,5.21174191106246,1.14757301932583
"6971","OSBPL5",0,0.179074719211546,0,0.164161672644635,0.0225345045625298
"6972","OSBPL7",0,0.0174307053548329,0,1.64322629512771,0.0215971847865991
"6973","OSBPL8",1.59167601909267,0.204616091219269,0,0.0984209130059811,0.0223344877852204
"6974","OSBPL9",0.013787189314325,0.00361074645837199,0,0.0732462364527267,0.190455046674286
"6975","OSCAR",0,0,0,11.2201916148467,0
"6976","OSER1",3.17168809236797,3.37671529791168,0,4.71889523136226,8.77356116051654
"6977","OSER1-AS1",0,0,0,0,0.194146551026953
"6978","OSGEP",3.91014087930364,2.03493608266806,0,0.988124596803826,0.000631891653578995
"6979","OSGEPL1",0,0,0,0,1.20362065682298
"6980","OSGIN2",0,3.47886468148965,0,3.97409250184747,3.49544612941877
"6981","OSM",0,0,0,0.649855323295587,2.23282799456098
"6982","OST4",1.29536441627819,5.05357443831776,0.22566056347993,0.287369067508889,1.08433969160608
"6983","OSTC",1.22945602842786,1.69127869477325,0,0.223378627084123,3.72684165799751
"6984","OSTF1",0.738734664072975,0.019201209910309,0.252545995956277,0.0316262499066273,0.0353685080180169
"6985","OSTM1",0.908145270248654,0.00328322251899037,0,0.894840086068175,0.712624274572029
"6986","OTUB1",0.355788342990722,0.863477989945686,0,1.19824922389351,0.00328645581641232
"6987","OTUD1",0.455723803463747,0,0,1.99247401252656,1.06715032866294
"6988","OTUD3",0,0,0,0,0.0993997158970505
"6989","OTUD4",0.0875906252564845,0.0318245755001933,0,0.147198227419291,0.288015138976041
"6990","OTUD5",2.77585993799708,0.403490014893376,0,2.98598595109216,1.47699187014199
"6991","OTUD6B",0,0.146911448209064,0,4.81548700789397,0.83989360509024
"6992","OTUD6B-AS1",0.163416288962089,0.0366524458921916,0.0691637026449302,1.73289743917966,2.17734092315428
"6993","OTUD7A",0,0,0,0,0.556827341328499
"6994","OTUD7B",0,0,0,0,3.27320034324875
"6995","OTULIN",1.3417464405257,0.994712120691372,0,0.954689619129238,2.57713225710804
"6996","OVCA2",0,0.111935496725235,0,0.384111704570187,0.00887530019339288
"6997","OXA1L",0.285851018941627,3.06569384324092,0,13.041229276137,8.38966275514321
"6998","OXCT1",0.0590067537583722,1.47085221710855,0,0,0.727349541765807
"6999","OXLD1",0.731711592280327,0.693558992472565,0,3.35183783204744,0.0727356470753836
"7000","OXNAD1",0,0.964121660693609,0,3.47768197466849,1.47990159745663
"7001","OXR1",0.20857917915912,1.58962643859564,0,0.241255255031847,0.007906918380094
"7002","OXSM",0,0,0,0,0.523922404754241
"7003","OXSR1",0.350657637777583,0.433445623407966,0,0.877495714000918,0.19986706243317
"7004","OXT",0,0,0,0,0.127694946615858
"7005","P2RX1",1.54234069903388,0,0.287030590705622,5.9092375258841,0.0330423412578125
"7006","P2RX4",0,0.460313563955321,0,0.00118613485967176,0.0146799118183856
"7007","P2RX5",0.273267995879728,0,0,0,0.0326665330984165
"7008","P2RX7",0,0,0,2.29117887066548,0.0318440398309601
"7009","P2RY1",0,0,0,14.688314518638,0
"7010","P2RY10",6.34676930149287,0.293802765111667,0,0,7.9009302303021
"7011","P2RY11",0,0,0,0,0.944980078197725
"7012","P2RY13",0,0,0,5.7543343444541,0
"7013","P2RY2",0,0,0,0.00455444127190454,0
"7014","P2RY8",1.88965562321678,5.50099533503655,0,0.00251323334586393,6.81310427794329
"7015","P3H1",0,1.55772094324665,0,1.22775894388865,0.0200219617951609
"7016","P3H4",0,0,0,0,3.49309784576261
"7017","P4HA1",0.764847812754401,4.90091231489707,0,1.58058255180555,0.0510001087803546
"7018","P4HB",0.173094877504508,0.107988001170552,0.0834455568251102,0.974580492428721,3.18697993910386
"7019","P4HTM",0,4.4609429133239,0,0.374172339616766,0.7223827603058
"7020","PA2G4",0.651489217391984,8.68487606770905e-06,0,0.000571213519596086,0.507507241461077
"7021","PAAF1",0,2.21777490629229,0,0.0224857775077383,0.527143842538914
"7022","PABPC1",0.0665507267658911,0.109324008720005,0.155288054496701,9.49762005457813,3.57068029321032
"7023","PABPC1L",0,0,0,0,5.60600489768335
"7024","PABPC4",8.72870770200384,0.780503138345478,0,8.54155344631393,1.96966279563964
"7025","PABPN1",0.00357764224729938,2.11299164131448,0,2.00117806678415,2.07491448019122
"7026","PACRGL",0,0,0,0,0.0101699180215869
"7027","PACS1",0.0737586654237354,0.289370005804232,0,0.0758523875074821,0.418301799724895
"7028","PACS2",0,0,0,0.136935937486066,0.000351829191420527
"7029","PACSIN2",0.942740736992255,6.09797949186884,9.90552991111726e-05,0.221191536821928,0.282157145949858
"7030","PADI2",0,0,0,8.7585418431077,0
"7031","PADI4",0,0,1.17701606177284,38.3967900677446,5.65027990720171
"7032","PAF1",0.574137181613718,0.731103895987422,0,0.0799851045797852,3.16522661723929
"7033","PAFAH1B1",0.705000256958881,2.8266341683673,0,0.54811620729032,0.000115961274689702
"7034","PAFAH1B2",0.320565734989383,0.0877539987920555,0,0.0584135453940434,0.0378266658883754
"7035","PAFAH1B3",2.59800832015726,9.32959096782667,0,0.00360437372154717,1.68834688818918
"7036","PAFAH2",0,7.61630034741254,0,0,0.000641176882595813
"7037","PAG1",3.18586637041025,0.793964590382706,0,1.16830032885235,2.40811438946559
"7038","PAGR1",0,0.212243059703127,0,0.0823610208848947,0.0990000817140882
"7039","PAICS",0.107362421785612,0,0,0.0276517875821728,1.28783128993909
"7040","PAIP1",0.127071314898759,0.669527999844545,0.115101405854594,0.146319204155721,0.532975631302459
"7041","PAIP2",1.36999710758968e-05,1.26062718493813,1.884295718209,0.715730049222955,0.784291700900019
"7042","PAIP2B",0,0,0,0,0.00154214630327435
"7043","PAK1",0,0,0,0.82429183311458,6.47411443700005
"7044","PAK1IP1",0,0,0,0.723810168795496,3.39196960531692
"7045","PAK2",0.315398776425747,1.11865924367365,0,1.43548716934151,0.600290183302793
"7046","PAK4",0,0,0,0.138401411508576,0.0150572267205767
"7047","PALB2",0,0,0,0,0.860496152317511
"7048","PALLD",0,0.31102598341144,0,0.128720362418941,5.47953295682163
"7049","PAM",0,0.000390943203487149,0,0.42910010971513,0.278375584789801
"7050","PAM16",0,0,0,0.0103357166507248,2.30261639890961
"7051","PAN2",0,0,0,3.45950160811913,1.73500617041496
"7052","PAN3",0.0808257915518413,0.0492540296024331,0,1.0686272119963,0.00373296739521292
"7053","PANK2",1.14276300869419,0.945382819857699,0,0.265161234771434,0.103418692479127
"7054","PANK3",0,1.51882788804718,0,0.431795621171909,0.276729259917481
"7055","PANK4",0,3.13893374653897,0,0.142472841083033,0.0825335689129003
"7056","PANO1",0,0,0,0,1.62729878933464
"7057","PANX1",0,0,0,0.00135549224656527,2.01676727913703
"7058","PAOX",0.0177965526284599,0,0,2.84623304705127,1.09620714691076
"7059","PAPD4",1.09028941429261,0.713228663535659,0,2.0132954006336,1.2073806350152
"7060","PAPD5",0,13.7832393013066,0,0.00402955335382839,1.08951650423835
"7061","PAPD7",0,0,0,0.942351042530722,0.120522512175717
"7062","PAPOLA",0.381137145817978,0.238796627381042,0.0052861473133838,0.0157962055349036,0.0858030443727415
"7063","PAPOLG",0,0.365943007011316,0,0.287468151412175,0.310002936282675
"7064","PAPSS1",0,0,0.124947455984159,2.10926621532595,1.81481162803567
"7065","PAPSS2",0,0,0,6.09799101163594,0
"7066","PAQR3",0,0,0,0,0.294238207546077
"7067","PAQR4",0,0,0,0.546196245819538,3.65288581211921
"7068","PAQR7",0,0,0,0.569772342044314,6.94634802821582e-05
"7069","PAQR8",0,0,0,0,1.86740207527425
"7070","PARD6A",0,0,0,0,1.33215906027537
"7071","PARD6B",0,0,0,0,2.33821247789398
"7072","PARD6G",0,0,0,0,0.455175847154663
"7073","PARG",0,0,0,3.81006585010984,0.501043378268807
"7074","PARK2",0,0,0,0,0.00360807747026035
"7075","PARK7",1.98086908854107,0.707481870737146,0.0427361707352597,0.293278979445489,1.14856256554549
"7076","PARL",0.353950433169894,0,0,0.814888109602881,0.279586516211505
"7077","PARN",1.16784253676341,1.25667826273222,0,2.00188213404244,0.000643481273607528
"7078","PARP1",1.33577754571507,0.00051292476985547,0,0.00461915465097303,2.10959876357702
"7079","PARP10",0.0307998213179409,4.36476477714651,0,8.1848647124242,1.55623960836928
"7080","PARP11",0,4.41722114841274,0,1.23357754260289,0.377071646699397
"7081","PARP12",0.00032361110959979,2.20163772794985,0,4.20889471715093,0.0853244496773054
"7082","PARP14",1.43023913371621,1.72733050057547,0,0.00329697559040091,0.0620858408789586
"7083","PARP15",0.269899029651047,0.0126039116568244,0,0,0.548210952170778
"7084","PARP16",0,0.225386804514695,0,0,0.150341832222296
"7085","PARP2",0,0,0,1.60282449381594,0.0237207543215256
"7086","PARP3",0,0,0,1.74594747825568,0.79419098275591
"7087","PARP4",0,1.09480393671291,0,0.00199125787716012,0.33205430320219
"7088","PARP6",1.3858863439063,0.610643896456088,0,0.406491874625502,1.46353935401834
"7089","PARP8",0.370454259421847,0.723666179026015,0,1.74367105298154,0.0168820571283738
"7090","PARP9",3.67792568754779,9.10672328126379,0,5.87831050421494,0.645860301058985
"7091","PARPBP",0,0,0,0,0.0882482213105528
"7092","PARVB",0.677766359891992,0.0279089629678471,0.0293747821027208,2.29429749518931,3.09490331455001
"7093","PARVG",0.132822516115086,2.12198488112032,0,4.64144555580404,4.47689638384501
"7094","PASK",0,0,0,0,10.7831028533292
"7095","PATL1",0.91165684520797,0.557335195287118,0,0.645293013641585,3.63036546563233
"7096","PATL2",0.270531849899847,0.00466691729559125,0,6.59014344107275,0.0501105861266836
"7097","PATZ1",0.0105586664231229,0.316556550620082,0,0.0108891556980772,0.502848386587426
"7098","PAWR",0.13977962926334,0,0,0,0
"7099","PAX5",3.1380169232062,0,0,0,0
"7100","PAXBP1",0,0.591001625395972,0,0.210001193916228,1.0848829199199
"7101","PAXIP1",0,0,0,0.549538020961392,0.390585145393282
"7102","PAXIP1-AS1",0.638084632385569,0.184450925353199,0,0.240969986996631,1.6808635316449
"7103","PAXIP1-AS2",0,0,0,0.0333131750838436,0.291589663012219
"7104","PBDC1",0.27341874017952,0.0478153293208712,0,0.0444538511008428,0.108854391384758
"7105","PBRM1",0.527443923163604,0.639725330261624,0,2.22903898490121,0.923087595533967
"7106","PBX2",0,0.926680213520905,0,3.0818169241889,2.41340464356174
"7107","PBX3",0,0.198634665682711,0,1.11918432270438,0.00211502352213369
"7108","PBX4",0,0,0,0,1.84284228816513
"7109","PBXIP1",1.55317308919153,0.36674850178683,0,0.432903428892439,4.15627734505953
"7110","PCAT1",0,0,0,0,0.00115973057689764
"7111","PCBD1",0,3.73174404741172,0,1.21616366739861,1.10133062172235
"7112","PCBD2",0,0,0,2.41022637928368,0.0710187520962037
"7113","PCBP1",3.69934935921484,0.108122701939049,7.11859535190479,3.74880421394156,0.118044542826417
"7114","PCBP2",0.180454152872301,0.0834393192000528,10.6685033361695,3.69318561340676,0.58576874257919
"7115","PCBP3",0,0,0,0,0.692461846650764
"7116","PCBP4",0,2.04308280636315,0,0,0.586989104352264
"7117","PCCA",0,0,0,0.115083506693748,0.18669452001168
"7118","PCCB",0,0.91668924719901,0,1.57436375922051,0.453249173324882
"7119","PCDH9",0.432983398068541,0,0,0,0
"7120","PCED1A",0,0.12326724561136,0,2.1728854449094,0.688768137598303
"7121","PCED1B",0.254108366843965,0.341925305182702,0,0,1.41910298268867
"7122","PCF11",0.0293308917777695,0.499495481891357,0,0.530728542722324,0.182946807620304
"7123","PCGF1",0,0.534930801671528,0,0.521412017465776,0.0129632150403542
"7124","PCGF3",0,1.77832500514983,0,2.33569425386263,0.15651311119582
"7125","PCGF5",0.000244788741671678,0.588330841794187,0.665174655757914,4.84063415434747,1.83538965396292
"7126","PCGF6",0,0.286871265209415,0,0.00214449027505061,1.97101334493338
"7127","PCID2",0.0478875446866003,2.68342921308829,0,4.8722022305652,5.37149347211666
"7128","PCIF1",1.05986446627906,0.483400868401873,0,0.859576265099195,2.9937100453748
"7129","PCK2",1.35987780594785,0,0,0.273906185397779,0.792248147846204
"7130","PCM1",0.0167552188714,1.03788228379468,0,0.709269894509513,0.183303304441971
"7131","PCMT1",1.32402407275948,0.0347587904269233,1.12636497264144,0.13598921598896,0.0828099672136068
"7132","PCMTD1",0.729071753834946,0.0230270839764055,0,0.0107323685173407,1.51992972416658
"7133","PCMTD2",1.27636851088497,0.514610793890324,0,0.00947770230839152,0.257686001856907
"7134","PCNA",0,0.0101713560385963,0,0.220325010712992,1.73762461303639
"7135","PCNP",0.123548337115929,0.00719010270160311,0.452852904280204,0.456333055906012,0.605636798867217
"7136","PCNT",0,0.00136118649985258,0,0.22519357757282,2.13645447582628
"7137","PCNX",0,0.210529884810215,0,0.529111761936501,0.36520137213117
"7138","PCNXL2",0,0,0,0,0.0941008064670261
"7139","PCNXL3",0,0.244297624101944,0,0.113480725571544,0.0786404400557006
"7140","PCNXL4",2.13025738053821,1.41921781394752,0,0.389534550725606,1.75911987845914
"7141","PCOLCE",0,0,0,0,1.08641068649094
"7142","PCSK1N",0,0,0,0,0.0839601579705195
"7143","PCSK5",0,0,0,3.42523633853787,1.84076466387051
"7144","PCSK7",0.00973944346445376,0.431066989242922,0,0.256627957551576,0.315974427439149
"7145","PCTP",0,0.150179679315385,2.29914970648752,4.57550648055971,6.39169638271672
"7146","PCYOX1",0,0,0,2.29996011415053,0.736093440290932
"7147","PCYOX1L",0,0,0,0.000596496739018909,7.09484633055214e-05
"7148","PCYT1A",0,0.475993781526349,0,0.0241842328319472,0.447462150344098
"7149","PCYT2",1.48566288243959,1.22816384386182,0,1.72382509524368,0.171606585261347
"7150","PDAP1",1.62074974468434,0.028895531488899,0.322110992595253,0.336752832584336,0.000264952312063159
"7151","PDCD1",0,0,0,0,0.783150839540032
"7152","PDCD10",1.27639528852982,0.000270578944477562,15.5210223215698,0.0378841792098289,2.04096838835258
"7153","PDCD11",0,2.50428743086132,0,0.246772573553582,2.35023982693048
"7154","PDCD2",0.00819192943169372,0.754082307472558,0,0.698579410642996,0.373466635317325
"7155","PDCD2L",0,0,0,0,6.65130658433298
"7156","PDCD4",3.14419069125946,4.17970599844168,0,5.14396224011126,1.94047481621699
"7157","PDCD4-AS1",0,0.04774714428579,0,0.0603932486654887,0.0402232442740279
"7158","PDCD5",2.76431783738495,0.685531132836612,0,0.126574324340353,0.676931932076354
"7159","PDCD6",2.3094775410067,0.686318346496925,0,0.0617997934656172,4.93080507442116
"7160","PDCD6IP",3.29013034102032,0.0385288788481236,0,2.34927071613553,0.243313438839344
"7161","PDCD7",0.111675863428212,4.73969772291023,0,0.207472921687403,0.25201344295759
"7162","PDCL",0.011296321559895,2.07272263572459,0,0.564770853110865,0.0352358552718866
"7163","PDCL3",0.0087310352320006,0.376018825021317,0,0.127871386702562,0.00593256401108339
"7164","PDDC1",0,0,0,1.07549977773747,0.771266866217289
"7165","PDE12",0.021064491026732,1.86013225476024,0,0.42788531419183,4.54805679146029
"7166","PDE1B",0,0,0,7.20260624755591,3.97268469460296
"7167","PDE3B",0,0.518964525330187,0,0.0121032164561228,0.434462757447971
"7168","PDE4A",0,0.702383180212548,0,9.59938830435377,9.93744541828204
"7169","PDE4B",10.3889053720542,0.747134009385905,0,6.94594585933477,1.10200113649134
"7170","PDE4D",0,4.78026584804208,0,1.03479492558524,5.59719357696927
"7171","PDE4DIP",0,0,0,0.130893212309776,0.287087060125437
"7172","PDE5A",0,0,0.738336945923222,0,0
"7173","PDE6B",0,0.0711203732997237,0,0,0.200311368335104
"7174","PDE6D",2.41794663413375e-05,1.49109873859764,0,1.12619353011555,0.791049235074234
"7175","PDE6G",0,0.00789834179410382,0,6.59364180296955,0
"7176","PDE7A",2.83790789509094,5.96814395304568,0,0.672624793241189,0.93738408325919
"7177","PDE8A",0,0.00751774189541039,0,0.183114994011189,2.49290543353293
"7178","PDE9A",0,0,0,0,0.635826413243044
"7179","PDF",0,0,0,0,0.686760157117317
"7180","PDGFA",0,0,2.64701791486005,0,0
"7181","PDGFB",0,0,0,0,0.358278910425806
"7182","PDGFC",0,0,0,0.681410020380528,0
"7183","PDGFD",0,0.81777141661901,0,0,0.063984012695763
"7184","PDGFRB",0,0.111534117476835,0,0,0
"7185","PDHA1",0.0563113868279261,0.0409595415743032,0,3.48844037142814,0.214663835091027
"7186","PDHB",0.00814126264406025,0.0701941647115223,0,0.0473380198394462,0.110904301952271
"7187","PDHX",0.00493892686631776,0,0,2.38422701203433,2.32008376591526
"7188","PDIA3",0.00783539804567614,0.0681061890491528,0.16352386168954,3.96170272868938e-05,0.242665486158458
"7189","PDIA4",0.276972047351809,1.72080259605989,0,2.30388054584478,0.546344074299421
"7190","PDIA5",0,0,0,0,0.777783332860888
"7191","PDIA6",3.57410245003294,2.16850492299419,1.29122367699573,1.70540987788776,0.00214468094490129
"7192","PDIK1L",0,0,0,0.671925356803044,8.45036853547004
"7193","PDK1",0.0107779592376208,1.3416477977818,0,0.46895958871481,0.379746329513409
"7194","PDK2",0.430565774155029,0.053917371595718,0,2.34240559400892,0.0396530829317258
"7195","PDK3",0,2.02255108835438,0,2.55185256541313,0.757033275085028
"7196","PDK4",0,0,0,0.0674234001789522,0
"7197","PDLIM1",3.94260771923504,0.0895057190862724,2.67206210098943,0.944367252625864,0.144756316125362
"7198","PDLIM2",0.219542567816951,0.00328959320150042,0,0.391152365659105,1.74319354421429
"7199","PDLIM5",0.251950614323243,1.54569912014084,0,6.06188478445238,0.0355577906220188
"7200","PDLIM7",0,0,0.565920640117322,3.56406851500203,2.16623683465525
"7201","PDP1",0,0.0582860091725537,0,5.15915268231594,2.01144330197685
"7202","PDP2",0,0,0,0,1.0000917876709
"7203","PDPK1",0,1.53561302589537,0,2.55764430344153,0.936516863269222
"7204","PDPR",0,2.21762197156691,0,0.581519785869418,0.306037791594083
"7205","PDRG1",0.554544916523758,0.356568918979212,0,3.33845864470392,0.305884827799304
"7206","PDS5A",0.446863235600946,1.56154648719138,0,1.03620394098437,0.0982815921524083
"7207","PDS5B",0.912214974873885,3.6899952302455,0,0.0696178216117611,0.0236226441782893
"7208","PDSS1",0,0,0,8.23255844707055,3.21235824829715
"7209","PDSS2",1.84669743232199,0.578925843768483,0,2.52799818205888,1.03118178583242
"7210","PDXDC1",0.317285817228569,3.78630745080773,0,0.13829455049214,4.01920383074223
"7211","PDXK",0.392738514623493,0.500056883986642,0,0.189550520462019,0.461147176339269
"7212","PDXP",0,0,0,0,0.819625440065177
"7213","PDZD11",0,1.3608154660794,0,0.241746541087076,7.48750993843671
"7214","PDZD4",0,1.29862952709413,0,0,1.33462490555
"7215","PDZD8",0,0.0401340384862671,0,0.0260531002870678,1.69808414788763
"7216","PEA15",0.00674692979347559,0.971101110269829,0,4.70515085969837,3.93180189144526
"7217","PEAK1",0,0.201468459013313,0,0.176234585795027,0.15446380966078
"7218","PEBP1",0.0800006978100654,0.977665655299545,0,8.56219043857778,1.18867906019692
"7219","PECAM1",0.920373761514299,0.733273387233526,0.137115076903955,8.47015261392285,17.6194253868458
"7220","PECR",0,1.12715047401844,0,2.06980860114416,0.712822534155502
"7221","PEF1",0.823910117627667,0.0492524461349052,0.0461312956341947,1.85878094181077,3.95699503307462
"7222","PELI1",1.59478875971595,1.81527550598682,0,19.2971557206106,2.15573378727139
"7223","PELI2",0,0,0,0.0358658777333496,2.20289059898995
"7224","PELI3",0,0,0,0.0260502858552251,0
"7225","PELO",0,0,0,0.0272283529025365,1.89503397269878
"7226","PELP1",0,0,0,0.33766264709973,0.00325936217284648
"7227","PEMT",0,2.61204689023168,0,2.96245419591292,1.32687707188902
"7228","PEPD",2.23193433007774,0.036047490792788,0,2.8157692651441,0.0267377276327112
"7229","PER1",0.0135605405670151,4.08513336672251,0,5.19996994761921,8.85331533647076
"7230","PER2",0,0,0,0.121526233694972,0.900138349699923
"7231","PER3",0,0,0,0.249507722009764,1.60700441045707
"7232","PERP",0,0,0,0,6.28858934801071
"7233","PES1",0.296262016453712,0.0014359236148653,0,13.7632725080787,0.563466131656821
"7234","PET100",0.0547264174394858,0.53195047722332,4.69131134082351,0.214582725910741,0.00880927187858307
"7235","PET117",0.00713453620430723,0.761156590257927,0,2.4341051831438,0.518070629482736
"7236","PEX1",0,0.482755202543776,0,0.983852252499852,0.857919362094396
"7237","PEX10",0,0,0,0.087790109333664,0.283522745411267
"7238","PEX11B",0,1.05697629627045,0,0.395881464663148,0.269128763737417
"7239","PEX12",0,0,0,0,3.82582168422936
"7240","PEX13",0,0,0,1.25765594499413,0.270710704538048
"7241","PEX14",0,3.7730204749172,0,1.69248178986297,0.0309009444751652
"7242","PEX16",0.123730584486159,0.442791465190399,0,1.32944761104384,0.781917706534155
"7243","PEX19",0,1.64197165641487,0,0.124265342384485,7.63245695673041e-06
"7244","PEX2",0.0382620241633397,6.55917541393372,0,3.52947388080278,0.778702229310109
"7245","PEX26",0,0.285039294913704,0,0.0390212229619261,2.08337460584334
"7246","PEX3",0,0.320012054486486,0,0.198463210750825,0.00601021927608557
"7247","PEX5",0,0,0,0.580513921775075,0.127347953207266
"7248","PEX6",0,1.91062387906515,0,6.87067790706224,0.156323723901177
"7249","PEX7",0,0,0,4.99290240392706,0.364290432795695
"7250","PF4",0.538069572777774,0.301992971933826,1.33313782894747,0.00887718677561044,0.000803079622688669
"7251","PF4V1",0,0,2.27912358799581,0,0
"7252","PFAS",0,0,0,0,2.29589331647993
"7253","PFDN1",0.235952667223323,0.167066143961437,0,1.49133923374186,0.0193183196014711
"7254","PFDN2",3.33930316732256,0.247083585806709,0,0.0392360899235312,0.739939458173708
"7255","PFDN4",0.0374451335440539,0.0277796584116976,0,1.08488910164789,0.0111166589641692
"7256","PFDN5",0.794171961632244,0.249442467169532,1.20033577466624,5.18448005467448,1.04465492896133
"7257","PFDN6",0.428057509288594,0.00939665169786987,0,2.99056092618616,1.12643559523768
"7258","PFKFB2",0,0,0,15.2682563785937,0
"7259","PFKFB3",0.0621934621090982,0,0,5.13455958735002,3.20402105465474
"7260","PFKFB4",0,0,0,0.500203697974098,0
"7261","PFKL",1.48712318400527,0.474278571395279,0,4.35740939047573,0.00617699810258087
"7262","PFKM",0,0,0,0,0.326932048801295
"7263","PFKP",0.126512527420835,2.35151224545786,0,15.411220433422,0.214554033388903
"7264","PFN1",0.125810715724281,0.271683486066417,0.10168013395638,0.0158205572703172,0.52676117604622
"7265","PFN2",0,0,0,0,2.31682935573474
"7266","PGAM1",0.410591013356086,1.08475334902459,0.844742908327717,0.46276013056605,1.65476474078019
"7267","PGAM5",0,0,0,1.90098000775071,0.0613887770784486
"7268","PGAP1",0,0,0,0,0.809034022645002
"7269","PGAP2",0.189694565852016,0,0,0.0550345479239671,0.577609222068009
"7270","PGAP3",0,0.189502556471026,0,0.477317890485945,1.43693068376312
"7271","PGBD2",0,0,0,0,8.5152244897563
"7272","PGBD4",0,0,0,0,0.579033644591332
"7273","PGD",1.44087142577199e-05,0.0974244567471278,0.684561181848327,0.158575370084027,0.0980370350948404
"7274","PGGT1B",0.219692346498423,0.0692610843359385,0,0.128158167956882,0.0660473639672867
"7275","PGK1",1.16661968531043,1.3316555783745,2.86963183220378,0.409167341148383,1.56389493317007
"7276","PGLS",4.12573506881332,0.295183390404073,0,3.52385090437403,0.500180109817777
"7277","PGLYRP2",0,0,0,4.13541274263646,0.509673980674494
"7278","PGM1",0.244609599457724,0.151720154856372,0,3.28514851902152,2.63544201464527
"7279","PGM2",0,0.91528546475809,0,8.64474217773707,2.64558903657973
"7280","PGM2L1",0,0,0,0,4.03376849999774
"7281","PGM3",0,0,0,3.23682187987992,0.347811908424615
"7282","PGP",0,0.140326647982934,0,0.251184220074436,1.06983506561548
"7283","PGPEP1",0,0.0447061590866031,0,5.89427854265602,0.115202726050502
"7284","PGRMC1",0,0.301397433870589,0.0569337473176044,0.0478435685600782,0.0154511736426345
"7285","PGRMC2",2.45815380444962,1.29658145287622,0,0.0323224621193824,0.369521620251124
"7286","PGS1",0,1.00406116474763,0,0.222678155825604,0.137586432364585
"7287","PHACTR1",0.209343707544345,0,0,5.15560923586795,0.0969343711248134
"7288","PHACTR2",0,0.896743095452631,0,3.69187580306745,0.102902355672924
"7289","PHACTR4",0.252544802192921,0.308111011449636,0,2.09171814324142,1.49473049706893
"7290","PHAX",0.390747405653271,0.0723846988452234,0,0.572362064561444,0.201213959882823
"7291","PHB",0.829079871741495,7.28204150806244,0,4.08977733188028,3.40024389562501
"7292","PHB2",0.0877896561404447,0.61586112592495,0,3.54613927450569,0.226314307409594
"7293","PHC1",0,0,0,0.0984887768621796,1.33378656325838
"7294","PHC2",0,0,0,5.63778763452133,0.0513575731130571
"7295","PHC3",0.0164254865527938,0.458235626524909,0,1.74656539483837,2.15903177188208
"7296","PHF1",0.0709885342878193,1.67696211422417,0,5.27572101717859,9.16527024972757
"7297","PHF10",9.1262580625412,1.76375232531719,0,0.00928773798573782,0.608745947315725
"7298","PHF11",0.00132903057369835,4.10199684286611,0,0.450664781387773,0.730291513438089
"7299","PHF12",0,1.05469712531046,0,1.56778143601692,3.91832532015781
"7300","PHF13",0,0,0,1.10960342836911,0.211339447096118
"7301","PHF14",0.468054271910901,1.61284345636359,0,1.26411331315859,2.60069509638028
"7302","PHF19",0,0.33506184888502,0,5.59280259864518,1.52014943579105
"7303","PHF2",0,0.214281972923131,0,1.21941999044671e-05,0.0399910658245722
"7304","PHF20",4.39686593542439,0.00789160558283747,0,0.0566276386649664,0.624342606578371
"7305","PHF20L1",0.0459419620561434,1.60245096748679,2.56428235147853,0.0655213011339382,0.0505254882004054
"7306","PHF21A",0.826900111128079,0.134519645124675,0,0.922834127315795,0.0425367485679763
"7307","PHF23",0,0,0,0.643616582337635,9.97778632606634
"7308","PHF3",0.32106523731651,1.41170989030085,0,0.866291889611917,0.876218613996595
"7309","PHF5A",3.06011507077136,4.16521333804109,0,4.97578740949674,2.84809979964451
"7310","PHF6",0.183431637576198,0.0797445560148712,0,0.00163786505660485,3.37695164005961
"7311","PHF7",0.00149713687762646,0,0,1.70680645417433,5.6887729218938
"7312","PHF8",0,4.44194679914992,0,0.2770804444484,0.0131557804876007
"7313","PHGDH",0,0,0,0,2.0709775495972
"7314","PHIP",0.308682488949115,0.107574467953382,0,0.427739434856032,1.28468829856823
"7315","PHKA2",0,0,0,0.373292293752442,0.367112534854776
"7316","PHKB",0.576682931333022,0.0912270827053464,0.430601944828037,0.0261113802854185,0.0102509377594158
"7317","PHKG1",8.45171117063846e-07,0,0,0,0.00862909874119313
"7318","PHKG2",0.0182022486223348,8.65740813427564,0,0.988935327904695,0.0930464292313726
"7319","PHLDA1",0,0,0,1.39167742655283,1.55683697140468
"7320","PHLDA2",0,0,0,0.759935737517359,5.76374936938724
"7321","PHLDB2",0,0.299140448037827,0,0,4.79169416771535
"7322","PHLDB3",0,0,0,0,1.13983593925212
"7323","PHLPP2",0,0,0,0,2.3624020288332
"7324","PHOSPHO2",0,0,0,0,0.241767980398242
"7325","PHPT1",1.30957445326906,0.832389989693429,0,0.259131165906664,1.90589079190097
"7326","PHRF1",0,0.189542561252406,0,2.90476953587874,0.157013034998738
"7327","PHTF1",0,2.25849704284536,0,0.0023200836869618,0.00340445313080174
"7328","PHTF2",0.526738249286839,0.765469865672163,0,13.5458910741955,0.836450477290104
"7329","PHYH",0,0,0,1.59905956046033,0.282475721146777
"7330","PHYKPL",2.33851757999751,0.254016161158917,0,0.896066185572461,0.112186192371197
"7331","PI16",0,0,0,0,0.463796399225379
"7332","PI4K2A",0.00117839372713609,3.13276265711276,0,2.16621878569529,4.35045927833551
"7333","PI4K2B",0,0.0106613950401251,0,0.0220115291427646,0.028661115066141
"7334","PI4KA",0,0.156283210058307,0,0.0204782087739077,8.88086461314702e-06
"7335","PI4KB",0.195779401275018,1.91387688130184,0,0.0335179311432826,1.64431287274264
"7336","PIAS1",0.0297582598568473,0.0127092641089818,0,0.359835361253254,0.600188734448924
"7337","PIAS2",0.162872052800747,0.000241940488975188,0,0.0410386620634162,0.00431209893110292
"7338","PIAS3",0,0.227415674079364,0,2.85578919804398,11.5470460866643
"7339","PIAS4",0,0,0,1.57850922682776,0.0246044969150485
"7340","PIBF1",0,0.600589925987005,0,0.848652713819577,0.0573941069059471
"7341","PICALM",1.10399914192798,0.328371813855577,0,0.237243366859657,0.334511122095567
"7342","PICK1",0,0,0,36.3293241806953,0.465422238561765
"7343","PID1",0,0,0,12.2668101158252,0
"7344","PIDD1",0,0,0,0.399471558971213,0.740228279233079
"7345","PIEZO1",0,5.38673283885912,0,0.546651937646267,4.81113729931004
"7346","PIF1",0,0,0,0,0.809059331042553
"7347","PIGA",0,0,0,2.32928172608176,2.68924256941552
"7348","PIGB",0.110632896347308,0.116629648688608,0,1.0177134452015,0.0501980127667942
"7349","PIGBOS1",0,0.253378311849328,0,0.0355437664965976,1.45228325707324
"7350","PIGC",7.22428382246589,0.00768240596221782,0,6.13743796481759,2.60677214618501
"7351","PIGF",0,0.227302525411752,0,4.90101391240164,4.33606052248223
"7352","PIGG",0,1.67092629125996,0,0.0217697149760031,0.891703921555554
"7353","PIGH",1.45396211545669,3.95490423798922,0,4.44567802503293,3.12162326391201
"7354","PIGK",0,2.46633963851823,0,2.42266732851949,0.442742275988285
"7355","PIGL",0,0,0,3.94364879172536,0.333499202255612
"7356","PIGM",0,0,0,0.0298134549757701,0.0882225605434374
"7357","PIGN",0,0,0,1.97315150603784,0.687388800690184
"7358","PIGO",0,0,0,0.358320762344947,0.819710327673381
"7359","PIGP",0.233292763876087,0.0744330553240117,0,2.91182070895495,0.618419870173846
"7360","PIGQ",0,0,0,1.60223038020798,0.0358170089866298
"7361","PIGS",0,2.42517276102049,0,0.09708002686931,2.97186322333296
"7362","PIGT",0.723309966909249,5.73600595778543,0,0.119109366060238,0.765103110762565
"7363","PIGU",0,0,0,0,2.13107289174782
"7364","PIGV",0,0,0,0.327919940161155,3.51420707123108
"7365","PIGW",0,0,0,0.0661017702889258,0.595809989215337
"7366","PIGX",0.0245896339713021,0.348235191969639,0,1.42361410427483,0.624537002568579
"7367","PIGZ",0,0,0,0.128194914504826,0
"7368","PIH1D1",0.0264798325476271,0.608030032569149,0,0.314521982402554,0.0120889588900432
"7369","PIK3AP1",0.68009631140655,0.663218222809468,0,0.0133536871061148,0.126033886183164
"7370","PIK3C2A",0.0589847377399961,1.92467930450046,0,3.28036152738991,0.506454701875907
"7371","PIK3C2B",3.77790712606243,0,0,0,0.310204779288426
"7372","PIK3C3",0.0530584406416281,0.730243907624425,0,0.530739601051744,0.348997366403327
"7373","PIK3CA",0.187892389519861,0.891825401600318,0,0.292236418458689,2.53407389197417
"7374","PIK3CB",0,0,0.731924351005617,0.138481732034987,0.630251066576174
"7375","PIK3CD",1.0739881161831,0.970452846089212,0,0.0481797443684456,0.667556084405421
"7376","PIK3CD-AS2",0,0,0,0,0.566183695463519
"7377","PIK3CG",2.66397009646118,0.205342643762111,0,11.7596441280354,0.000209566114263062
"7378","PIK3IP1",7.18115415650324,0.685312822349074,0,1.55790096347935,3.35211443941608
"7379","PIK3IP1-AS1",0,0,0,0,0.108598041135515
"7380","PIK3R1",8.49400743601082,4.97755836671496,0,0.321546001963733,4.26360798022402
"7381","PIK3R2",0,0,0,0,0.131037803095867
"7382","PIK3R3",0,0,0,0,1.26378794166873
"7383","PIK3R4",0,0,0,0.349877192621726,0.285472635643416
"7384","PIK3R5",0,3.36682588684665,0,0.720034559716364,0.151187667014941
"7385","PIK3R6",0,0,0,0.00803235190687339,0
"7386","PIKFYVE",0.295658339334811,1.21132291333024,0,0.333752202454755,0.734060173327678
"7387","PILRA",0,0,0,0.0234924121159197,0.0168644949782321
"7388","PILRB",0.867858005679807,0.402200074042034,0,0.980374703807087,0.123215499365181
"7389","PIM1",0.140887559450528,3.28934880853696,1.59764638369176,0.0392119293789577,18.0769146634267
"7390","PIM2",0.232201059120371,1.32566261122161,0,0.48636542265601,3.13943060833798
"7391","PIM3",0.0814742222941744,1.7404538888677,0,0.0326932053090839,0.749620772535483
"7392","PIN1",0.493704196620759,1.7989785821377,0,0.552474258395755,1.11617903523684
"7393","PIN4",0.0751939538873951,4.11458982288384,0,2.84231098279955,2.73688014892301
"7394","PINK1",0,0,0,0.675888562248366,3.79686882821836
"7395","PINX1",0,0,0,0,0.301718536473346
"7396","PIP4K2A",0.727555862634109,0.405767015661633,3.56347878642717,0.123947516285297,0.336574796566999
"7397","PIP4K2B",0,0.816120057592198,0,0.996669421166026,2.35556998441722
"7398","PIP4K2C",0,0.076606703938689,0,0.244030181849349,2.45360305271031
"7399","PIP5K1A",0.549333200152454,0.779537880391871,0,1.47077249295532,1.52533539513308
"7400","PIP5K1B",1.62485028951344,0,0,0.0782640531697777,0
"7401","PIP5K1C",0.0231185770310055,0.925386592522431,0,0.0534592922129025,0.0486534244489465
"7402","PISD",2.23768460573522,0.000278412806454743,0,5.01171949176145,0.0364148264496849
"7403","PITHD1",1.63762016397098,0.479679689521015,1.16188250971957,11.2327794783152,6.37927978101444
"7404","PITPNA",0,0.164021535445864,0,0.283683332975966,1.50002845269156
"7405","PITPNA-AS1",0.125691578938911,2.00197878741052,0,0.118144458786742,0.0258210283606866
"7406","PITPNB",0.310270754771378,0.563663827592177,0,6.74987362119509,0.524768405145873
"7407","PITPNC1",0,6.12494638045381,0,3.64301813116353,0.37309385465346
"7408","PITPNM1",0,0.600865999575191,0,7.83407972189914,0.59561353728051
"7409","PITPNM2",0,8.08195860455288,0,0,3.38502020701831
"7410","PITRM1",0,0.0475913160509687,0,0.00177480939052957,0.261118767275243
"7411","PIWIL1",0,0,0,0,0.138210084865067
"7412","PIWIL4",0,0,0,0.637474830048993,0
"7413","PJA1",0,0.0492931061336571,0,0,2.77341283030055
"7414","PJA2",0.00032663523071747,1.10381792343531,0,0.95959156896343,4.45765763441089
"7415","PKD1",0,0,0,0.000420848873971126,0.126849759730612
"7416","PKD2",0,0,0,1.01655667244112,0.664689936382361
"7417","PKHD1L1",9.85291548257621,0,0,0,0
"7418","PKI55",0,0,0,0,1.88949943374926
"7419","PKIA",0,0,0,0,0.560909728195995
"7420","PKIG",1.87480655301087,0,0.0505848018968351,0,0.0325886184528714
"7421","PKM",0.908615545646865,0.0700356461695371,2.28438155958456,0.635082491660532,0.00717905621343065
"7422","PKN1",0.95582421011332,3.68493556606643,0,3.67944323761704,0.372304831444749
"7423","PKN2",0.0907267705380737,2.37042979722314,0,0.077180591250459,0.625793289049592
"7424","PKNOX1",0,0.417413297100239,0,0.752700573769417,0.380690288470445
"7425","PKP4",0,0,0,0.0429175499430032,0.0269994907692239
"7426","PLA2G12A",0,0.351518251830453,0.178006971300681,1.67836745884997,0.61528881255958
"7427","PLA2G15",0,0,0,1.62557104827365,0.102530612717255
"7428","PLA2G16",0,0.00666789567365922,0,0.585413776931699,0.253088993287221
"7429","PLA2G4A",0,0,0,3.80638450020929,0
"7430","PLA2G4C",0,0,0,0.129462490913448,0
"7431","PLA2G6",0,1.1665653484755,0,0,0.0108396461584971
"7432","PLA2G7",0,0,0,1.66623345602728,0
"7433","PLAA",0.456423032084548,0.000315865727162153,0,0.00151767722495994,0.380493840426975
"7434","PLAC8",0.03277510765627,0.537510927012025,0,2.52479998712784,9.73806355479894
"7435","PLAG1",0,0,0,0,0.0977668395901138
"7436","PLAGL1",0,0,0,0.166487557911089,3.61119599608883
"7437","PLAGL2",0,0,0,1.0807275104268,3.73126294059686
"7438","PLAUR",0,0,0,0.206258373819224,5.16035363838724
"7439","PLB1",0,0,0,10.8042903739009,0
"7440","PLBD1",0,0,0,44.5260919341794,1.91400420541583
"7441","PLBD2",0,0,0,0.66940096095954,0.0212772901410347
"7442","PLCB1",0,0.166989092884995,0,3.80914132896641,0.183262531610294
"7443","PLCB2",1.85191652794605,0.124800104843063,0,0.120469220332554,0.759636134476723
"7444","PLCB3",0,0,0,0.669059314437145,0
"7445","PLCD1",0,0,0,1.39000879770199,21.2946373193089
"7446","PLCE1",0.161983958342995,0,0,0,0.196367130790139
"7447","PLCG1",0,1.99405995345039,0,0,3.09203512427376
"7448","PLCG2",1.32793049888327,0.768094409740604,0,0.147644173569135,0.230419949570659
"7449","PLCH2",0,0,0,0,0.804817131629858
"7450","PLCL1",0,0,0,0,0.528104270567846
"7451","PLCL2",0.338230927185483,0.0677484718010557,0,0.781074954664607,0.00269948029209418
"7452","PLCXD1",0,0,0,1.96977122429381,0.529224064923475
"7453","PLCXD2",0,0,0,0,0.0742158987346507
"7454","PLD1",0,0,0,4.67326344573269,0
"7455","PLD2",0,0,0,0.13425294869189,0.0641618194365708
"7456","PLD3",0.913321035643851,5.37756802281444,8.77982368538982,0.437142950010171,0.214276794491794
"7457","PLD4",6.42063085068417,0,0,16.346976058698,0
"7458","PLD6",0,0,0,0,0.264013779159196
"7459","PLEC",0.00181736235475081,1.8376913932637,0,1.45024195735799,0.0294999921707509
"7460","PLEK",0.131322750292475,0.192713743047956,0.119953813957496,4.17683723589594,0.469872363929938
"7461","PLEKHA1",1.22876298149191,1.16842028644684,0,0.222637223790832,14.9642049920486
"7462","PLEKHA2",2.76163516887515,11.8390930053152,0,0.205297249274714,2.45354671837773
"7463","PLEKHA3",0.00344257572882229,2.80819949737384,0,6.08236007967485,0.399099311994268
"7464","PLEKHA5",0,0,0,0,6.07266836390369
"7465","PLEKHA8",0,0,0,1.35060518363764,0.255032384818992
"7466","PLEKHB1",0,0,0,0,0.0133103601202495
"7467","PLEKHB2",1.74583959740211,1.74038492680719,0,0.09577774416177,0.889702939033082
"7468","PLEKHF1",0,0.411795871637148,0,0,0.327278803181289
"7469","PLEKHF2",0.216973629462914,0.034519143379927,0.525611241114767,0.111806143754108,1.71594996489458
"7470","PLEKHG1",0.624196347498078,0,0,0,9.34550254747007
"7471","PLEKHG2",0,0,0,2.58297223264845,3.05090854809818
"7472","PLEKHG3",0,2.18488158407611,0,0.752193226044509,0.0295491163418533
"7473","PLEKHG4",0,0,0,0,1.19781945360943
"7474","PLEKHH2",0,0,0,0,5.76257153232499
"7475","PLEKHJ1",9.13521619212684,4.64904319850352,0,0.557584839780605,1.7817233750087
"7476","PLEKHM1",1.12427055791615,0.0318129909890892,0,0.00186288397833862,0.962076533669204
"7477","PLEKHM2",0,0,0,0.682341963703899,0.317158238955699
"7478","PLEKHM3",0,0,0,0.191921035443573,0.0111990233583088
"7479","PLEKHN1",0,0,0,0,0.413751168480519
"7480","PLEKHO1",0.140739798303209,10.5713146124239,0.594911457381262,10.914505854209,4.76324697409748
"7481","PLEKHO2",0,0,0,9.57646485809548,0.44080079621915
"7482","PLGRKT",2.45118309554003,0.399582340519933,0,0.0132043278341057,0.0115681905958444
"7483","PLIN2",3.64338215988171,3.3628111029687,5.57076243197962,4.44696698606898,0.0331377493423363
"7484","PLIN3",0.109670557940213,0.230390627818511,0,0.190073080356561,3.69350388461648
"7485","PLK2",0,0,0,0.0750041728762284,0.681036571902186
"7486","PLK3",4.94938631109105,0,0,0.00540576483706461,1.96617699379798
"7487","PLK4",0,0,0,0,0.342105440592014
"7488","PLLP",0,0,0,0,0.052936466637088
"7489","PLOD1",0,1.20622657250091,0,5.89925381156064,0.00115617563201528
"7490","PLOD2",0,0,1.19462097374238,0,0
"7491","PLOD3",0,0.186046675567767,0,2.6652097451842,0.29651653531985
"7492","PLP2",0.501960168213279,2.13802570864234,0,0.0255584042288675,3.24796850634542
"7493","PLPP1",0,0,0,0,2.13932845120949
"7494","PLPP5",0.572269935321335,0.0010900019733072,0,0.930934392130376,3.18772178230605
"7495","PLPP6",0,0,0,0,0.846024140325613
"7496","PLPPR2",0,0,0,2.1397785981544,4.51744543049447
"7497","PLRG1",0.0942060070538304,0.0716228556183209,0,0.355234713310102,0.00497217339130853
"7498","PLSCR1",2.9535163899281,1.12428601110873,0,0.0868142463610169,0.212524312288774
"7499","PLXDC1",0,0,0,0,1.02818049021756
"7500","PLXDC2",0,0,0,3.68330168155059,0
"7501","PLXNA3",0,0,0,0,0.0293549866132509
"7502","PLXNB2",0,0,0,3.05963898497587,0
"7503","PLXNC1",0,0,0,5.35168101383341,2.80732166850462
"7504","PLXND1",0,0.105029021242998,0,0.555336969781357,4.37374735596148
"7505","PM20D2",0,0,0,0,6.99760132526092
"7506","PMAIP1",0.58864208033959,1.11348273314736,0,1.71716660956564,0.000386700686885439
"7507","PMEPA1",0.282827840631405,0,0,0,1.69993265190337
"7508","PMF1",0.0933354852957906,0,0,0.0524896816401322,0.00239469721334088
"7509","PML",0.750730335456596,1.71761246496743,0,0.592393447554461,1.83449092177121
"7510","PMM1",0,3.04933564142888,0,0.0369603084756909,0.987389774125376
"7511","PMM2",0,0.706961078636923,0,1.15385591524181,3.64612010746506
"7512","PMPCA",0.0343216170321128,0.337627360754898,0,0.103284686450323,0.111306870660907
"7513","PMPCB",0.667608155531683,1.77537839672662,0,2.11894776497236,2.71471129912074
"7514","PMS1",0.148854610220496,2.56686487548235,0,4.29569317341474,3.52960126736754
"7515","PMS2",0,0.121202096533889,0,1.43728739887409,1.23128021203883
"7516","PMVK",0.937828834952456,0.263913494162487,0.000219623022640965,0.0972909477916362,1.85558662119543
"7517","PNISR",0.0456582115667266,1.90136660918332,0,0.0304773403635605,1.70883513638529
"7518","PNKD",1.39405531267541,1.96970001723886,1.12876179480854,0.65496879515713,3.7484005432223
"7519","PNKP",1.81287905016126,0.939307050478738,0,1.78969888928117,0.642510385121638
"7520","PNMA1",0,0.0115734634497809,1.480282842963,0.456135591378376,9.26481987262246
"7521","PNMA3",0,0,0,0,1.43519514666586
"7522","PNMA5",0,0,0,0,0.0307718332472164
"7523","PNN",1.4748790776387,2.51464744210899,0,0.167695054054975,0.615138128192118
"7524","PNO1",0.0189337191378052,0.0468138127450403,0,0.0205152105034781,0.285965225710225
"7525","PNOC",1.32935059874184,0,0,1.45303341311347,0
"7526","PNP",0.598247529523609,0.0429686628170697,2.58560433519493,0.122317566042732,0.104761676218642
"7527","PNPLA2",0.0347473690285715,0.199133566645266,0,0.00175205871572114,0.966855194425589
"7528","PNPLA4",0,0,0,0.862169171883388,4.49404544641552
"7529","PNPLA6",0.102509447877688,0.855142255821353,0,0.871335098203932,0.399911528970085
"7530","PNPLA7",0,0,0,0,2.31892231370392
"7531","PNPLA8",0.0920557039811763,2.03421070553026,0,0.785687510492912,0.404520884177128
"7532","PNPO",0,0,0,3.60067550604664,5.42608613776264
"7533","PNPT1",0.0108663591952014,6.94897439411758,0,1.60381417982946,9.65552267377046
"7534","PNRC1",0.246263908678766,0.122167345467932,2.97880571382089,5.81697102117201,0.339484674434905
"7535","PNRC2",0.573550999663851,0.477158562408508,0,8.09981255756913,3.80204134522227
"7536","POC1B",0.00941188130676039,1.63478275684761,0,1.36142093340073,0.00191487427978183
"7537","POC5",0,0.353807771724148,0,0.254034037313553,0.522748794309223
"7538","PODXL2",0,0,0,0,0.675911144118831
"7539","POFUT1",0,0,0,1.15374514384881,0.0840230441217344
"7540","POFUT2",0,0.170261251499616,0,2.2242076907458e-05,1.54271439512147
"7541","POGK",0.531378170907445,0.0679318525314697,0,0.723335606929855,0.0729505002253987
"7542","POGLUT1",0,1.8213641523109,0,8.84712660187307,9.60579372006038
"7543","POGZ",1.59034787239666,3.52495239845183,0,2.98965798130169,0.18969197571081
"7544","POLA1",0,0,0,0,2.76010295874554
"7545","POLA2",0,0,0,0.217811678297436,0.151033227146376
"7546","POLB",0.201885485424634,1.62621484444356,0,0.419002964558289,1.53509076265872
"7547","POLD1",0,0,0,1.97984718846482,0.138203556473808
"7548","POLD2",0.0364753178632842,0.00588317657850071,0,2.19635825821099,1.55012800000894
"7549","POLD3",0,0,0,2.62793293208963,1.21300532878279
"7550","POLD4",0.551206962845529,2.41504671506534,6.51337796288889,0.206971730624156,2.49348144837188
"7551","POLDIP2",1.09729362435215,0.762694498352789,0,2.09284961519981,0.0194595639363406
"7552","POLDIP3",3.94974441061169,1.07599727932074,0,0.00553166929563031,0.374794416175956
"7553","POLE",0,0,0,0.271894970583115,0.0796470161199944
"7554","POLE3",0.0330804731365894,0.343315079868469,0,2.03586429151126,0.564834625713594
"7555","POLE4",2.62227992957111,4.82033970255732,0,1.30056083050975,3.95179494951234
"7556","POLG",0,0.0373956014518864,0,0.137886109173551,0.356005532198372
"7557","POLG2",0,0.0720541126700404,0,0.136143129748512,0.573407820627149
"7558","POLH",0,0,0,0,0.56699316349273
"7559","POLI",0,0,0,10.0052802979862,1.7065671173288
"7560","POLK",0.0618012842334888,0.810945657942145,0,0.520455369882954,0.46363306113959
"7561","POLL",0.364828808387515,0.769093354898328,0,0.0243334999669237,0.00774908411668038
"7562","POLM",0.519298765068928,0.365721479108706,0,2.26531403923912,1.16839320855232
"7563","POLR1A",0,0,0,1.90383709638622,2.33074270647269
"7564","POLR1B",0,0,0,0,1.55616735579642
"7565","POLR1C",0.555470334116559,0.211568197434596,0,0.0783175706642356,0.97692225319186
"7566","POLR1D",0.993283332837172,0.0506661553305912,0,2.31187092135111,0.675953059178925
"7567","POLR1E",0,0.953266088476096,0,2.42074874815078,1.10364264629496
"7568","POLR2A",0.825366579643712,0.00464303646672835,0,0.291293863793513,0.527253231334565
"7569","POLR2B",0.30242923744965,2.06185335716466,0,0.032778299554029,0.664602688970754
"7570","POLR2C",0.693960395719199,0.0610281478969908,0,1.32875990350414,3.62538037491975
"7571","POLR2D",0.355524341629712,0.00255930998914137,0,0.564090826284148,4.73643716344781
"7572","POLR2E",0.781666504996592,1.14826251144945,3.14322939754273,0.0036860640920041,1.69915077717526
"7573","POLR2F",0.0198097015085626,0.024422688823713,0,0.731102873636249,1.43632268025438
"7574","POLR2G",0.203403500268609,0.830554881290976,2.17600980694754,0.0585375587255531,0.575978695021487
"7575","POLR2H",1.26874096816869,4.2560319724402,0,1.41338793286371,8.59407424795857
"7576","POLR2I",0.770517318074381,0.099109373840335,0,0.102883896802404,1.1763009631878
"7577","POLR2J",0.580537272184362,0.103331524648036,0,0.00452213772259447,0.324438205412842
"7578","POLR2J2",0,0,0,0,0.110710696452055
"7579","POLR2J3",0.047575793701067,0.314105110939263,0,0.0511123610823569,0.108377411223573
"7580","POLR2K",2.81809359501005,0.00091328282351579,0,0.0142957001047467,0.250836900725724
"7581","POLR2L",1.51759455536576,2.1792720282032,0.236793281532842,0.301218912631768,4.41031088326023
"7582","POLR2M",0.017259603067372,0.01676045910228,0,1.00251971958691,0.405882812882451
"7583","POLR3A",0,0.427749320785376,0,0.666684238227029,0.0116730624114854
"7584","POLR3B",0,0,0,0,0.574472612547611
"7585","POLR3C",0,4.15222875465542,0,0.717965564735012,0.566923010803528
"7586","POLR3D",1.30313240501625,1.1930429658912,0,0.802976218736551,7.14394816803841
"7587","POLR3E",1.42502216268174,2.21365222348415,0,1.92700096491783,0.305352381485585
"7588","POLR3F",0,0.522444519164731,0,0.710986023915759,2.00439191931183
"7589","POLR3GL",0.464424155016583,0.691239925817036,0,0.638548287284165,1.50567456946793
"7590","POLR3H",0,1.30537276150747,0,0.352047292124679,3.80488740197568
"7591","POLR3K",1.7534269037568,0.00136705242964018,0,0.392742462494883,4.42182603522935
"7592","POLRMT",0,12.8427523530174,0,0.220436580672722,1.00872675048851
"7593","POM121",0.594125377463751,1.22177452317084,0,0.982913744861593,0.0914355053134765
"7594","POM121C",0.0250672233800745,1.2655527571918,0,1.94306483274695,0.730505606102764
"7595","POMC",0.15974475784016,6.61858011466014,0,0.50552684710657,14.6343141605392
"7596","POMGNT1",2.69702163862676,0.00504525234384813,0,0.826243532426265,0.0209857089452525
"7597","POMGNT2",0,0,0,0.0311848337324285,0.157021915576563
"7598","POMK",0,0,0,0,0.0424887966486136
"7599","POMP",2.77813670080327,0.152578729358008,0.551864841550867,0.210939360422035,0.0287336285671384
"7600","POMT1",0,0,0,1.32052514296452,1.42644765106319
"7601","POMZP3",0,0,0,0.840572162712996,6.89379511062346
"7602","PON2",0,0.229118018429873,0,4.32265114869805,1.56450990110135
"7603","POP1",0,0,0,0,2.77499270122635
"7604","POP4",0.163261541390214,0.809216884970725,0,0.819130714397245,0.118820518856598
"7605","POP5",0.167318792288299,6.77373012630649,0,1.58876919372872,2.80078935274587
"7606","POP7",0.0310234234346255,0.129824446904454,0,0.245387702903602,0.0124419919191188
"7607","POR",1.0053052635704,0.125365784454324,0,0.19916572524396,5.31343543332863
"7608","PORCN",0,1.44170833585356,0,5.24580764535834,8.73671774672497
"7609","POT1",0,0,0,1.46516387957444,0.825288327670117
"7610","POT1-AS1",0,0,0,0,2.755444435877
"7611","POU2AF1",2.18551036360808,0,0,0,0
"7612","POU2F1",1.09210239600316,0.0427859010226166,0,6.67672941009693,1.17008070027822
"7613","POU2F2",0.928961182824469,0.54296128743404,0,3.55680023270831,2.48533567109429
"7614","POU5F2",0,0,0,0,0.0248493809903877
"7615","POU6F1",0,0,0,0,0.760471687019781
"7616","PPA1",0.0345219787821037,3.92836534156466,0,2.03037692756252,0.0980592740846561
"7617","PPA2",0.608829150928177,1.53876099937404,0,0.0716571142237895,0.475807157561363
"7618","PPAN",0,0,0,0.52062072830658,0.294094736872042
"7619","PPARA",0,0,0,0.562425861667571,1.51870333753229
"7620","PPARD",0,0,0,0.31384703038749,0.744510692815104
"7621","PPARGC1B",0,0,0,1.54326669638705,0.453440049743641
"7622","PPAT",0,0,0,0,5.28844045786385
"7623","PPBP",1.42336550280732,0.0167459504168688,1.40279437006325,0.0178207589538403,0.0810586919289746
"7624","PPCDC",0,0.468074469763182,0,31.3937323474774,0.938420435638414
"7625","PPCS",0.326018366328042,0.415673489388425,0.576315712842536,3.96196278171965,0.817446818192029
"7626","PPDPF",2.20153799975225,3.7372004261291,7.62187770914572,0.706611570888872,0.310612270305478
"7627","PPFIA1",0,0,0,1.57042485274249,1.13752216780713
"7628","PPFIBP1",0,0,0,0,1.02926332869882
"7629","PPFIBP2",0,0,0,1.11812928455916,4.07387147175735
"7630","PPHLN1",0.642473034946719,0.426834272975108,0,0.653390057235967,0.686810146772107
"7631","PPIA",0.00408621651011691,0.000540680709030743,1.39501694574142,0.525886193800621,0.0106115221580142
"7632","PPIB",0.254384796338603,0.882376815031792,1.39015978923357,1.60137900479173,0.338980284426739
"7633","PPID",0,0.41747920254621,0,4.53126288791207,0.0465005205772129
"7634","PPIE",0.266862224850293,1.08544970014495,0,0.182310264169749,0.293142268693258
"7635","PPIF",1.20523302935391,1.28137755322611,4.80282802330508,0.0960282633912251,1.06547470788075
"7636","PPIG",0.438213907385888,0.29234877048558,0,2.10108709566767,0.742099322707518
"7637","PPIH",0.501730617037074,0.0243810830193655,0,0.0119468444977572,0.2090216898994
"7638","PPIL1",0,0,0,0,4.07460571964597
"7639","PPIL2",1.38314634808762,1.45760636638311,0,1.93638548718024,0.269102663003457
"7640","PPIL3",0.551890844407597,0.949923466617018,0,1.28798456828126,1.85548014531553
"7641","PPIL4",0.58188349464482,2.20007173286576,0,1.53950077015773,3.51978578019197
"7642","PPIP5K1",0,0,0,0,1.87005372310419
"7643","PPIP5K2",0.0573101733704374,0.0215021637810762,0,0.0301409631564866,6.28333358457534
"7644","PPM1A",0.647212608295795,1.53769533628839,23.4197562234616,0.316020142635516,1.33309183960627
"7645","PPM1B",1.4016227863581,4.29048275469293,0,0.100521451530487,3.25113055005881
"7646","PPM1D",0.861579423945525,0.175690113753938,0,0.00163276912489557,0.39248591795155
"7647","PPM1F",0,0,0,10.3732807696415,0.467656878411474
"7648","PPM1G",0.599848699064449,1.71196644202228,0,0.628537840700855,0.189707620674065
"7649","PPM1K",0.597456545591352,3.5025816135848,0,16.1686678675114,0.0137859604785063
"7650","PPM1L",0,3.5749130088541,0,0.00666680567279257,0.667489509831216
"7651","PPM1M",1.40706054350254,1.14987565890956,0,0.0179565892195418,0.210714989960021
"7652","PPM1N",0,0,0,2.81705133060243,0.00726501724086374
"7653","PPME1",0,0,0,0.511954368521262,0.50075824289928
"7654","PPOX",0,0.16598064784421,0,0.704673526694226,0.0764217296494001
"7655","PPP1CA",0.0033101882101351,0.174607775271193,1.44466514353895,0.121379550988596,0.368668472512387
"7656","PPP1CB",0.264670191035353,0.000615568688842386,0.660671803503324,0.266516800558979,0.00205786721523699
"7657","PPP1CC",0.0183974970499527,0.0329055466629106,0,0.0887211672092662,0.150809619399839
"7658","PPP1R10",2.50092518031321,3.59852150344092,0,0.994905379254573,0.486581483992292
"7659","PPP1R11",2.30994755205584,0.216275204032663,0,2.27544061001438,0.823500319216489
"7660","PPP1R12A",1.92837192083107,0.00921622374765978,0,0.209777718116448,0.015512634357477
"7661","PPP1R12B",0,0,0,2.36284962961053,0.26706993071188
"7662","PPP1R12C",0,0.0841043152237414,0,0.762217740701921,0.00381970238729222
"7663","PPP1R13B",0,0,0,0,3.64199443682501
"7664","PPP1R13L",0,0,0,0,0.234946158414712
"7665","PPP1R14A",1.32107029404693,0,0.00539317161927798,0.655776508812944,4.78315356842894
"7666","PPP1R14B",1.06163462056653,0.0312607653532267,0,7.33847527002956,2.12209037572405
"7667","PPP1R15A",8.63100615849053,2.87528642987929,1.23741342999948,11.3978598504543,1.01566424875532
"7668","PPP1R15B",2.48752958471454,0.0297468366825931,0,0.140484774947922,0.161859261760481
"7669","PPP1R16A",0,0,0,4.41319089513852,0.797873705186137
"7670","PPP1R16B",0.0438718655956917,7.4936492001711,0,3.7808053792257,7.20199609801214
"7671","PPP1R17",0,0,0,0.0861188370822154,0
"7672","PPP1R18",2.47110416329035,1.22292418180457,0.286591219235002,0.293391234131197,4.37591556247518
"7673","PPP1R2",0.86054243575417,0.183932050247101,0,0.0285113356138331,0.0618465262317669
"7674","PPP1R21",0.667053119846285,0.0958142335589374,0,2.75695585820042,1.46069776966406
"7675","PPP1R32",0,0,0,0,0.348845014177975
"7676","PPP1R35",3.90068743049963,2.54005518168821,0,2.83345790921832,4.07355837543438
"7677","PPP1R37",0,0.0438722601340204,0,0.0211717675366372,2.63193629365952
"7678","PPP1R3B",0,0,0,0.403812237391616,1.2976451832528
"7679","PPP1R3D",0,0,0,0.850106210665378,1.89666509086558
"7680","PPP1R3E",0.0081071136782019,0.556160819261512,0,0.664377668502498,0.251868570359786
"7681","PPP1R3F",0,0,0,0,0.00184909007482482
"7682","PPP1R7",0.0196292706638748,0.0478862073294334,0,0.0637436698724747,1.54797270823109
"7683","PPP1R8",0.0626508560964097,0.0828046322660206,0,0.36630807692832,0.0208401422817088
"7684","PPP1R9B",0.0339206614114675,0.301077932796611,0,0.0825548652729975,0.691150505187275
"7685","PPP2CA",1.06140070903609,0.0549509686417729,0,0.000696568307474726,0.013906069293946
"7686","PPP2CB",0,0,0,0.231846529001561,1.44869232143755
"7687","PPP2R1A",6.00185042513374,0.233268812866059,0,2.47877377138655,0.0565892942830354
"7688","PPP2R1B",0,0,0,1.92834444053734,0.351062936599341
"7689","PPP2R2A",0.533728781802169,1.23863256709452,0,0.829859708370356,0.0183290066798435
"7690","PPP2R2B",0,0.208091288887808,0,0,0.000807757896476002
"7691","PPP2R2D",0.281176168012105,1.51484117580828,0,0.0174468477872225,8.80413904492819
"7692","PPP2R3A",0,0,0,0,0.0418809347138228
"7693","PPP2R3B",0,0,0,0,0.628906468815764
"7694","PPP2R3C",0.0862552022700175,0.930375643853904,0,1.39473892686309,0.299387324667654
"7695","PPP2R4",0,3.12723819810023,0,2.90437646039167,0.525284798145119
"7696","PPP2R5A",0.858312700882893,0.115221356872688,0,2.53353959259471,0.0179721222682558
"7697","PPP2R5B",0,0,0,2.11728328838225,0.269800581400287
"7698","PPP2R5C",0.00668243434388702,0.00830112095879685,0,1.07464565947393,0.0141702984384142
"7699","PPP2R5D",0,0.0679702273473792,0,0.0157375879941305,1.06318502982808
"7700","PPP2R5E",0.532413819910753,0.541456166615779,0,0.495058149842291,0.0660601237392972
"7701","PPP3CA",0.251057413429512,0.525122827510341,0,0.672700898794243,0.247870945331817
"7702","PPP3CB",0.0125183629757453,0.00153729872472103,0,0.00217217977183977,0.208817505318779
"7703","PPP3CC",1.04852063699569,0.00227619044366839,0,3.70319643340528,0.364876167182516
"7704","PPP3R1",1.47159342621097,0.448057721850394,0.125161379433709,0.861278607321643,0.190692690201755
"7705","PPP4C",0.367129500969294,0.541573080632122,0.0596756553748944,0.00407287336530034,0.0109614383837796
"7706","PPP4R1",1.1687297090077,0.0863417146849522,0,1.71430737070678,1.26560380945006
"7707","PPP4R2",0.138524100944035,0.119420036862384,0,0.0836400995216606,0.634660167782419
"7708","PPP4R3A",0.664746411278704,0.338744685610931,0,0.337029643000091,0.854877249792643
"7709","PPP4R3B",0.194483077216218,0.545917314825347,0,0.00446722750945016,0.943131703245726
"7710","PPP5C",0,0.29103036531447,0,7.6805172869986,0.919326011664141
"7711","PPP6C",0.0162660025086617,1.46404369886558,0,2.12504125199487,0.652680625918243
"7712","PPP6R1",0.860205533325605,0.0120636719539384,0,0.124704268648408,0.0468155321499254
"7713","PPP6R2",0.0667627157485716,0.118104904726466,0,0.124368865965498,0.10428058441692
"7714","PPP6R3",0.331722930690017,1.06594442640102,0,0.000178808981472012,0.0434898964174251
"7715","PPRC1",0,0,0,0.0164046501510515,0.178343585742927
"7716","PPT1",3.5564468272067,1.31969256359949,0,1.08736117317966,0.204817231430079
"7717","PPTC7",0.549407368622304,0.338057241802749,0,0.770096755962301,0.348893467397541
"7718","PPWD1",2.11916092073354,1.13738458767831,0,1.45674902048891,0.206489859405834
"7719","PQBP1",1.48249356288245,0.806824691536424,0,4.34245790539413,1.20481589630096
"7720","PQLC1",1.03377331198402,0,0,9.38308109197644,0.846024178866045
"7721","PQLC2",0,0,0,0.25118360460327,0.0250781662206491
"7722","PQLC3",0.145665211431727,0.0549972427624876,0,0.0413342457604804,0.220929764570381
"7723","PRADC1",0,0.0355319455096578,0,0.585295021486292,0.277829452927652
"7724","PRAF2",0.578851662724634,0.540565749729481,0,0.583126911438975,0.00306655438265328
"7725","PRAM1",0,0,0,0.170550585924481,0.298194567259884
"7726","PRC1",0,0,0,0,0.230148777697418
"7727","PRCC",0.403956737449332,1.2131832089087,0,1.21679506575531,0.710048384855855
"7728","PRCP",1.96436620117879,0.610823322079435,0,0.205815985322561,0.123307178932565
"7729","PRDM1",0,6.96090240850033,0,12.797245843876,0.540652458282661
"7730","PRDM10",0,0,0,0,0.251603894635813
"7731","PRDM15",0,0,0,0.280138799884182,0.808351876560409
"7732","PRDM2",0.242627455674462,1.40709295262522,0,0.6370632292196,3.77882345089482
"7733","PRDM4",0.0877374027644468,0.00692492660086148,0,1.04358568155727,9.04561962259533
"7734","PRDM8",0,0,0,0,0.830837270143959
"7735","PRDX1",5.40090767222407,0.110559278796247,0,0.0129241853499975,0.163536209340201
"7736","PRDX2",0.624860691384231,0.222709500650648,0,0.0183324291306211,0.306422030202125
"7737","PRDX3",1.23302695496033,0.0189154163994593,0,0.97652584255603,3.63204054793688
"7738","PRDX4",0.0205084703434066,0.239659305570083,0.220348600598018,0.014185853834757,2.10107595990623
"7739","PRDX5",1.30078209332956,0.0892149546272181,0.978057059707193,0.269693151110903,1.0259954541476
"7740","PRDX6",6.54970278313209,0.045842429346832,0.0473633346262426,0.49277656853366,0.971839147967482
"7741","PREB",0.106133890630087,0.175616894044105,0,1.80605796290614,1.4079461081123
"7742","PRELID1",0.0504130606759286,0.248046934869104,0.0648800306718682,0.955301496267273,2.56760788742165
"7743","PRELID2",0,0,0,0,0.0701307370137979
"7744","PRELID3B",2.45481952949938,0.56325307322472,0,1.52262623522056,2.20055937596008
"7745","PREP",0,3.99137818036062,0,1.01583768497738,0.941554551114346
"7746","PREPL",0,2.22173146509688,0,6.18176999109568,1.32641435883005
"7747","PREX1",0.071033389696549,0.726276996820871,0,0.461970236909153,0.212822385550698
"7748","PRF1",0,0.588910181191143,0,0,0.537381898608803
"7749","PRH1",0,0.491830957975906,0,0.383526989387157,1.02351303244862
"7750","PRICKLE1",0,0,0,3.9109053551989,0
"7751","PRICKLE3",0,0,0,0.0401293495083897,0.197383346650982
"7752","PRICKLE4",0,0,0,0,0.139677580628921
"7753","PRIM1",0,0,0,5.42296137723584,1.35233643392217
"7754","PRIM2",0,0.00218314699940535,0,1.9026972498754,0.489559377998218
"7755","PRIMPOL",0,2.47203781372775,0,1.63101935398139,5.26706267887944
"7756","PRKAA1",0.577091499280419,4.42892304484173,0,0.47691360298477,1.23160807522739
"7757","PRKAB1",0,0.426053776615074,0,3.63439648126803,4.35003223787167
"7758","PRKAB2",0,5.02111849763559,0,0.249174718184231,1.64464701342915
"7759","PRKACA",0,0,0,0.104368967345594,1.08946098461385
"7760","PRKACB",0.169998541999557,0.739277437267914,0.612391878631059,0.293840666413932,3.64977668804824
"7761","PRKAG1",0.0152654462099329,2.30861631232397,0,4.13945344364597,0.461984082275207
"7762","PRKAG2",0.855287443576524,0.100011481586496,0,2.97549463898371,0.00571331056023836
"7763","PRKAG2-AS1",0,0,0,0.103532817994971,0.87816846525699
"7764","PRKAR1A",0.01565815458109,0.0281618193035434,7.22981909826479,0.0377040719530826,0.0562701355983701
"7765","PRKAR1B",0,0,0.781036733915591,3.66260082380493,2.610411099269
"7766","PRKAR2A",0.730214590609765,0.830261948951322,0,0.000529972442058915,0.962065509203057
"7767","PRKAR2B",0,0,0.0605703482135989,2.41583110419852,0.326528880220886
"7768","PRKCA",0,0,0,3.09368177095877,0.165947016741482
"7769","PRKCB",0.00138569612702004,0.435803070273914,0.0741061680858204,0.146650183460705,0.169310003686243
"7770","PRKCD",0.000249973459975681,1.25689102554785,0,1.61987328294499,4.38198036696946
"7771","PRKCDBP",0,0,0,0.896019046346554,0
"7772","PRKCE",1.67871663828577,0,0,5.47467394477072,5.42546416320447
"7773","PRKCH",0,2.18842833050862,0,0.28619278746703,0.150459619247515
"7774","PRKCI",0,0,0,0.188342127301461,1.29080346300889
"7775","PRKCQ",0,0.474922644568654,0,0,1.56301354879145
"7776","PRKCSH",0.734996977031919,1.16346343531866,0,0.30650414870537,3.89091040160585
"7777","PRKCZ",0,0,0,0,1.06601523005549
"7778","PRKD2",2.40525206177061,1.66085266870012,0,3.56545986877274,0.938732415671648
"7779","PRKD3",0.784987743916212,3.80163745023106,0,0.362344083619699,0.752631174906258
"7780","PRKDC",0.62775977199933,0.279654244133622,0,0.14157961140966,1.81670839618906
"7781","PRKRA",0.00327415524329168,0.258228148998597,0,2.36458700834934,1.27834004373299
"7782","PRKRIP1",1.37170475933061,3.27050631668183,0,0.324720668938076,4.47547603874937
"7783","PRKRIR",0.122458506798464,0.000248966284868362,0,0.107537370439472,0.741850370292638
"7784","PRKX",0.139379590464428,3.92803846813124,0,0.203796492295887,0.570906572857095
"7785","PRLR",0,0,0,1.45680289691605,0
"7786","PRMT1",0.0991751184602019,0.487091319792951,0,5.5751999710632,1.00341056940328
"7787","PRMT2",0.274861975635402,0.0726866930981836,0.192219708961393,1.03187640135164,0.0361837566424434
"7788","PRMT3",0,2.74628471393666,0,1.57622085869178,0.261350173056715
"7789","PRMT5",0,0,0,3.44306005258797,0.0352159567645597
"7790","PRMT6",0,0,0,0,0.0877236889117315
"7791","PRMT7",0,0.0132174619960705,0,2.54348225122352,1.84405108789246
"7792","PRMT9",0.00593685834466382,1.23073057433629,0,0.0169435992842842,0.657810637378047
"7793","PRNCR1",0,0,0,0,1.0872765313906
"7794","PRNP",0.243410994387259,0.0030963029767449,0,0.158866542148698,4.4124772242423
"7795","PROCA1",0,0,0,0.176430365437334,0.818593285054971
"7796","PROCR",0,0,0,0,0.0203012187885701
"7797","PROK2",0,0,0,1.55953237183808,0.144083318277374
"7798","PROS1",0,0,0.023526571583562,0,0
"7799","PROSC",0.104554226352692,0.099664973997507,0,0.00479876737954177,0.11646188132828
"7800","PROSER1",0,0.0282645249829216,0,1.33324125623327,0.00563137026071501
"7801","PROSER3",0,0,0,0.0812459460963546,0.373977149129072
"7802","PRPF18",0.00571519293620667,0.218817529980966,0,0.0387123268521199,0.0759882523658471
"7803","PRPF19",0.861682348255917,0.0570830396557077,0,0.030443895402938,0.00200137120062392
"7804","PRPF3",0.00827772885421998,1.43201688382042,0,0.00402005043008436,0.239602557632036
"7805","PRPF31",0.0259062936918139,0.137941526745072,0,0.0987946258386381,0.0100320318220765
"7806","PRPF38A",0.0987495354044912,0.381760714435141,0,0.00163737457239096,0.0682350076975605
"7807","PRPF38B",0.0535902859353126,0.26073021707359,0,0.0585137632603667,0.0373249604776101
"7808","PRPF39",0,0.292545219642448,0,0.471967157180955,0.744765835305305
"7809","PRPF4",0,14.3302598640408,0,1.23641851355797,2.32501366348474
"7810","PRPF40A",4.254217258122,0.0497571215260424,0,2.12102880656694,2.30989147269999
"7811","PRPF40B",0,0,0,0,1.81896875496747
"7812","PRPF4B",0.284084816943895,1.5436855963252,0,0.154128680056393,1.09329178107656
"7813","PRPF6",1.91210283877979,0.00833686943396525,0,0.00113906190675991,0.377145763454468
"7814","PRPF8",5.2926673902653,0.743321005221619,0,0.0159124626417978,0.43224782369607
"7815","PRPS1",0.0020861598307968,0.35252751857622,0,0.00636956112264369,0.912269513804686
"7816","PRPS2",1.56121476738032,0.137013896961576,0,0.0175986903357049,0.00447360666951209
"7817","PRPSAP1",0.319468195038565,0.645622126498863,0,0.156607142854256,0.0429324453353486
"7818","PRPSAP2",2.48531018338323,1.79259087565683,0,0.235807323761197,2.86728198084375
"7819","PRR11",0,0,0,2.359704299672,0
"7820","PRR12",0,0,0,0.195479108903822,0.157832523882012
"7821","PRR13",0.630902639338831,2.47331679058446,0.207256109032109,0.00901029075706112,0.0339390725765834
"7822","PRR14",0.11517012878026,0.0898165408245712,0,0.705397133627717,0.278373823219268
"7823","PRR14L",0,0.127961798093461,0,0.00161319259957312,0.759486317414887
"7824","PRR3",0,0,0,2.74287417084051,0.624257274771482
"7825","PRR34-AS1",0.319483803552378,0,0,0.0415918502165438,0.178381152044568
"7826","PRR4",0.222832964546424,0,0,0,0.339746776805247
"7827","PRR5",0,0.0822604659197375,0,0,0.0979405711045585
"7828","PRR5L",0,0.918962992189475,0,2.18726676034544,0.165788357413815
"7829","PRR7",10.3444965318155,0.140877881084077,0,3.42643170382072,6.73875353896092
"7830","PRR7-AS1",0,0,0,0,0.232779257696757
"7831","PRRC1",0,1.31191533435337,0,1.71028451255766,1.4055507754448
"7832","PRRC2A",0.239872846153986,0.171250589523859,0,0.0322775748248041,0.0109372129012629
"7833","PRRC2B",0.0138323915705003,2.44023165373057,0,0.138408794283053,0.00189083408494893
"7834","PRRC2C",0.447229682806501,0.738544388561243,0,0.296222679715055,3.66846914267275
"7835","PRRG2",0,0,0,0,0.374262710706917
"7836","PRRG4",0,0,0,4.31578256585571,0
"7837","PRRT1",0,0,0,0,0.313618829522457
"7838","PRRT3",0,0,0,0,0.00388747236131211
"7839","PRSS21",0,0,0,1.5035300434651,0.305587608462924
"7840","PRSS23",0,0.358748253808291,0,0,0.319055297470803
"7841","PRSS36",0,0,0,0,0.854260916879918
"7842","PRSS57",0,0.229024468997204,0,0,0
"7843","PRUNE",0,0,0,0.155576645944444,0.104230589604469
"7844","PSAP",4.25821134739581,2.54849057721745,4.11761448383225,0.0516876619084379,1.26303544031544
"7845","PSAT1",0,0,0,0,2.4032933012942
"7846","PSD4",0.00127219252489008,3.46142431613522,0,0.811487718472701,1.61053368238629
"7847","PSEN1",1.29305530464071,0.128051009789455,0,1.32455628686974,0.00643681133426783
"7848","PSEN2",0,0,0,0.0112122740652756,0
"7849","PSENEN",0.294034974442181,0.339627007803772,0,0.00617247507472174,0.0121802938476513
"7850","PSIP1",2.61077860701377,0.0489084376350003,0,2.69888400129143,0.230118070823679
"7851","PSKH1",0,0,0,0.988424468347406,0.0355719126249425
"7852","PSMA1",0.503227684804011,0.0132440781984922,2.51111778550628,0.0487984141479044,0.00771851129377962
"7853","PSMA2",0.0551773122351653,0,0.729357750627079,0.0146882822044984,0.000341330013924606
"7854","PSMA3",0.165948115310424,0.931425986965165,0,0.000876737810308093,0.957634025069431
"7855","PSMA3-AS1",0.0792761199937005,0.000103439696382805,0,0.213458107789932,0.0222933707304142
"7856","PSMA4",0.0066442075119358,0.0690541998252187,1.383645055906,0.24415107200391,0.339630654578246
"7857","PSMA5",0.22823628799341,0.397837403765686,0,0.0529217252524914,2.09081996703565
"7858","PSMA6",3.07245821357129,0.0612318957513239,0,0.325070630498989,0.0831889216945753
"7859","PSMA7",0.00485132396040503,0.0819975747946562,0.3899749979893,0.789145947097384,0.01636691267649
"7860","PSMA8",0,0,0,0,1.67495005486051
"7861","PSMB1",0.214109624270397,0.192540191828213,0.177268231130535,0.263158410746314,1.18897724372849
"7862","PSMB10",2.13338477803501,0.642817584257382,0,0.23687824594107,0.973052902122052
"7863","PSMB2",0.0235305945386,0.630935841309676,5.483069100012,0.404805821388255,1.51560886571687
"7864","PSMB3",0.00468080284376291,0.0620375868503525,0,0.60349807060736,0.0483386530151761
"7865","PSMB4",0.793431410075763,2.4793169690818,0,1.66864648126647e-05,0.0369452718351436
"7866","PSMB5",1.24854633734073,0.119226668876434,0,0.111250462457337,0.0878545699302698
"7867","PSMB6",0.0477752393730986,2.34650593007797,1.36103604418531,0.600995748016825,1.63696731384466e-05
"7868","PSMB7",0.200527847317726,0.00230064348046204,0,0.018809930541665,0.0197021525428805
"7869","PSMB8",1.15910644094666,0.835409083341352,1.77041975794778,6.25576315029501e-05,0.363661848714059
"7870","PSMB8-AS1",0.437545853529078,0.28779131860729,0,0.237985888045975,0.880896971132906
"7871","PSMB9",0.214484198935492,4.28201590690351,2.91369109374861,0.407931949437336,2.41693296782998
"7872","PSMC1",1.08791826713579,1.82972770736586,0,0.0152253239851222,1.02447494179934
"7873","PSMC2",0.153787316235276,4.67499513411292,0,0.0197747990538765,1.08728026442176
"7874","PSMC3",0.0741097810534237,0.00824723273277875,0,0.314555990442851,0.350613574599255
"7875","PSMC4",4.66627493292577,0.0036792296737471,0,0.0385344487217684,0.0146679383983158
"7876","PSMC5",1.52860366251182,1.65647403253371,0,0.0153301682751558,5.71878860396235e-05
"7877","PSMC6",0.161407684964025,0.149378933851819,0,2.04212623439559,0.0874241380902784
"7878","PSMD1",0.111261350438038,1.68432784054581,0,3.2763014520603,0.0440013267667175
"7879","PSMD10",4.26532686820468,1.5525183831424,0,0.104689188209244,0.664309217845458
"7880","PSMD11",1.88772926871742,1.58640209946854,0,0.0280390647290458,3.34911239148413
"7881","PSMD12",0.549873317120107,0.945118020811992,0,2.37834461910566,4.13562437769922
"7882","PSMD13",0.0179035415822808,2.01869295426766e-05,0,0.304962191834728,0.129562247069246
"7883","PSMD14",0.0069078021874499,0.00186057773269083,0,0.689810271393938,0.0392742143165283
"7884","PSMD2",0.109519772782607,0.0330559495155578,0.684699598062122,0.12062545319605,2.65970485550084
"7885","PSMD3",0.000217578805505544,1.65707206875087,0,0.721912523603538,2.79591300028465
"7886","PSMD4",0.0398347727084873,1.70246835575234,1.07751157986875,0.0319307997597127,0.0208316070295253
"7887","PSMD5",0,3.61634410179251,0,6.38884853892923,4.14952315625782
"7888","PSMD6",0.209862987863712,0.791233769682359,6.33894340626543,0.639135475564193,2.62693458178546
"7889","PSMD6-AS2",0,0,0,0,0.0462941646563589
"7890","PSMD7",0.18395016962929,0.138344508007597,0,0.0839615209344773,3.09629511139649
"7891","PSMD8",0.49705931754163,0.0183748766417302,0.315777107818427,0.00125641053966199,0.0776257337467943
"7892","PSMD9",0.194846263637293,1.68525728637808,0,0.0385717930499377,2.3318270537727
"7893","PSME1",0.0153256503514274,1.03000131979285,0.791705531134649,0.303393524432301,0.000192944790025932
"7894","PSME2",0.00494127747942086,2.84196173313982,0,0.247266106560158,0.904194801938626
"7895","PSME3",0.277200463070583,0.018590211675023,0,0.536009124575169,3.00322245158899e-05
"7896","PSME4",0.470215092979494,0.93542792277079,0,0.0233402867685561,0.23295212617129
"7897","PSMF1",0.0657169049895726,0.0372088191470116,0,1.09970181975455,0.348506743243118
"7898","PSMG1",0,1.59920300970186,0,0.523282674599487,0.125450285502946
"7899","PSMG2",0.924460951663944,3.49835746894824,0,1.57461690488896,1.07944533435107
"7900","PSMG3",0.018532084250656,0.0156873313002717,0,0.56320543239553,0.532477569052711
"7901","PSMG3-AS1",0,0,0,0,0.592879802682122
"7902","PSMG4",1.84253073775891,2.60641163553677,0,0.151442620592475,3.57047495054872
"7903","PSPC1",1.01435191307655,0.177099219505972,0,0.000734006193119342,0.745795262507782
"7904","PSPH",0,0,0,0.00433926584081806,1.55923457355577
"7905","PSRC1",0,0,0,0.0331909084815996,0
"7906","PSTK",0,0,0,0,2.41478527158889
"7907","PSTPIP1",0.0208502152614795,0.0313222776609132,0,4.18305835156117,0.241438769633471
"7908","PSTPIP2",0,0.0170297416935566,0.123874163965395,0.340172210738732,0.388958043080131
"7909","PTAFR",0,0,0,0.53854566711409,0
"7910","PTAR1",1.49705762739022,0.279825688294534,0,0.599741654526019,0.79267284410124
"7911","PTBP1",1.51258013312433,0.000928846604430057,0,0.760675485754299,1.79687791352304
"7912","PTBP2",0,1.29830930320558,0,0.94527655824972,2.78651367807865
"7913","PTBP3",1.65517671273469,0.00187243827821272,0,0.56583128995001,1.56668014339481
"7914","PTCD1",0,0,0,0,0.000328781496420339
"7915","PTCD2",0,0,0,0,1.78835259744912
"7916","PTCD3",2.6861779018795,0.204434621830575,0,2.33898104904493,0.927202592055816
"7917","PTCH1",0,0,0,0,0.947381168236606
"7918","PTCH2",0,0,0,1.53698058210614,0
"7919","PTCRA",0,0,8.30375377391997,0,0
"7920","PTDSS1",0.012974629570422,0.0215290490677023,0,0.520005322430441,1.05849048043846
"7921","PTDSS2",0,0,0,0.0908732858160575,0.0442135154579433
"7922","PTEN",0.0269827183951585,0.000261888495218202,0,4.98475453301799,3.13151347278114
"7923","PTER",0,0.324710305941173,0,0.312581578461941,2.54085732564739
"7924","PTGDR",0,2.14973526244758,0,0,0.380456367383146
"7925","PTGDS",0,0.160833335516392,0,0,0.534221251886572
"7926","PTGER2",0,6.79361275265823,0,0.0617561546707937,4.39233850797631
"7927","PTGER4",0.365766544857116,0.0196920251846201,0,9.57223774410858,0.118022179283271
"7928","PTGES",0,0,0,1.6560338450519,0
"7929","PTGES2",0.431444392586379,0.340748191011076,0,2.10913487020069,0.727176553960667
"7930","PTGES3",0.00423081563283727,0.116459700115186,0.683736953128997,2.40326634307942,1.14273484864152
"7931","PTGIR",0,0,7.6396991832054,0.0115595027975503,0.214251247274164
"7932","PTGR2",0,0,0,0,0.126967415168611
"7933","PTGS1",0,0,6.56065516338581,0.594436769879811,1.84970401264166
"7934","PTGS2",0,0,0,0.678465985835574,0
"7935","PTK2",7.72632942262527,0,0,8.43949414461365,0.507776418005179
"7936","PTK2B",0.437126573801279,1.74162372454085,0,3.04326300793339,0.776863026757558
"7937","PTMA",0.0537926952253506,0.000494641210273446,0.48369265820866,1.67801629240637,1.19287512824256
"7938","PTMS",0,2.22825691430791,1.12988467569725,0.472331903231328,0.567923598970908
"7939","PTOV1",1.25934851571564,1.02794999596772,0,0.324424889298883,0.369482849117647
"7940","PTP4A1",2.13458018756344,0.0953915632502649,0,0.181866490838832,3.43768862210909
"7941","PTP4A2",0.0952014984027266,0.26361578030987,0.00182414290810228,3.388771815345,0.14583535205489
"7942","PTP4A3",0,0,0,8.62697298736633,2.94661258606012
"7943","PTPDC1",0,0,0,0,0.18483609699638
"7944","PTPMT1",2.04956056364482,0.983518255439116,0,0.000580923451274664,0.0302637532320389
"7945","PTPN1",8.33242823888103,0.0180922985598882,0,2.5883930832254,2.09134420553233
"7946","PTPN11",0.727973276852639,0.185879179147955,0,5.85366836336575,0.00433218926477372
"7947","PTPN12",0,0.00823909621307104,0.0590184152248303,6.25888156617157,0.156023109307309
"7948","PTPN13",0,0,0,0,1.67165311940551
"7949","PTPN14",0,0,0,0,0.0540258750689855
"7950","PTPN18",1.01265113310383,1.42484254266358,1.05313307692737,0.551383869491572,0.000112016154291138
"7951","PTPN2",0.374137885442202,0.861750992366463,0,0.152913505949734,0.00751569933485069
"7952","PTPN22",8.09696190537007,3.8264112844029,0,2.57811174464978,0.169563106042476
"7953","PTPN23",0,0,0,1.44030868775425,0.0271742674681778
"7954","PTPN4",0.0257177137068209,0.0122371032190397,0,0.246484388299675,0.101497277575035
"7955","PTPN6",0.519975324726843,7.0375431465712,0,0.703045023127347,2.30960157229251
"7956","PTPN7",0.114273511675856,0.211250711560805,0,0.0835618872552046,0.17788883023122
"7957","PTPN9",0,0.0210335682564637,0,1.22607786623275,0.0120553149821503
"7958","PTPRA",0.420127566770397,0.00250732557618512,0,3.88186098992127,0.409463893169165
"7959","PTPRC",0.181996121984171,0.112002770241673,0,0.511306726698242,0.11511459845475
"7960","PTPRCAP",0.168355703498998,0.1226072145515,0,0,0.183436264299611
"7961","PTPRE",0.00761939966434232,0.159272904598942,0,0.0972505753033646,0.0467112659385936
"7962","PTPRJ",2.10978610956423,1.43390152998237,0,0.000406974913834047,1.28967303265097
"7963","PTPRK",2.34225854351988,0,0,0,4.11233885283759
"7964","PTPRM",0,0,0,0,1.87877129028437
"7965","PTPRN2",0.162074683179803,0.0273263666986521,0,0.0405585403601752,1.75869557274756
"7966","PTPRO",0,0,0,0.324294596833852,0.00381475622387859
"7967","PTRH1",0,1.47572238703697,0,1.41221552998969,1.99577089712559
"7968","PTRH2",0,0.41661039825171,0,0.479082036403378,0.667710696781784
"7969","PTRHD1",0.022377125250231,0.336899271294179,0,1.27666699008986,1.2593136474194
"7970","PTS",0.0367140171027856,1.33836559227265,0,0.010126265159646,0.473038187981323
"7971","PTTG1",0,1.26517807983268,0,4.92276889859947,0.602364782142784
"7972","PTTG1IP",0,1.00582344071656,1.71501840540084,2.29961413840642,2.90260176780441
"7973","PTX3",0,0,0,0.178589046933231,0
"7974","PUDP",0,0,0,0.594568472439829,0.558372471955436
"7975","PUF60",0.0153353148388555,0.224289059836122,0,0.0873058943827345,0.600392835394497
"7976","PUM1",0.108121936501194,0.441241482299697,0,2.15854986615807,0.566554975835621
"7977","PUM2",2.3887712740775,0.00153872293159192,0,0.316807814981889,0.262543717458004
"7978","PUM3",0.99198060527284,0.121601707025294,0,1.75527378669761,2.32390069030167
"7979","PURA",0,0.0820679286308653,0,0.43419931338246,0.263616363038187
"7980","PURB",0,0.533996875353051,0,0.00564557154819024,0.00241392541507316
"7981","PUS1",0,0,0,1.48957887561778,1.45574779272595
"7982","PUS10",0,0,0,0.314983730794383,0.00106069680057742
"7983","PUS3",0,0,0,0.99110359283312,0.0670106677586736
"7984","PUS7",0,0,0,0,0.860412596645495
"7985","PUS7L",0.000650391491405539,0.00549646003081268,0,2.64628876962815,2.40771071665343
"7986","PUSL1",0,0.97530251791182,0,1.05750320592009,0.475756855142336
"7987","PVALB",0,0,1.24958886874055,0,0
"7988","PVR",0,0,0,0.699109865409414,0
"7989","PVRIG",0,0,0,0,6.36904452181043
"7990","PVRL2",0,0,0,0.000314424606477134,0
"7991","PVRL3",0,0,0,0,5.36338665271722
"7992","PVT1",0,0,0,8.37306872223661,0.000780980946670023
"7993","PWAR6",0,0,0,0,0.825911166232718
"7994","PWP1",0.000138104041206967,0.517440032828081,0,0.102192479453357,0.199479527355616
"7995","PWWP2A",0,0.51648931240278,0,0.654903292255507,0.300686202523611
"7996","PWWP2B",2.52502440380238,1.57221624777592,0,5.83229001687557,5.94260279684572
"7997","PXK",0.00452788873085272,1.33616454239417,0,0.100656988710622,0.133350414540932
"7998","PXMP2",0,0,0,2.80655970883421,2.6850777841483
"7999","PXMP4",0,0,0,0.00476396804039688,0.932209216672131
"8000","PXN",0,1.91806611486175,0,1.74037141033282,6.57104012446455
"8001","PXN-AS1",0,0,0,0,2.08274411826013
"8002","PXYLP1",0,0,0,0,0.003111060212973
"8003","PYCARD",4.99585133415298,1.67538185251591,0,1.75046541124417,2.34695128438225
"8004","PYCARD-AS1",0,0,0,3.2941448151387,0.452482835905094
"8005","PYCR2",0.750054771801367,0.00521875616636597,4.82130881349882,2.12754458926306,0.669309370762046
"8006","PYCRL",0,0,0,0,0.349773085793616
"8007","PYGB",0,0.0277360945070647,0,0.207589930971665,1.07790189887601
"8008","PYGL",0,0,0.492254010151688,17.8764099085713,0
"8009","PYGM",0,0,0,0,0.146232629923595
"8010","PYGO2",1.69840550513184,0.117224941410525,0,2.54982353842813,0.0653873915063933
"8011","PYHIN1",0,0.903090167186389,0,0,0.860857795988775
"8012","PYM1",0.125737651434764,1.91618607232672,0,1.72396492072224,0.0133862973122846
"8013","PYROXD1",1.50274535204056,0.51361819091678,0,0.056541491808566,2.19110687314544
"8014","PYROXD2",0,6.76849326433356,0,0,0.376859169431858
"8015","PYURF",1.65292084095942,1.51529615726586,0,0.631508591077932,0.363710077551251
"8016","QARS",0.532548127680815,1.91611341572305,0,6.03886334768926,0.509648136148024
"8017","QDPR",0,0.10285665685628,0,0.0569846499492872,0.976132002470743
"8018","QKI",0.0109920391444165,0.17218009394095,0,0.182581258873345,1.79587245825783
"8019","QPCT",0,0,0,1.33492374864697,0
"8020","QPCTL",0,0,0,0,1.03684441932227
"8021","QPRT",0,0,0,2.02305575315619,0.693821148357093
"8022","QRICH1",0.0485747770558137,3.60043854355337,0,5.75894161296508,3.78592202635272
"8023","QRSL1",0.381005166993696,0.977189973806689,0,1.10957978326239,0.510489449357014
"8024","QSER1",0,0,0,0.15360000305363,1.47636213030991
"8025","QSOX1",0,0.579215654434337,0,0.243510519327823,0.49379532285227
"8026","QSOX2",0.191570485501724,0,0,0,6.43835638653126
"8027","QTRT1",3.81013875933946,2.34508137971186,0,3.66312000571947,2.6736513936726
"8028","QTRTD1",1.52193733638252,0,0,4.62508234263096,0.000286436439917874
"8029","R3HCC1",1.40878201314798,0.339572903888423,0,1.95694701232517,3.74121203007591
"8030","R3HCC1L",0,3.24683594580996,0,1.63423394279677,0.181211238736733
"8031","R3HDM1",0.266686286555365,1.8083920716123e-05,0,0.314664877688818,0.164725439779354
"8032","R3HDM2",0.396396183072465,0.0561384584960112,0,1.31036907890843e-07,0.017469132762282
"8033","R3HDM4",1.35808298584659,0.0845331403862379,0.771697855687907,0.744601775977237,0.788344619796972
"8034","RAB10",0.00141371892981031,0.877642048583686,0.974110460666294,5.19479640120584,0.231286389821658
"8035","RAB11A",1.53761982067052,0.51561895329672,2.55196468715049,0.0290328802622685,0.00312615435825856
"8036","RAB11B",1.94693626095749,4.67472577255918,2.53639062775917,0.0511611580473801,0.50310302877744
"8037","RAB11B-AS1",0,0,0,0.354606981132466,0.439610610121679
"8038","RAB11FIP1",0.0421047478488775,3.62889576628431,0,0.0996055079449874,5.37522013496802
"8039","RAB11FIP2",0.0146991344962496,3.89400019898268,0,1.11853894292382,0.0362490485817024
"8040","RAB11FIP3",0,0,0,0,0.536654195156398
"8041","RAB11FIP4",1.9728414364686,10.3965937088465,0,13.4011176969659,3.84722319862333
"8042","RAB11FIP5",0,0.0435602502910622,0,0,4.72405765490708
"8043","RAB12",0,0,0,2.64640603149226,0.0268053125598732
"8044","RAB13",0,0,0.947546916271841,6.47308435176046,1.69376063048276
"8045","RAB14",7.0770202722759e-05,0.847867610738787,0.245376469660957,0.269454051033087,3.00641927183189
"8046","RAB18",0.0520927672978395,0.37681413319968,0,0.0473097569973218,0.442577328251358
"8047","RAB1A",8.24869410003643,1.48434688049716,0.983586385395397,0.537766065937688,2.73577390748391
"8048","RAB1B",0.00683011721494099,0.0543262531634261,3.18321660727025,0.0146265384945572,0.0941997477226283
"8049","RAB20",0,0,0,0.00663299635218717,0.21662598574461
"8050","RAB21",0.0538298963657925,8.44004221859416,0,2.18085752518998,2.07741692836303
"8051","RAB22A",2.216558810962,0.566283302251858,0,0.493919173827754,1.13728048326245
"8052","RAB24",1.30115803401958,2.21338168090693,0,0.546184272034368,0.47749071385148
"8053","RAB27A",4.92532622653575,0.43746212346658,0,11.1234217734018,0.218286649767616
"8054","RAB27B",0,0.00297443186925931,0.38905224834167,0,0.28704328910209
"8055","RAB28",0.0302091662150663,0.364533067936714,0,0.737866240357971,2.40889921062513
"8056","RAB29",0.0191284844016296,2.51774799238245,0,3.23598475198112,4.90128442891238
"8057","RAB2A",0.852912032408076,0.16000420131991,0,0.393233689223152,1.7138515670305
"8058","RAB2B",0.031131027228437,0.0449101298876727,0,1.65956995718923,0.365477438170741
"8059","RAB30",0.00313279744625115,0,0,0,3.3572374561988
"8060","RAB30-AS1",0,0,0,0.918426754453559,2.37286150298683
"8061","RAB31",0,0,3.74059724528995,0.756158924551678,0.641815746449301
"8062","RAB32",0,0,0.0829729497152881,2.1720612086209,0.165542000359337
"8063","RAB33A",0,0.751513623314951,0,0,3.05622284776169
"8064","RAB33B",0,0,0,1.37246609933063,0.477142518241701
"8065","RAB34",0,0,0,3.44399925243677,0.525300937393412
"8066","RAB35",0,0.303657953878986,0,0.0725629919247228,0.0122748008206428
"8067","RAB37",2.28455379761155,1.56094827926305,0.0928169341429251,32.6470413106265,0.546516695737014
"8068","RAB39A",0,0,0,3.92050897142775,0
"8069","RAB39B",0,0,0,0,0.308958214304989
"8070","RAB3A",0,0,0,0.0740502507180858,4.06033292378136
"8071","RAB3D",0,0,0,1.81797856166645,1.54371896624136
"8072","RAB3GAP1",1.2088505045213,0,0,0.900044418864939,0.453671274208076
"8073","RAB3GAP2",0.135850377263532,0.152128926947097,0,3.29229987617895,0.153996326940013
"8074","RAB3IP",0.679904851095753,0,0,0.00520665257657881,0.279153444418348
"8075","RAB40B",0,0,0,0,0.0690408375618719
"8076","RAB40C",0,0,0,0.345668715558183,1.03585563354004
"8077","RAB43",0,0,0,0.0268732871375439,0.00348106086946864
"8078","RAB44",0,0,0,0.437961940804879,0
"8079","RAB4A",1.73996952247985,1.64494198011401,0.148984482010332,7.71082949959673,0.638961717909231
"8080","RAB4B",0.195085531615833,0,0,0.0913383255882427,0.0030481608835486
"8081","RAB5A",0.0196487349835631,0.0374216398084358,0,0.00389593625895044,1.75891408032679
"8082","RAB5B",0.41258820231601,0.000150677301063794,0,1.38155821296698e-05,0.00698431736939105
"8083","RAB5C",0.00329040979003808,0.274068335514884,3.01873036166515,0.0136982967514239,0.000889808446640981
"8084","RAB6A",0.618049444875831,0.530827209287306,0.872135935850145,2.32698183170424,0.0211836219855912
"8085","RAB6B",0,0,0.00290234108236736,0,2.80128959451779
"8086","RAB7A",1.50162725676061,0.0350368617204756,0.184087803407403,0.300257725333673,0.00144673879826434
"8087","RAB8A",0.0472505382908917,1.5952163559095,1.33909439983374,2.19548772285378,0.999145291562921
"8088","RAB8B",0.535473052708204,3.52363167126116,0,0.414425028036884,1.79994922162985
"8089","RAB9A",0.139976203187965,0.0521355014069019,0,0.0719087268215811,1.88655207860565
"8090","RABAC1",0.0827206527954178,0.928106775940486,0.00670708564280513,0.141916771957557,1.69925524778489
"8091","RABEP1",0.0704610477893242,0.00134839167511287,0,2.33693489507991,3.15835738235789e-05
"8092","RABEP2",0.148939315622295,0.547428536459126,0,0.0133048845292896,0.616124140122128
"8093","RABEPK",0,0.000207065229740139,0,1.05227246385121,2.33319571428448
"8094","RABGAP1",0.751442143049137,0.183450078680602,0,0.180321374022255,0.163310477125166
"8095","RABGAP1L",1.2482459387043,1.26479528804631,0.557680484529942,0.128022595029474,0.0534418251239676
"8096","RABGEF1",0,0,0,7.27444810365956,0.379007235195654
"8097","RABGGTA",3.91225644932234,8.71834848527223,0,0.0228834171273817,0.361497673721806
"8098","RABGGTB",3.19672523991338e-05,2.22742779115953,0,2.55991529056455,3.5477862405114
"8099","RABIF",0.388310823733416,0.544799614708037,0,0.315153251270798,0.410352816279783
"8100","RABL2A",0,0,0,0,0.25739879986588
"8101","RABL2B",0.427062590311256,0.610921461614901,0,0.575765440146225,0.0108647070047044
"8102","RABL3",0,0,0,0.0304742209707876,0.717527735045439
"8103","RABL6",0.159198398509772,1.31361143899163,0,0.00313348091968818,0.144125208688315
"8104","RAC1",0.1050823494542,0.668645321405605,3.26522130902959,0.124880710125347,2.30423111267306
"8105","RAC2",0.444916062635007,0.918943278595097,4.7874644090523,0.158534422489997,3.81183167571368
"8106","RAC3",0,0,0,0,3.60516485156328
"8107","RACGAP1",0,0,0,0,2.31692127143724
"8108","RAD1",0.748045507198108,2.84094147131428,0,2.6654020437323,0.431741360759799
"8109","RAD17",5.11050293108375,0.703537706893848,0,0.0686927408270756,1.38157840801617
"8110","RAD18",0,0,0,1.60096385251331,0.0369800033503227
"8111","RAD21",0.11930061921829,0.211914272805113,0,0.300239723877597,0.70517101225231
"8112","RAD23A",0.0127256035660045,0.0370162016845725,0,1.3589017607761,1.38464786630116
"8113","RAD23B",1.79029347704772,0.115036301135365,1.71699789627504,4.44397558249847,0.00648894024108339
"8114","RAD50",0.270759833695706,0.648810208574528,0,0.0138260091933938,1.03753853040333
"8115","RAD51AP1",0,0,0,0,0.234822130491343
"8116","RAD51B",0,0,0,0,0.0017784089706449
"8117","RAD51C",4.81488257359783,0.529805600035623,0,0.0513686173878093,0.00686248765708993
"8118","RAD51D",0,0,0,1.1039194493484,0.767951525558179
"8119","RAD52",0,0,0,0,1.98056849548636
"8120","RAD54B",0,0,0,0,2.92675333767783
"8121","RAD54L2",0,0.00842984697201756,0,0.051177283504484,0.0241650464960186
"8122","RAD9A",0.0887662475222142,1.09865163451465,0,0.257228325986864,0.136560261576253
"8123","RAE1",0.0970495245101418,0.0231828494174785,0,0.826403666927553,1.83390459331096
"8124","RAF1",0.397088718426541,7.27197872289109,0,2.8029248151257,2.9927326930794
"8125","RAI1",0,0,0,6.30302909729898,5.064255951106
"8126","RALA",1.56268841911176,0.0357719517123046,0,0.826551161156831,0.156428068146852
"8127","RALB",0.314065182907501,3.62500003682396,1.90640378771997,0.0836578787867738,0.290802369560905
"8128","RALBP1",0.00445524579113719,0.257612507209617,0,2.42840381442562,1.77614730213468
"8129","RALGAPA1",1.68675556919959,0.843446874448404,0,0.0102817113238807,0.659891762488162
"8130","RALGAPA2",0,0.00305107189105248,0,3.35950310317655,0.258595597410313
"8131","RALGAPB",0,0.0679115333605012,0,0.197236745511065,0.138746911955101
"8132","RALGDS",0,1.73304137181534,0,1.84386671946512,0.370377265569216
"8133","RALGPS1",0,0,0,0.0211564457090115,2.31731958314696
"8134","RALGPS2",0.167121430024645,0,0,2.72147450599211,0.436084047454108
"8135","RALY",0.0907625435825934,1.01861126686383,1.19311934482468,0.643373137967438,1.91295660755565
"8136","RAMP1",0,5.40190744166871,0.62416153545253,0,1.92054276027506
"8137","RAN",0.192078924640673,0.296613279064551,1.08722753945845,0.667909151113761,0.0864926845428271
"8138","RANBP1",0.954312415069582,0.0352899760477152,0,0.244712282998805,0.045635559702313
"8139","RANBP10",0,0,0,0.0274722718821836,0.00299368652847333
"8140","RANBP2",1.43391233379173,0.256639353646008,0,1.00373624197232,0.36918509204372
"8141","RANBP3",0.0118552285331542,1.37404817220246,0,1.42101760725284,0.317625522775302
"8142","RANBP6",0,0.654793319985065,0,0.101977789133231,1.55444823202617
"8143","RANBP9",0,1.45727090487638,0,0.713994911031975,1.67566724110495
"8144","RANGAP1",0,1.77071240617063,0,0.703593020800239,3.16061749825894
"8145","RANGRF",0.295796799844299,0.00125251064737827,0,5.47297413631494,0.85234454516826
"8146","RAP1A",0.275096099974886,0.0305416689676555,2.29272031044126,1.17813131958816,2.24038138676061
"8147","RAP1B",0.208005397342411,0.0297455352499553,3.09293765955447,0.4787392888378,0.297745215465799
"8148","RAP1GAP2",0,3.86313920653472,0,0.157296168615241,0.036665165858865
"8149","RAP1GDS1",3.6655312639741,1.0255003922207,0,0.0492243561830281,1.16963914146568
"8150","RAP2A",0,0.00898363784801183,0,0.19163797655016,0.499875322106931
"8151","RAP2B",0.0472781073051495,2.79624243736175,0,0.736076288994995,0.156290649715809
"8152","RAP2C",0.575480849238005,0.132524134600587,0,0.070428604397461,0.0908712184086366
"8153","RAP2C-AS1",0,0,0,0,0.248488468303369
"8154","RAPGEF1",0.653217125674034,0.0447617979371122,0,12.5127492237491,1.26732752512382
"8155","RAPGEF2",0,0,0,0.678592693907436,9.68494592681091
"8156","RAPGEF6",0.346161898834189,2.84515692297118,0,0.662667659755787,0.165386203885575
"8157","RAPH1",0,0,0,3.49786219871221,0
"8158","RARA",1.36755139923642,0.14041808204126,0,0.0238941336220324,3.60330998655413
"8159","RARA-AS1",0,0,0,0.0701239232930294,0.0824216209443175
"8160","RARG",0,0,0,1.31494517835094,2.59906002276697
"8161","RARRES3",1.28724610638552,2.85286169139235,0,0.175086097091565,1.5600702089804
"8162","RARS",0.0925060725382105,3.1423616537452,0,0.796173706045061,1.56467808778336
"8163","RARS2",0,0.230533672297749,0,0.277508180816119,0.380578648009387
"8164","RASA1",0,9.39925321201896,0,0.041096274825578,5.98098655093521
"8165","RASA2",0.00790851116912586,0.61692566770734,0,0.887801437306939,0.676843613857116
"8166","RASA3",0.053218461937372,0.277272397210299,0.66215083687265,0.518216568877163,1.71684848099812
"8167","RASA4",0,0,0,11.976708303169,0.177761539734234
"8168","RASAL3",1.5710594671229,0.0396708135678061,0,12.4025272624946,0.296786094623208
"8169","RASD1",0,0,0,0,2.73389163484234
"8170","RASGEF1A",0,0,0,0,0.104158146029376
"8171","RASGEF1B",1.64114568846523,0,0,0.020313461921735,1.14215673535763
"8172","RASGRF2",0,0,0,0,0.585622267529303
"8173","RASGRP1",0.690869562362727,2.2011854587226,0,0,0.0414663700047327
"8174","RASGRP2",0.444013514364042,1.23158851914238,0.00065528882885506,2.36152837517138,2.33011625357502
"8175","RASGRP3",0.880637640430801,0,0,0,0.453557218350525
"8176","RASGRP4",0,0,0,0.0242080005017273,0
"8177","RASL11A",0,0,0,0.426771700463355,0
"8178","RASSF1",0.994577407507512,4.47893616686924,0,0.216259651697475,1.54924021983721
"8179","RASSF1-AS1",0,0,0,0.224217434307649,0.909109333891128
"8180","RASSF2",0.101281583219152,0,0,0.206523770650621,0.180008048860159
"8181","RASSF3",0.0075749140158707,0.344481867357204,0,1.08141303684599,0.00556488511439093
"8182","RASSF4",0,0.548885346442872,0,2.0274764905956,0.843456136069826
"8183","RASSF5",5.57986194413381,10.4056855737367,0,18.7759685484112,1.54918254627974
"8184","RASSF7",2.24111380668075,2.3813921573508,0,1.63930188760246,1.05327780275742
"8185","RAVER1",0,0,0,1.51293809707171,0.379562295679173
"8186","RB1",0.363957473892691,0.281430431995239,0,0.0182993244658317,0.548428201076605
"8187","RB1CC1",1.30809129349364,1.63077770758669,0,1.55004366309071,2.43517482944106
"8188","RBAK",0,0,0,0.069736812461454,1.08713840133649
"8189","RBAK-RBAKDN",0,0,0,0,0.09048289928205
"8190","RBBP4",0.0706311058690342,0.411024208117536,0.952967932540379,0.327485298899432,0.0312795849829375
"8191","RBBP5",0,0.751424894910001,0,0.194778852758402,0.000109698508698122
"8192","RBBP6",4.02884746864378,0.187938918263083,0.0426720655459135,0.0412207216535865,3.45567541735156
"8193","RBBP7",0.0162853039598511,0.858168720911716,0,2.41418343556569,1.7564305003981
"8194","RBBP8",0,0,0,9.96831377041601,0.167345583554822
"8195","RBBP9",0,0,0,0,0.114192609715679
"8196","RBCK1",0.680791612830612,6.60692734018465,0,0.785659145944966,1.13864434866395
"8197","RBFA",2.1506611279687,0.132813793257384,0,0.559161637509813,4.59954052630066
"8198","RBKS",0,0,0,0.348454172558347,1.85529819652773
"8199","RBL1",0,0.523004616406565,0,0.0179865884623073,1.75716079587448
"8200","RBL2",2.5828387899817,0.273705169333569,0,0.400621249953267,0.0357520828939847
"8201","RBM10",0.0246184951740362,1.95468324241328,0,0.681608031656459,0.26941824746334
"8202","RBM11",0,0,0,0,3.3624792057082
"8203","RBM12",0.0338828920863001,4.77169781196631,0,2.03111860105293,0.799634449856076
"8204","RBM12B",0,0,0,0.201029022940491,2.14217318780838
"8205","RBM14",0.0880104045842595,1.25634429075158,0,0.260238298873499,0.0324828254264749
"8206","RBM15",0.0510415378272565,0.00386471092104161,0,4.47597715488773,3.27978723854368
"8207","RBM15B",0.159102498236015,0.925319759670382,0,2.39480295275335,2.71051190760086
"8208","RBM17",0.104078060523372,0.188585316399936,0,0.238747653924381,0.623679889918931
"8209","RBM18",0,0.941141930936343,0,0.102542296390036,1.74681166296427
"8210","RBM19",2.52881883937833,0.0244176858011479,0,0.849371175973511,0.136026839072028
"8211","RBM22",1.95942564151022,0.00376099505851968,0,0.0279306336126991,0.803054167628216
"8212","RBM23",0.00295910273451534,0.611767327676884,0,0.450325979781649,0.26050858021015
"8213","RBM25",0.0786298156817929,0.91842318080366,0,0.109536482624621,1.09473345678109
"8214","RBM26",10.487049032772,1.22579887871958,0,0.43203788707046,0.0934494425858708
"8215","RBM26-AS1",0,0,0,0,0.389229408916887
"8216","RBM27",0,0,0,0.895839260023753,1.41202784529138
"8217","RBM28",0,0.0435387209536265,0,2.39837595382834,0.932123127998172
"8218","RBM3",0.124962093045844,4.64397480678533,2.50836622574205,23.7500375745741,5.19705412910913
"8219","RBM33",1.18460324511445,0.340690788896961,0,0.0062179041000286,0.459974524743114
"8220","RBM34",1.53205301113535,0.067885701619658,0,0.172190809908635,0.0517983883793368
"8221","RBM38",0.0983989317854188,8.10358471610736,0,0.474819747329003,6.63636473730919
"8222","RBM39",4.99863735723854,0.00019671660476235,0.666758551975892,3.37919778704345,0.75787228976939
"8223","RBM4",0.697935847279865,0.259326671319773,0,0.014167297169282,0.0202535717725471
"8224","RBM41",0,0,0,0.879328895263567,0.246238125603446
"8225","RBM42",2.96778152932709,1.78778584139037,0,0.633781358714287,1.49270923932467
"8226","RBM43",0,0,0,2.01627034252184,2.35802503020968
"8227","RBM44",0,0,0,0,0.461583602957775
"8228","RBM45",0,0,0,0.000232464210052556,0.314329421588287
"8229","RBM47",0,0,0,2.67232466152527,0
"8230","RBM48",0.0309278935238943,5.90612332164179,0,0.886491985690275,5.14325604849548
"8231","RBM4B",0.325695297844629,0.178232748720223,0,1.63094894032055,0.427077576986014
"8232","RBM5",0.0896199491231121,0.000373762449610655,0,0.0418878843335585,0.140753154901956
"8233","RBM6",0.0232756336474027,0.00468628486228839,0,1.42884365577129,0.602901138430289
"8234","RBM7",0.237645176036402,8.0355249586949e-06,0,0.00277299266978493,0.0221161762837887
"8235","RBM8A",0.48679990827294,0.202753275012168,0,0.00306508549381882,0.602394216855318
"8236","RBMS1",2.4648449323198,0.00123863459956978,0,9.16397430964689,0.133289363219586
"8237","RBMS2",0,0,0,0.414230515246565,0.112223743196933
"8238","RBMX",1.22621368624576,0.159665655679087,0,0.985207363094872,1.41930325047966
"8239","RBMX2",0.534949860397111,1.27734026871247,0,2.42805259779802,1.70486360622079
"8240","RBMXL1",2.01954013563493,0,0,0.142890340245121,0.0627742245366869
"8241","RBP7",0,0,0,3.80574811943517,3.58903189373259
"8242","RBPJ",0.0799057004156853,0.519500821117659,0,1.22006246550492,4.67065971641356
"8243","RBPMS2",0,0,4.30216190061558,0,0
"8244","RBSN",0.810893139106513,0.853418694435673,0,1.05138301474547,0.663691541787279
"8245","RBX1",1.12318573184069,0.471358325040232,0.0308983958953331,0.222307963206692,2.44962338376949
"8246","RC3H1",0.0702667316127184,0.0643703753226554,0,0.099142495121068,0.525670784880563
"8247","RC3H2",1.1001329540721,3.41668079116066,0,12.1555505207106,3.1931074231847
"8248","RCAN1",0,0,0,0.0434275623733848,0.00627429161773795
"8249","RCAN3",0.154128184575844,0,0,0.00418667347313804,1.40808151670242
"8250","RCBTB1",0,0,0,3.4028459850227,0.106962898715166
"8251","RCBTB2",0,0.654630808917561,0,1.13491188428289,2.19919364528494
"8252","RCC1",0.032349871585428,0.737741867829093,0,3.54151840545798,0.812548846174707
"8253","RCC2",0,1.12333315075125,0,0.0539395163506202,0.162135719836861
"8254","RCCD1",0,0,0,0,0.501542344788368
"8255","RCE1",1.14904889297706,0.131976767442279,0,1.28602717124932,5.53559320229711
"8256","RCHY1",0.281057752891809,1.4157870408277,1.14943921516563,0.00194880144367418,0.42787064844889
"8257","RCL1",0.086404454329467,0.202290686940494,0,0.746452040650966,5.38892864141807
"8258","RCN1",0,2.77957563290649,0,0.00768204275369931,8.40820310677999
"8259","RCN2",1.64395914701185,0.790693175284866,0,0.72392126387048,0.0109870827323347
"8260","RCN3",0,0,0,5.19291518602023,2.01702657117185
"8261","RCOR1",0,6.46252490877914,0,4.27579820385293,2.26176689341676
"8262","RCOR3",0.0570067267479487,0.651861790371694,0,4.57253032645774,1.067302773823
"8263","RCSD1",0.122429443962306,0.0848322104241257,0,0.0749386772046403,1.15348385228122
"8264","RDH10",0,0,0,0,1.23001537796979
"8265","RDH11",1.76074571938846,4.73440195036523,1.37574246980322,1.15861727401974,0.324880384828648
"8266","RDH13",0,0,0,0,0.0565541464111364
"8267","RDH14",0.221608465081124,0.0224478165296685,0,1.73977625654568,0.296861120867265
"8268","RDH5",0,0,0,0,0.38699063023654
"8269","RDX",0,0.810783818026825,0,0.966448961597661,0.577674233766411
"8270","REC8",2.89387641180806,0.0984409583465199,0,2.81737006324299,0.00229200225757335
"8271","RECK",0,1.55104580883462,0,1.76012635383946,1.71244560853015
"8272","RECQL",5.24095126092822,3.01466066223146,0,0.011760309535726,7.04213585323741
"8273","RECQL5",0,0,0,2.5626005412325,8.56424558002963e-07
"8274","REEP3",0.0350373913262931,0.525462227629976,0,0.443310667531101,1.90771338949909
"8275","REEP4",0,3.56504714353254,0,0.0498201835691075,2.90580789407008
"8276","REEP5",5.49236813500739,0.0742455509477681,0.838687411410614,1.23074883187255,1.71518026211684
"8277","REEP6",0,0,0,0,0.986086677189124
"8278","REG4",0,0,0,0,4.9798114892317
"8279","REL",0.0464924855213921,6.00761164044157,0,4.76684878759424,1.7621217267193
"8280","RELA",0.330898360638423,3.44768431077555,0,1.0898744402085,8.10042666763027
"8281","RELB",0.233466748453699,1.50500258120063,0,3.24216326051783,1.77043912274354
"8282","RELL1",0,0,0,0.18115660499853,3.17030170275169
"8283","RELL2",0,0,0,1.95329030148921,0.684951584391949
"8284","RELT",1.99040624883993e-07,4.80215868166995,0,0.429987447664979,2.80327905909801
"8285","REM2",0,0,0,0,2.80847800813637
"8286","RENBP",0,0,0,0.0227151220389219,0.384349203152023
"8287","REPIN1",1.19806902577334,0.0325487883238358,0,0.135597634102425,0.252930935703207
"8288","REPS1",0,0.00143832735334562,0,0.0313135267836411,0.475342847627676
"8289","REPS2",0,0,0,0.607714726483978,0
"8290","RER1",0.201471177698851,0.582605589943702,0,0.686067323699338,0.578770612831935
"8291","RERE",0.126295831996001,0.0310961050784597,0,0.0760786512517795,0.0104670900790168
"8292","REST",6.34102848249823,3.60089630822865,0,8.45185087954936,2.66467013043806
"8293","RETN",0,0,0,3.72495330158311,0.0268974062668322
"8294","RETSAT",0,0,0,2.62188197016477,2.52566238235005
"8295","REV1",1.85187069092891,2.41536022026128,0,0.118131654314113,3.24769565810545
"8296","REV3L",0.276344681785003,0.168740411163083,0,0.000457993734648775,0.0228327557062811
"8297","REXO1",0,6.9258641899359,0,2.38803917856724,0.194916163034012
"8298","REXO2",0.278682076126525,0.158147246946015,5.60510494522235,0.170109756054564,0.597642141696412
"8299","REXO4",0.852327167055849,1.96051318349691,0,6.04444920899269,2.15563166781546
"8300","RFC1",0.320876273345275,0.287932246261483,0,0.00727761400974274,0.780469303230877
"8301","RFC2",0.123170263076959,1.80322716687235,0,0.0823838376857222,0.577217166848591
"8302","RFC3",0,0,0,1.32103496006375,1.33952250680667
"8303","RFC4",0,1.03154382079013,0,0.104430331587061,2.558871500424
"8304","RFC5",0,0,0,0,0.0264797054132738
"8305","RFESD",0,0,0,0,4.24808424331169
"8306","RFFL",0,5.56896112054748,0,1.33389940477417,0.688724777441645
"8307","RFK",0.010685391197595,0.441641156040834,0,0.000291594560958102,0.0967907507984413
"8308","RFNG",0,0,0,3.79100715901272,0.18449528444815
"8309","RFT1",0,0,0,0.0561529229959206,2.53086973000322
"8310","RFTN1",1.38560760810803,1.9335102431699,0,17.8921347731824,4.3450013286614
"8311","RFWD2",0.512413883041677,0.0692820831245222,0,0.000792428067559633,0.0929328328217722
"8312","RFWD3",0,0,0,0.219657522849231,4.9385373976803
"8313","RFX1",0,0,0,2.89803409758527,0.00369006327182539
"8314","RFX2",0,0,0,3.46338549400595,1.9789187712246
"8315","RFX3",0.00026978665770432,0.0426260000187317,0,0.0646925925922344,0.00289311525895002
"8316","RFX3-AS1",0,0,0,0,0.00879766902858658
"8317","RFX5",0.0393476323735607,0.282564008732315,0,0.0258324157187548,0.0155961576692528
"8318","RFX7",0,0,0,2.41524619985734,0.463972412016298
"8319","RFXANK",0.0189837733929694,0.0268397984072819,0,0.00791915426150861,0.195666551827213
"8320","RFXAP",0,3.0710648778279,0,0,0.00914456651953553
"8321","RGCC",0.000282761850886608,5.31856829681309,3.84394520541008,0.0524379134287914,20.2128251777515
"8322","RGL2",5.38269363898326,1.01214398893649,0,3.7589934421397,0.359785512698467
"8323","RGL4",0,0.443994414481205,0,2.74214119752733,1.39868903319212
"8324","RGMB",0,0,0,0,1.71725645851187
"8325","RGP1",0,9.08957183765816e-08,0,9.36301126962619,0.475819069359459
"8326","RGPD5",0,0,0,0,0.0216107495266143
"8327","RGS1",0.170125386693792,0.521256808103304,0,0.0693320845435991,0.191649862709993
"8328","RGS10",0.113933283867336,0.610083850008827,1.08273073211617,1.34467788211365,0.168573444100309
"8329","RGS12",0,0,0,7.09488526308203,0.379178529940565
"8330","RGS14",1.80585296217944,0.758997746318748,0,6.07065728319929,1.20489458412345
"8331","RGS16",0.0176848362198667,0,0,0,0.165428454911367
"8332","RGS18",0,0,10.3451138148286,0.831187130645505,0.0383126759328579
"8333","RGS19",0.562106074593949,4.36973588695883,0,0.431227126852754,5.50454171081441
"8334","RGS2",0.324177779243658,0.120338464776902,0,0.617917526778799,0.0358592677862046
"8335","RGS3",0,0.019757882814201,0,7.97727955055536,0.731817531383548
"8336","RGS5.1",0,0,0,0,0.38346993241092
"8337","RGS6",0,0,0.0944135641123429,0,0
"8338","RGS9",0,0.0524435840358316,0,0,0.0126443980669768
"8339","RHAG",0,0,1.34805528907374,0,0
"8340","RHBDD1",0,0,0,1.60298114233027,0.98798081351565
"8341","RHBDD2",0.00141973573582902,2.49914507278624,0,4.76598068040742,9.13149835640174
"8342","RHBDD3",0,0,0,0.0774623188097352,0.084871835621712
"8343","RHBDF2",0.525693634562478,0.113338312458726,0,1.30471513141456,0.745427202693906
"8344","RHBDL1",0,0,0,0,1.05512733158078
"8345","RHEB",0.807370881384657,1.48810126568465,0.0850248293047088,0.0130028549962131,1.26697541206767
"8346","RHEBL1",0,0,0,0,3.30964423434659e-05
"8347","RHNO1",0.409199918012302,1.67949301265392,0,2.91803810999772,0.0949765182450089
"8348","RHOA",0.18168271626094,0.0463041963768253,5.69480055916134,1.41732154708666,1.26540036697664
"8349","RHOB",3.24926551236033,11.3275055324706,0,0.210739520811381,0.112087152627168
"8350","RHOBTB3",0,2.83901061139663,0,0.139636968881141,0
"8351","RHOC",0.128509153694986,1.42617649715675,0.709270458910118,6.04372253612243,0.431550130920378
"8352","RHOF",0.135575808712625,0.134487310611756,0.44543998252973,15.2204365217784,0.0668376349660413
"8353","RHOG",0.762489329113699,0.995689270160133,2.57680140839895,2.94212713563469,1.69411827910674
"8354","RHOH",0.615021594282451,0.195927628593774,0,0,0.0738232024329702
"8355","RHOQ",0,0,0,13.4686057534821,0.160821010940137
"8356","RHOT1",1.74243657454357,0.176702469670723,0,0.391645833108568,0.806445195294162
"8357","RHOT2",0.243453112550985,0.175235952504095,0,0.810438410573778,0.435789034215975
"8358","RHOU",0,0,0,4.27089721386137,0.23045217955646
"8359","RHPN1",0,0,0,0,0.0783443751772458
"8360","RIC1",0.114088257665192,0.0027930772606972,0,0.230867453541472,0.0207800813560836
"8361","RIC3",0.00211045562524444,0,0,0,0.176460913355224
"8362","RIC8A",0.229799280216466,2.03073866767248,0,0.33823398417869,1.66291082576657
"8363","RIC8B",0,0,0,0,1.59798381003159
"8364","RICTOR",0.0104048034079217,1.34349870622708,0,0.624741840926286,2.30240202058216
"8365","RIF1",0.0224687726268657,1.32562939430708,0,0.0344003115856119,1.71505159050928
"8366","RILP",0,0,0,0.895264741275263,0.184937817425167
"8367","RILPL1",0,0,0,0,0.070522266222213
"8368","RILPL2",0.000301941966213667,1.87764450682079,0,0.732245866624168,4.12119364898548
"8369","RIMKLB",0.447617630442903,0,0,1.40921909522696,1.29830439292111
"8370","RIN1",0,0,0,0.0346088680018837,1.73493511770178
"8371","RIN2",0,0,0,0.468358071136921,0
"8372","RIN3",0.886513988133248,0.0619237917455933,0,0.075540581718763,0.290955948393225
"8373","RING1",0.0146590130840926,0.0837117103856976,0,0.142109577987407,0.0138926618993815
"8374","RINL",1.59286902047146,0.0855298614644247,0,0.908403205031965,1.00553007402479
"8375","RINT1",0,0.237162360449303,0,0.0405057588965042,0.547647140081961
"8376","RIOK1",0.0775379490578876,0.0781291540191212,0,5.31561488266254,0.122594814626977
"8377","RIOK2",2.08427305056097,0.762055326174705,0,3.89103710386514,2.42703719800773
"8378","RIOK3",0.00696459560479408,0.395059607560979,9.7889218316571,0.916978024254816,2.06506048788022
"8379","RIPK1",0,1.22933399688942,0,1.78211831010475,0.666485040145019
"8380","RIPK2",0.724539119532813,0.135454754983151,0,0.091781938064895,1.80468423170555
"8381","RIPK3",0,0,0,0.246622623342808,0.111229725241793
"8382","RIT1",0.318138445720729,0.362033991650134,4.1674054616894,0.0860607336105401,4.15024717981565e-05
"8383","RITA1",0,0.0238416149994723,0,0.191976754579569,1.97376394769695
"8384","RLF",1.11456590019158,0.000605031054210556,0,0.267861810064625,0.416039462666893
"8385","RLIM",1.42707164738984,0.960871808290263,0,1.8056739697518,1.77917504223233
"8386","RLN1",0,0,0,0,13.4293531441592
"8387","RLN2",0,0,0,0,11.2003153993578
"8388","RLTPR",0,0,0,0,0.974981257372931
"8389","RMDN1",0.262460218480349,0.475034257887302,0,0.108410642384991,3.48564775538387
"8390","RMDN2",0,0,0,1.0969230696796,6.02989193534082
"8391","RMDN3",0,1.80073790231274,0,0.252107942482538,0.888069241720895
"8392","RMI1",0,0,0,0.701874855083082,1.81039992077859
"8393","RMI2",0,0,0,0,0.343748502637636
"8394","RMND1",0,0,0,0.0158704497351749,1.64938528391142
"8395","RMND5A",0.101231494967594,0.0223920375757077,0,1.44456403167711,0.140352313080813
"8396","RMND5B",0,0,0,0.185181286580059,0.0454831091503203
"8397","RMRP",0,0,0,0,0.102432952394817
"8398","RNASE2",0,0,0,10.5057668312811,0
"8399","RNASE4",0,0,0,0.0451926841059947,0
"8400","RNASE6",1.59042045995785,0,0,3.0421078870914,1.64476649746954
"8401","RNASEH1",0.0299032043434077,1.79244186539769,0,2.78944322903923,3.65107284273075
"8402","RNASEH1-AS1",0,0,0,1.08846378487157,2.04565571885933
"8403","RNASEH2A",0,4.37487290345643,0,0.566933796938862,1.8180107949984
"8404","RNASEH2B",4.99565457355967,1.38856964699683,0,0.071069166418001,4.995505302672
"8405","RNASEH2C",0.192031849050672,1.56970956600021,0.0994015387019067,2.30807549240875,5.35509283199523
"8406","RNASEK",0.243972711529919,0.474507907671388,0,0.24370458045085,1.44853747183713
"8407","RNASEL",0,0,0,0,0.0640842683426836
"8408","RNASET2",0.0827502939975609,1.23427361657541,4.09436002566846,0.00374120711342775,3.56742001656634
"8409","RND1",0,0,0,0,2.04654907175557
"8410","RNF10",0.646764121825728,0.314103397361969,1.7708566370868,0.00227314295271948,2.6784327320651
"8411","RNF103",0,2.05247585455142,0,2.16406392794638,3.58295900665757
"8412","RNF11",0.8322309900215,2.26313262830385,5.96443872031704,1.2573687870951,6.74446594619828
"8413","RNF111",0.023649045804832,1.32865279506646,0,0.167837140765694,0.063400887575653
"8414","RNF113A",1.00140422965191,1.24140055484266,0,1.54240230289032,2.61748240584388
"8415","RNF114",0.206366732831169,1.07049567385591,0,3.09570933468989,5.32139893638253
"8416","RNF115",0.28869856555076,5.41769987473718,0,2.11911885843524,2.15689182606147
"8417","RNF121",0,0.153832911252566,0,0.305088140546463,0.0435502274937474
"8418","RNF122",0,0,0,0.0462799397810919,0.810733745132995
"8419","RNF123",0,0,0,0.522608862990538,0.707197632634322
"8420","RNF125",2.51817671045874,0.141213027542061,0,4.2852185252427,0.270334607918404
"8421","RNF126",0.287460071000348,0.611445076395741,0,2.1118651037426,0.760075084263225
"8422","RNF13",0.38423707179498,0.193192646154924,0,0.871447019113862,0.0300948019643368
"8423","RNF130",0.117060202011996,0.550435595257192,0,0.916705808778966,5.62701364087995
"8424","RNF135",0.341804249005872,0.786942789156179,0,10.3259850878261,1.02245448263066
"8425","RNF138",0.363244474960962,1.44721984850202,0,2.99209954163229,1.02678290071135
"8426","RNF139",0.0674866226045306,0.113736286925419,0,0.0557554838182046,0.0229455126569454
"8427","RNF139-AS1",0,0,0,0,0.757405730525967
"8428","RNF14",0,0.488766948043065,0,0.475352431836787,0.00496323819766017
"8429","RNF141",0.14155445722483,1.97943780523503,0,1.95292111950321,0.0758764252210831
"8430","RNF144A",0,0,0,0,0.185917122421365
"8431","RNF144B",0.478240958996368,0,0,0.58514742653657,1.79578394330897
"8432","RNF145",4.46616271839579,0.262132000191417,0,3.39115850092922,0.928897278247479
"8433","RNF146",1.10104096842228,1.45730259661313,0,0.00153344691219479,5.27612889940519
"8434","RNF149",2.82119191089073,0.0753186730466409,0,1.92320662066632,0.991451565907928
"8435","RNF157",0,0,0,0,2.89338728761014
"8436","RNF165",0,0.00259753021207965,0,0,0
"8437","RNF166",0.416800256436556,1.15956238948532,0,2.01372841891366,1.34083376168918
"8438","RNF167",0.0256671962705508,1.91779054257548,0,1.21781047113773,1.24448940827627
"8439","RNF168",0.200388698625006,3.08804922982249,0,0.0691383024402478,3.40132879263987
"8440","RNF169",0,0.397961593921024,0,0.141022585399227,0.0514732996895491
"8441","RNF170",0.0355088441046214,0.579480753555756,0,3.96115956961865,0.00815831536602888
"8442","RNF175",0,0,0,0,2.09353942644669
"8443","RNF181",0.473773739616353,1.32878496834497,0.103341039368775,0.0885569448424168,0.258378205883274
"8444","RNF185",0,0,0,3.33725056311021,1.83037384350516
"8445","RNF187",0.882534373499972,0.0202338887952117,0,2.29371113767542,0.226873064743591
"8446","RNF19A",2.44899751285603,1.60969121520547,0,0.68912301785498,1.24077423057916
"8447","RNF19B",0,0,0,0.104704095244574,0.2152619760829
"8448","RNF2",0.321924409178091,0.134095438079579,0,0.898344753132337,0.192716209871857
"8449","RNF20",0,0.225957146122617,0,2.59167641691649,0.99614587494528
"8450","RNF207",0,0,0,0,1.40518299538886
"8451","RNF212",0,0,0,0,0.559455682155992
"8452","RNF213",0.518932592547314,4.60483352304002,0,3.23779205817278,1.5234498038047
"8453","RNF214",0.909528414199854,0.00373982037182978,0,0.797101756867475,0.528141567492396
"8454","RNF216",0.802274869545396,1.14924303340903,0,0.22992960049562,1.85615599343187
"8455","RNF217",0,0,0,0.816535177618384,0
"8456","RNF219",0,0.372281415547221,0,1.04954594791489,0.0754276845273443
"8457","RNF220",0.46864740456878,0.219408419017135,0,0.0890214822927721,0.332613215128664
"8458","RNF24",0,0,0.343469014650126,0.858306265588711,2.40131321104139
"8459","RNF25",0,2.63858761485943,0,0.449783045826652,6.21653195948012
"8460","RNF26",0.0473233560643136,0.368809963375268,0,0.469711409208388,0.947706783180302
"8461","RNF31",0,0.0748397759810343,0,2.59230227468589,0.00730574202626082
"8462","RNF34",1.46949937892706,1.3556739302772,0,0.0115799443018834,0.864781316891272
"8463","RNF38",1.51965313268029,3.10424508965262,0,1.82650809260173,2.64910883331854
"8464","RNF4",4.09638149970973,6.20816362610827,0,15.6626713799331,7.82868325927371
"8465","RNF40",1.86544307260263,1.99968750217261,0,0.0758695392026862,0.074393917562011
"8466","RNF41",0.84033668112477,0.0938971419966296,0,2.99347295501573,0.51985564199064
"8467","RNF43",0,0,0,0,0.0729809788521445
"8468","RNF44",2.29696687633758,0.113336911729613,0,0.102358895307295,1.68957247986001
"8469","RNF5",1.01449510171577,0.0689198000321345,0,1.27693201177615,0.00138397270435185
"8470","RNF6",0.486456649524476,1.34900187948003,0.614482319056766,0.934413094596396,0.639141727137424
"8471","RNF7",4.1172096070156,5.62936740528196,0.0700396515042459,8.94237943922534,1.32307497383657
"8472","RNF8",0,0.110316984554307,0,0.159163622414654,2.35293518632153
"8473","RNFT1",0.211880142098523,0.524080561335093,0,2.36461326448747,0.242325726869925
"8474","RNFT2",0,0,0,0,1.28734522071233
"8475","RNGTT",6.26132399611855,3.93590899454265,0,5.00815902413116,1.60536410700407
"8476","RNH1",1.79603735104123,0.00255903672687619,0.00469487004455053,0.305830556370684,0.481560145443349
"8477","RNLS",0,0,0,0,0.205769488683373
"8478","RNMT",0.386195007969006,0.0341625513510801,0,2.00300762505336,1.1333633370145
"8479","RNMTL1",5.19133108933699e-06,2.12076052928474,0,1.91743247585206,0.424188865912673
"8480","RNPC3",0.00134692252015615,0.104529609074458,0,0.00434165979191887,0.386905575750734
"8481","RNPEP",2.0147314660525,0.127726545124158,0,0.177537373112309,3.33976670687561
"8482","RNPEPL1",0.378639569378593,1.60451055601817,0,0.370512595429549,0.0241540101358153
"8483","RNPS1",2.9338406287343,0.32446256975139,0,0.747042768706236,2.25984733827992
"8484","RNU12",0,0,0,0.720512754172971,0.163240594488595
"8485","ROBO3",0,0,0,0,1.52652458376485
"8486","ROCK1",0.854892518137365,0.16538868813559,0,3.56068373833883,0.089277127936301
"8487","ROCK2",0,0,0,2.20829350375944,0.740280202446813
"8488","ROGDI",0,0,1.31611281834123,0.266165717809828,0.66360031547276
"8489","ROMO1",1.57672623970717,1.87179782422333,0.0382354848727421,3.36949246335784,4.10140269012182
"8490","ROPN1L",0,0,0,0,0.0569327185048735
"8491","RORA",0,2.61309507648807,0,0,4.157672881443
"8492","RORA-AS1",0,0,0,0,1.39738377338092
"8493","RORC",0,0,0,0,2.39578899460474
"8494","RP1-101K10.6",0,0,0,0,0.0658151685667948
"8495","RP1-122P22.2",0,0,0,0.731212066109862,0
"8496","RP1-125I3.2",0,0,0,0.694523624430421,0
"8497","RP1-151F17.1",0,0,0,0,0.000982358956326041
"8498","RP1-153P14.8",0,0,0,0,0.0397005875169316
"8499","RP1-159A19.4",0,0,0,0,5.91736831807754
"8500","RP1-167A14.2",0,0,0,0,0.531261333105446
"8501","RP1-178F15.4",0,0,0,0.147674588586103,0.10078363646808
"8502","RP1-187B23.1",0,0,0,0,0.0585768961421127
"8503","RP1-197B17.3",0,0,0,8.23619425374584,20.851558995043
"8504","RP1-198K11.5",0,0,0,0,0.558851402629612
"8505","RP1-202O8.3",0,0,0,0,0.615920223331104
"8506","RP1-221C16.8",0,0,0,0,0.000400737902567098
"8507","RP1-223E5.4",0,0,0,0,0.0267073802352261
"8508","RP1-234P15.4",0,0,0,0,0.0267953498877889
"8509","RP1-244F24.1",0,0,0,0,0.424909404913288
"8510","RP1-267D11.6",0,0,0,0,0.167973905095579
"8511","RP1-267L14.6",0,0,0,0,0.0513303550599596
"8512","RP1-28O10.1",0,0,0,0,0.0168628949088595
"8513","RP1-292L20.3",0,0,0,0,0.662552182222389
"8514","RP1-29C18.10",0.407089913679422,0,0,0,0.212046202391601
"8515","RP1-313I6.12",4.5726494223837,0,0,5.2551232067797,0.611482496040118
"8516","RP1-34B20.21",0,0,0,0,0.115409846568714
"8517","RP1-39G22.7",0,0,0,0,0.638720801753041
"8518","RP1-40E16.12",0,0,0,0,4.47608693398787
"8519","RP1-43E13.2",0,0,0,0,3.09039765127475
"8520","RP1-8B1.4",0,0.383019306666192,0,0,0.363063997588703
"8521","RP11-1000B6.3",0.0114769287657687,0.00539679834163256,0,0.310429415118119,0.08350085981384
"8522","RP11-1000B6.8",0,0,0,0,0.211844043396377
"8523","RP11-1008C21.1",0,0,0,2.62071605662762,0
"8524","RP11-1017G21.5",0,0,0,0,0.202329193527314
"8525","RP11-103C16.2",0,0,0,0,7.99715237303877
"8526","RP11-1055B8.9",0,0,0,10.0905167021204,0
"8527","RP11-108M9.4",0,0.313562156335192,0,1.23961871621758,5.41331342721864
"8528","RP11-108M9.6",0,0,0,0,0.262149559778661
"8529","RP11-1094M14.11",0.0817531462506593,0.303075637963056,0,0.168738379835144,1.82163430872992
"8530","RP11-110G21.1",0,0,0,0,0.911383935302673
"8531","RP11-110I1.11",0,0,0,0,0.0950378856411215
"8532","RP11-110I1.12",0,0,0,0,3.36509704155008
"8533","RP11-110I1.13",0,0,0,0,0.995388791710926
"8534","RP11-111M22.2",0,0,0,0,1.75429132309687
"8535","RP11-111M22.3",0,0,0,0.844331021761627,1.4344900871657
"8536","RP11-112J3.16",0,0,0,0,3.55705791464685
"8537","RP11-1143G9.4",0,0,0,0.0591199606450441,0.354816677837954
"8538","RP11-1143G9.5",0,0,0,0,4.03049712763296
"8539","RP11-115C21.2",0,1.77353023384118,0,0.00183968219369529,1.0404668921597
"8540","RP11-1191J2.5",0,0,0,0,0.686662055439471
"8541","RP11-119B16.2",0,0,0,0,0.121257342216986
"8542","RP11-119D9.1",0,0,0,0,0.0164709976974792
"8543","RP11-11N9.4",0.0440954552190495,0,0,0.225919941946822,0.116807102105759
"8544","RP11-121M22.1",0,0,0,0,0.367353624624872
"8545","RP11-124N14.3",0,0,0,0.214330692819664,0.0935970827899719
"8546","RP11-126K1.2",0,0,0,0.235114563131552,0
"8547","RP11-126K1.6",0,0,0,0.340244245163713,3.18658823116338
"8548","RP11-126L15.4",0,0,0,0,1.15491695307638
"8549","RP11-126O1.6",1.18391858392048,0,0,0,0.022106170594793
"8550","RP11-127B20.2",0,0,0,0,0.0102286097012697
"8551","RP11-127B20.3",1.5284422208152,1.81284390214638,0,2.03989536801319,0.293117291855956
"8552","RP11-134G8.7",0,0,0,0,2.74834874910427
"8553","RP11-137H2.4",0,0,0,0,13.6050296626179
"8554","RP11-138A9.1",0.0451315201404334,0,0,0.120825009772454,0.0136589226609925
"8555","RP11-138A9.2",0.193392067450584,0,0,0,0.0152679223720977
"8556","RP11-138P22.1",0,0,0,0,0.0859885114694759
"8557","RP11-1391J7.1",0,0,0,0,0.00985058456564313
"8558","RP11-1398P2.1",0,0,0,0.475900330134949,0.0852622595014401
"8559","RP11-1399P15.1",0,0,0,0,0.771461259085822
"8560","RP11-140K17.3",0,0.573597280435299,0,1.48194548553679,2.61668453015339
"8561","RP11-146F11.1",0,0,0,0.000101311274885137,0.446573703570068
"8562","RP11-147L13.11",0,0,0,3.53784237551412,1.00279819582285
"8563","RP11-147L13.12",0,0,0,0,0.293768512923487
"8564","RP11-147L13.13",0,0,0,0,0.113416895204274
"8565","RP11-147L13.15",0.00121600203938988,2.04901426560754,0,0,1.78677199755411
"8566","RP11-14N7.2",0,0,0,0,4.30161800777936
"8567","RP11-152N13.5",0,0,0,0,1.68848933569579
"8568","RP11-156E8.1",0,0,0,0,0.160518749705183
"8569","RP11-156K23.3",0,0,0,0.559880831022938,0.0205869292643191
"8570","RP11-158I9.8",0,0,0,1.36828538626425,0.74710913968277
"8571","RP11-159D12.2",0,0,0,1.24485508550317,1.765775765281
"8572","RP11-15A1.3",0,0,0,0,0.485721361880069
"8573","RP11-160E2.6",0,0,0,0.722880542362115,0.0525381740992831
"8574","RP11-160H22.5",0,0,0,0,7.2413362411952e-07
"8575","RP11-161M6.2",0,0,0,0,3.54708785825827
"8576","RP11-161M6.3",0,0,0,0,1.28937122386112
"8577","RP11-162A12.2",0,0,0,0.106087940253957,0.0421167497934637
"8578","RP11-162G10.5",0,0,0,0,1.10286187948551
"8579","RP11-164H13.1",2.14998290415108,0,0,0,0
"8580","RP11-166B2.8",0,0,0,0,0.69865425131613
"8581","RP11-166O4.6",0,0,0,0,0.0273823021299236
"8582","RP11-166P13.3",0,0,0,0,0.451623526357636
"8583","RP11-166P13.4",0,0,0,0,0.000807231134795487
"8584","RP11-169D4.2",0,0,0,0,0.309621084958371
"8585","RP11-16E12.2",0.11511862100671,0,0,0,0
"8586","RP11-178L8.7",0,0,0,0,0.337962305901466
"8587","RP11-17A1.3",0,0,0,0,0.0928879132717997
"8588","RP11-181C3.1",0,0,0,0,0.0210664921218222
"8589","RP11-181E10.3",0,0,0,0,0.132592157351756
"8590","RP11-182L21.6",0,0.0487009286470089,0,0.158267411791849,0.415949491695506
"8591","RP11-186N15.3",0,0,0,0,0.0590833170287582
"8592","RP11-18H21.1",0,0,0,0,0.372483846550285
"8593","RP11-191L17.1",0,0,0,0,0.251313064140376
"8594","RP11-192H23.6",0,0,0,0,0.0728043535722933
"8595","RP11-195F19.5",0,0,0,0,1.58694508682634
"8596","RP11-206L10.9",0,0.327198413015619,0,0.833084322360544,0.414139358549866
"8597","RP11-212I21.4",0,0,0,1.23040829595896,0
"8598","RP11-212P7.2",0,0,0,0,0.800237293979845
"8599","RP11-214N9.1",0,0,0,0,0.0110563561942319
"8600","RP11-214O1.3",0,0,0,0,0.221503908411498
"8601","RP11-215P8.3",0,0,0,0,0.676105437738812
"8602","RP11-218E20.3",0,0,0,0,0.0342814766471142
"8603","RP11-218M22.1",0,0,0,0.967666418813668,2.83478301407853
"8604","RP11-219A15.1",0,0,0,0.112573124604446,1.73708911392503e-05
"8605","RP11-222K16.2",0,4.8746032601391,0,0,7.51450903652108
"8606","RP11-223C24.1",0,0,0,0,0.00651449425419138
"8607","RP11-22N19.2",0,0,0,6.47910918526413,0
"8608","RP11-22P6.2",0,0,0,0,2.36091085870602
"8609","RP11-23P13.6",0,0,0,0,0.801382081111386
"8610","RP11-242D8.1",0,0,0,0,0.443647872525283
"8611","RP11-243J16.7",0,0,0,0,4.49516998309748
"8612","RP11-244H3.4",0,0,0,0,1.14599996033223
"8613","RP11-245D16.4",0,0,0,0,0.854162918171722
"8614","RP11-245J9.4",0,0,0,0,0.111651949955082
"8615","RP11-252A24.3",0,0,0,0,0.413731715950827
"8616","RP11-254F7.2",0,0,0,10.9147756495814,0.431448383096618
"8617","RP11-258F1.1",0,0,0,0,4.08903363065796
"8618","RP11-25K19.1",0,1.1092459679575,0,0,7.61318128807405
"8619","RP11-260M2.1",0,0,0,0,0.411352685192916
"8620","RP11-262H14.3",0,0,0,0,0.814692612546662
"8621","RP11-273G15.2",0,0,0,0,0.575030437516711
"8622","RP11-284M14.1",0,0,0,0,0.0735510920338539
"8623","RP11-284N8.3",0,0,0,0,1.98233077459674
"8624","RP11-285F7.2",0,0,0,0,0.00161971709819732
"8625","RP11-286N22.8",0,0,0,0,0.220244146516971
"8626","RP11-290D2.6",0.179117715291388,0.844652185099456,0,0.0848087122461808,0.00595584389066471
"8627","RP11-291B21.2",0,3.28029019213459,0,0,3.94289023357752
"8628","RP11-293A21.1",0,0,0,0,0.891824376042443
"8629","RP11-294J22.6",0,0,0,0,0.0650137540879982
"8630","RP11-295G20.2",0,0,0,6.71240924951571,6.41895429004433
"8631","RP11-295P9.13",0,0,0,0,2.52523817583482
"8632","RP11-296O14.3",0,0,0,0,0.274785507928244
"8633","RP11-297B17.3",1.05476287046279,0,0,0,0
"8634","RP11-297D21.4",0,0,0,0,4.86457563691082
"8635","RP11-297N6.4",0,0,0,0,4.10473263278827
"8636","RP11-298J20.3",0.33404837444456,0,0,0,0.00386458951634919
"8637","RP11-299J3.8",0,0,0,0.00120805356183543,0.190245532448929
"8638","RP11-2B6.2",0,0,0,0,0.0653015461225604
"8639","RP11-304L19.13",0,0,0,0,0.320843209621166
"8640","RP11-305K5.1",0,0,0,0,0.316284206698789
"8641","RP11-305L7.1",0,0,0,0,0.000871288842929682
"8642","RP11-305L7.3",0,0,0,0,0.0865829018703889
"8643","RP11-307C12.12",0,0,0,0,1.43438269709241
"8644","RP11-313P13.5",0,0,0,0,0.0753509165116696
"8645","RP11-319G6.1",0,0,0,0,0.0328745888418665
"8646","RP11-324I22.4",0,0,0,0,0.99228471257347
"8647","RP11-325F22.2",4.39805963642243,0.000236421205677737,0,0,0.0698699820179258
"8648","RP11-326C3.11",0,4.48467984089609,0,0,1.53547369301049
"8649","RP11-326C3.12",0,0,0,0.481595075219445,9.79558616721485
"8650","RP11-326C3.2",0,0,0,0,0.0427633936288888
"8651","RP11-326C3.7",0,0,0,0,2.95673572573188
"8652","RP11-326G21.1",0,0,0,0,0.37462553268477
"8653","RP11-326K13.4",0,0,0,0,2.53212821335847
"8654","RP11-327F22.2",0,0,0,1.08605411043033,0.389284506184761
"8655","RP11-327F22.4",0,0,0,0,0.0978288717781263
"8656","RP11-327P2.5",0,0,0,0.755303948546314,0.134325722450758
"8657","RP11-332H14.2",0,0,0,0.327359418009423,0.364444615636863
"8658","RP11-333E1.1",0,0,0,0.0102619931694209,3.22405313739709
"8659","RP11-334C17.5",0,0,0,3.75982945402771,1.06115111907227
"8660","RP11-337C18.8",0,0,0,0,1.60990687396945
"8661","RP11-342D11.3",0,0,0,0,0.0777509590160054
"8662","RP11-344P13.6",0,0,0,0,0.122350451544511
"8663","RP11-345J4.5",0,0.754079229618763,0,0.0394311267008467,0.000475687086141168
"8664","RP11-345P4.9",0,0,0,2.84669865728779,2.48936507410243
"8665","RP11-347I19.7",0,0,0,0,2.10849449263971
"8666","RP11-347P5.1",0.147036231379856,0,0,0,0.0342693552420618
"8667","RP11-348F1.3",0,0,0,0,0.358313613173087
"8668","RP11-350N15.5",0,0,0,0,0.0545867040248804
"8669","RP11-352M15.2",0.102104906128262,0.74357057740658,0,3.60699046967889,0.00799210403657572
"8670","RP11-354E11.2",0,0,1.07836553789902,0,0
"8671","RP11-354P11.3",0,0,0,0,0.00914977585699788
"8672","RP11-355B11.2",0,0,0,0,0.156953642708957
"8673","RP11-356I2.4",0,0.0299146541673773,0,8.21481578160642,0.459502875681371
"8674","RP11-356J5.12",0,0,0,0,0.00134599894434841
"8675","RP11-356N1.2",0,0,0,2.77506465311768,0
"8676","RP11-357H14.17",0,0,0,0,0.079439811350773
"8677","RP11-35G9.3",2.42955917242764,0,0,2.50505600978463,2.50651477007741
"8678","RP11-361D15.2",0,0,0,0,0.0594679978910619
"8679","RP11-362F19.1",0,0,0,0.146812967957418,0
"8680","RP11-367J11.3",0,0,0,0,2.49688301331354
"8681","RP11-367N14.2",0,0,0,0,0.0996381005140984
"8682","RP11-370I10.12",0,0,0,0,3.3612076572507
"8683","RP11-372K14.2",0,0,0,1.84170705385621,0.398908613577501
"8684","RP11-379H18.1",0,0,0,1.50991211337222,1.97487875300158
"8685","RP11-379K17.12",0,0,0,0,0.900769735907956
"8686","RP11-37B2.1",1.01486783083895,0,0,0.147793988707194,0.546685260104176
"8687","RP11-380N8.7",0,0,0,0,0.250639805338028
"8688","RP11-381K20.2",0,0,0,0,0.280486496169535
"8689","RP11-382A20.3",0,0.000239131349250996,0,0,0.00260537655689272
"8690","RP11-385D13.3",0,0,0,0,0.000651224041025756
"8691","RP11-385F7.1",0,0,0,0,0.0947507040210748
"8692","RP11-386G11.10",0,0,0,0,0.516385094757407
"8693","RP11-386G11.5",0,0,0,11.365064488149,0.0704854183141261
"8694","RP11-386I14.4",0.968318917617902,0.265917101862509,0,0.201554166143087,0.144391362986148
"8695","RP11-38L15.3",0,0,0,0.00154530236711401,0
"8696","RP11-390E23.6",0,0,0,0.0217422018753457,4.52960919749556
"8697","RP11-390P2.4",0,0,0,0.0301579252239926,0
"8698","RP11-392P7.6",0,0,0,0,0.237606691421193
"8699","RP11-393I2.4",0,0,0,0,0.253060912334981
"8700","RP11-395A13.2",0,0,0,0.865352571513684,0.312698462953417
"8701","RP11-395B7.4",0,0,0,0,0.99503703865807
"8702","RP11-398C13.6",0,0,0,0,1.33865177777946
"8703","RP11-398K22.12",0,0,0,0,1.04614907252903
"8704","RP11-400F19.6",0,0,0,0,1.81595185114663
"8705","RP11-401F2.3",0,0,0,0,2.51846137229181
"8706","RP11-403I13.7",0,0,0,0,2.57454442015103
"8707","RP11-405M12.4",0,0,0,0,0.0356228208343906
"8708","RP11-408A13.4",0,0,0,0,0.269666848155362
"8709","RP11-410L14.2",3.55453847732253,0.0182687026510288,0,8.96509286845973,1.14538301857704
"8710","RP11-412D9.4",0,0,0,0,0.547182006064522
"8711","RP11-413H22.2",0.00385091565345808,0,0,0,0.00617831731405384
"8712","RP11-414C23.1",0,0,0,0,0.263380044384427
"8713","RP11-415F23.2",0,0,0,0,0.809855474965513
"8714","RP11-415F23.4",0,0,0,0,4.73466605907705
"8715","RP11-418J17.1",0,0,0,0,1.90384022047385
"8716","RP11-421L21.3",0.883491980992692,0,0,0,5.14832629308929
"8717","RP11-423H2.3",0,0,0,0,0.224565305239827
"8718","RP11-425D10.10",0,0,0,0,0.0316113887751634
"8719","RP11-426C22.5",0,0,0,0.150692019400419,0
"8720","RP11-426L16.3",0,0,0,0,0.0148794240497623
"8721","RP11-428G5.5",0.0509249808175715,0,0,0,0
"8722","RP11-430B1.2",0.574476528495433,0,0,0,17.9419744714018
"8723","RP11-430H10.1",0,0,0,0,8.2837434681869
"8724","RP11-432J24.2",0,0,0,0.00524377110295484,0
"8725","RP11-434H6.7",0,0,0,0,0.000968161317056026
"8726","RP11-437B10.1",0,0.220521667646158,0,0.00162983917453844,1.70076524542262
"8727","RP11-440L14.1",0,0,0,0,9.87919975916618
"8728","RP11-442H21.2",0,0,0,0,0.0756576788236568
"8729","RP11-443B7.1",0,0,0,0.542907219384002,0
"8730","RP11-446N19.1",0,0.0159563426171173,0,0,1.57966838652029
"8731","RP11-448A19.1",0,0,0,6.42345441274883,0.664186264825341
"8732","RP11-44F14.2",0,0,0,0,0.168333081258735
"8733","RP11-452F19.3",0.014389568223694,0.045587234826871,0,6.35489757462477,0.0364668214598742
"8734","RP11-452L6.1",0,0,0,0,0.00315189856663295
"8735","RP11-452L6.5",0,0,0,0,1.9477039863118
"8736","RP11-452L6.7",0,0,0,0,0.559245351349035
"8737","RP11-455F5.5",0,0,0,0.162489704012338,0.0266457431088037
"8738","RP11-458J1.1",0,0,0,0,0.00061742462356766
"8739","RP11-463O12.3",0,0,0,0,2.38705469827901
"8740","RP11-464F9.20",0,0,0,0,0.560376313498276
"8741","RP11-467L13.7",0,0,0,0.525564202275838,13.3878832412286
"8742","RP11-468E2.4",0.328402171919216,0,0,2.63511319322681e-05,0.000612851949773547
"8743","RP11-468E2.5",0,0,0,0,0.201873736722395
"8744","RP11-46C24.7",0,0,0,0,0.00207772756200577
"8745","RP11-473I1.5",0,0,0,0,0.321131222165112
"8746","RP11-473M20.16",0,0,0,0,0.058988251278137
"8747","RP11-473M20.9",0,0.410358829863797,0,2.73024859984526,0
"8748","RP11-474G23.2",0,0,0,0,0.0339599882941536
"8749","RP11-475O6.1",0,0,0,0,0.644978315587624
"8750","RP11-479G22.8",0,0,0,0,0.0210477746258322
"8751","RP11-47A8.5",0,0,0,8.90467489576214,0
"8752","RP11-47L3.1",0,3.05220564774961,0,4.50830930421319,0.609597428862708
"8753","RP11-481J2.4",0,0,0,0,0.373433801143252
"8754","RP11-483I13.5",0,0,0,0,0.066853246450547
"8755","RP11-484K9.4",0,0,0,0,1.8132338527267
"8756","RP11-486G15.2",0,0,0,0,0.094655303347536
"8757","RP11-486I11.2",0,0,0,4.36373897696569,0.00303154648278497
"8758","RP11-488L18.10",0,0.0434006241708805,0,5.90991086846953,0.0732626837158946
"8759","RP11-488L18.8",0,0,0,0,0.0276865797677313
"8760","RP11-489E7.4",0.385910608553447,0,0,0,0.277905594017488
"8761","RP11-490O6.2",0,0,0,15.703908025836,0.00226506160510348
"8762","RP11-493L12.4",0,0,0,0,0.722647131581424
"8763","RP11-498C9.15",0,0,0,0.358712259353498,0.165918941232187
"8764","RP11-498C9.3",0,0,0,0,0.4655114129622
"8765","RP11-498P14.5",0,0,0,0,0.418465292668536
"8766","RP11-499P20.2",0,0,0,0,0.0283851831470814
"8767","RP11-500C11.3",0,0,0,0,2.39321730774482
"8768","RP11-502I4.3",0,0,0,0,9.47499903297565
"8769","RP11-505K9.1",0,0,0,0.166863969940658,0.477365970172259
"8770","RP11-50I19.2",0,0,0,0,0.0398244649428558
"8771","RP11-513M16.8",0,0,0,0,0.00972638279525513
"8772","RP11-517P14.2",0,0,0,0,0.344461227266847
"8773","RP11-51J9.5",0.0675448229739243,0.0616285620305015,0,0.00332108302238522,0.0634159020719027
"8774","RP11-526I2.5",0,0,0,0,2.98896016112356
"8775","RP11-532F6.3",0,0,0,0,0.126105820093251
"8776","RP11-533E19.7",0,0,0,0,0.286708029677684
"8777","RP11-536K7.3",0,0,0,0.00393338674111792,0
"8778","RP11-538P18.2",0.267461508993497,0,0,0,0.00766251715739588
"8779","RP11-539L10.2",0,1.13467274093329,0,0,0.402958333261933
"8780","RP11-539L10.3",0,0,0,0.0360854919729366,0.291659425835764
"8781","RP11-544A12.8",0.0872685185436916,0,0,0,0.0108371788397663
"8782","RP11-545E17.3",0,1.45058622975048,0,0.582440127841087,2.11507951961172
"8783","RP11-545I5.3",0,0,0,0,1.44268713573527
"8784","RP11-54C4.3",0,0,0,0.00433035864497058,0.0745868385978177
"8785","RP11-553L6.2",0,0,0,0,0.063072098077729
"8786","RP11-554J4.1",0,0,0,0.197520164875041,0.869757451476798
"8787","RP11-563N4.1",0,0,0,0,0.038844261182747
"8788","RP11-567M16.6",0,0,0,0,0.0168494292916338
"8789","RP11-56G10.2",0,0,0,0,0.350732743696229
"8790","RP11-572M11.4",0,0,0,0,0.0110077141207636
"8791","RP11-572O17.1",0,0,0,1.73343603891927,0.509634150280484
"8792","RP11-574F21.2",0,0,0,0,0.324520334326366
"8793","RP11-580I16.2",0,0,0,0,0.735561129875058
"8794","RP11-582E3.6",0,0,0,0.710098080030962,0.425097939039215
"8795","RP11-585P4.5",0,0,0,0,3.85776815526902
"8796","RP11-589C21.5",0,0,0,0,0.344165900232212
"8797","RP11-589C21.6",0,0,0,0,1.02090477263907
"8798","RP11-596C23.2",0,0,0,0.159678890971438,0.0169257067433299
"8799","RP11-597D13.9",0,0,0,12.4019027342163,0
"8800","RP11-598F7.3",0,0,0,0.590557464273001,0
"8801","RP11-617F23.1",0,0,0,0,0.0205581080016861
"8802","RP11-61J19.5",0,0,0,3.09734703937398,0
"8803","RP11-61K9.3",0,0,0,0.994085874385086,0.0034797219965055
"8804","RP11-61O1.2",0,0,0,0,8.94604465754711
"8805","RP11-620J15.3",0,1.52161182858694,0,2.04463273094734,5.89178410328129
"8806","RP11-624C23.1",0.120180486446757,0,0,0,0
"8807","RP11-629O1.2",0,0,0,0,0.284980512769967
"8808","RP11-631N16.2",0,0,0,0,0.0108841103607448
"8809","RP11-634H22.1",0,0,0,0,0.0936915632674454
"8810","RP11-635N19.1",0,0,0,0,3.46472987728091
"8811","RP11-637A17.2",0,0,0,0,5.59067586837974
"8812","RP11-644F5.11",0,0,0,4.77287550115297,0.921066071246273
"8813","RP11-646I6.5",0,0,0,0,0.751466254411916
"8814","RP11-649A18.12",0,0,0,0,1.76410955021127e-06
"8815","RP11-658F2.8",0,0,0,6.21093975513951,0.402458117281366
"8816","RP11-660L16.2",0.29380787986937,1.23224107359879,0,0.753665082967158,0.0180805102887029
"8817","RP11-664D1.1",0,0,0,0,0.113097797762509
"8818","RP11-666O2.2",0,0,0,1.38925733385043,9.01443675694651e-05
"8819","RP11-66N24.3",0,0,0,0.632755403919301,1.18833378828796
"8820","RP11-670E13.6",0,0,0,10.3092292610947,1.30699672855674
"8821","RP11-678G14.3",0,0,4.50428289392846,0,0
"8822","RP11-67L2.2",0,0,0,8.37470025666599,0
"8823","RP11-680A11.5",0,0,0,0.485588757785336,0
"8824","RP11-686O6.2",0,0,0,0,0.224489968961777
"8825","RP11-689B22.2",2.39732035833854,0,0,0,0
"8826","RP11-692D12.1",0,0,0,0,2.9811589923753
"8827","RP11-693J15.5",3.58619264610127,0,0,0,0
"8828","RP11-696N14.1",0,0,0,0,0.92227489532915
"8829","RP11-700H6.1",0,0,0,0,0.163023541215426
"8830","RP11-701H24.9",0,0,0,0,0.211113438017715
"8831","RP11-706O15.1",0,0,0,0,0.892279112995915
"8832","RP11-707G18.1",1.57853638856206,4.65045530952949,0,12.063005506397,1.13883921595735
"8833","RP11-708J19.1",0,0,0,0,4.29788072228388
"8834","RP11-70C1.1",0,0,0,0.990336356416009,0
"8835","RP11-70P17.1",0,0,0,0,1.87551499958796
"8836","RP11-712B9.2",0,0,0,0,0.208567685698609
"8837","RP11-713M15.2",0,0,0,0,0.178382112655087
"8838","RP11-727F15.12",0,0,0,0,0.00575329892931188
"8839","RP11-727F15.9",0,0,0,0,0.00529137512390819
"8840","RP11-730K11.1",0,0,0,0,3.1825935595334
"8841","RP11-734K2.4",0,0,0,0,2.19236572024254
"8842","RP11-73E17.2",1.19595678695342,1.9363709502176,0,2.99087090639473,0.26673157152064
"8843","RP11-74J13.8",0,0,0,0,5.84826940456382
"8844","RP11-750H9.5",0,0,0,0.731059147615152,0
"8845","RP11-756G20.1",0,0,0,0,3.66826005688706
"8846","RP11-758H9.2",0,0,0,2.18639500096732,2.31306071634525
"8847","RP11-758M4.4",0,0,0,0,0.0465590541824359
"8848","RP11-763B22.4",0,0,0,0,3.79315802842023
"8849","RP11-770J1.4",0,0,0,0,0.0166143066812485
"8850","RP11-77H9.8",0,0,0,0,0.0395612643942084
"8851","RP11-77P6.2",0,0,0,0,0.109701386298359
"8852","RP11-792A8.4",0,0.306912263859889,0,4.85969006340436,2.81823933459241
"8853","RP11-796E2.4",1.67158306473534,3.31349243540166,0,0.189767913907246,0.496009551922705
"8854","RP11-798G7.6",0,0,0,0,0.244040846106302
"8855","RP11-798M19.6",0,0,0,0,1.37307961266759
"8856","RP11-799D4.4",0,0,0,0,1.43069841334422
"8857","RP11-79O8.1",0,0,0,0,0.127924570348392
"8858","RP11-79P5.9",0,0,0,0,0.579626793992184
"8859","RP11-7F17.8",0,0,0,0.509321706627978,0.700953993129626
"8860","RP11-802E16.3",0,0,0,2.7122649345886,0.0888562750187375
"8861","RP11-802O23.3",0,0,0,0.000887354748678159,0
"8862","RP11-803D5.4",0,0,0,0,0.189177115720174
"8863","RP11-804H8.6",0,0,0,1.48082101794451,0.256604075214369
"8864","RP11-809O17.1",0,0,0,1.36312362720105,0
"8865","RP11-80H18.3",0,0,0,0,0.0968581193566139
"8866","RP11-817O13.8",0,0,0,0,1.15411617049153
"8867","RP11-819C21.1",0,0,0,0,0.0192821849064589
"8868","RP11-81A22.5",0,0,0,0,1.50993920236221
"8869","RP11-81H14.2",0,5.22931140084083,0,0.139093851907436,0.244362029561802
"8870","RP11-820I16.4",0,0,0,0.982158994703569,0.000100915977006651
"8871","RP11-83A24.2",2.12304390839948,0,0,0.0820323273179668,0.344724887746373
"8872","RP11-841O20.2",0,0,0,0,0.0611949661845893
"8873","RP11-849H4.2",0,0,0,0,2.21924442234251
"8874","RP11-849H4.4",0,0,0,0,0.75299472456153
"8875","RP11-850A17.1",0,0,0,0,2.74179004240112
"8876","RP11-867G23.8",0,0,0,0,0.36507856789758
"8877","RP11-875O11.1",0,0,0,0,2.52071442018629
"8878","RP11-879F14.2",0,0,7.54246349333382,0,0
"8879","RP11-87F15.2",0,0,0,0,0.0243223070888207
"8880","RP11-88E10.5",0,0,0,0.781219988148854,0.353787739648264
"8881","RP11-890B15.3",0,0,0,0,4.34739543075293
"8882","RP11-894P9.1",0,0,0,0,0.0824216269915313
"8883","RP11-902B17.1",0,0,0,0,0.000277870749381513
"8884","RP11-91G21.1",0,0,0,0,0.0922563835273168
"8885","RP11-932O9.7",0,0,0,0,1.53081332943331
"8886","RP11-936I5.1",0,0,0,0,0.00372921317099956
"8887","RP11-93H24.3",0,0,0,0,1.35434093703018
"8888","RP11-950C14.3",0,0,0,0,0.00363871596694433
"8889","RP11-950C14.7",0,0,0,0,0.169267698377827
"8890","RP11-95D17.1",0,0,0,0,0.0519818269125384
"8891","RP11-960L18.1",0.14276734255814,0,0,0,0
"8892","RP11-967K21.1",0,0,0,0,1.66065881549167
"8893","RP11-96H19.1",0,0,0,0,2.86508111140446
"8894","RP11-96K19.2",0,0,0,0,3.332020743228
"8895","RP11-973H7.1",0,0,0,0,1.48263031349815
"8896","RP11-977G19.11",0,1.40327620329487,0,2.9126976564894,5.51667239777362
"8897","RP11-977G19.12",0,0,0,0,0.257560506387671
"8898","RP11-98D18.9",0,0,0,0,0.244693195601905
"8899","RP11-98I9.4",0,0,0,0,0.0122458733736687
"8900","RP13-1032I1.7",0.401059461834143,2.08054531571534,0,3.11383722062592,0.330070532517362
"8901","RP13-188A5.1",0.264775115558825,0,0,0,0.184091452146271
"8902","RP13-270P17.1",0,0,0,0,0.0846288343191402
"8903","RP13-270P17.3",0,0,0,1.13895609905797,7.06866814463239
"8904","RP13-516M14.1",0,0,0,1.89119832807074,2.20851516772175
"8905","RP13-516M14.4",0,0,0,0,1.37833193588713
"8906","RP13-580F15.2",0,0,0,0,2.53726329137285
"8907","RP13-942N8.1",0.0292933728651028,0,0,0.627047247748202,0.0448382615329547
"8908","RP13-977J11.2",0,0,0,0,0.289028774942771
"8909","RP2",0,0,0,0.000442100973983803,1.47805870707519
"8910","RP3-323P24.3",0,0,0,0,0.730303242581085
"8911","RP3-325F22.5",0,0,0,0,0.0477348651759784
"8912","RP3-394A18.1",0,0,0,0,0.0059768959709875
"8913","RP3-395M20.12",3.59846775781295,2.46056259860906,0,2.76211507662332,3.05261499340997
"8914","RP3-395M20.8",0,2.37092061422706,0,0,0.648513413785685
"8915","RP3-395M20.9",0,0,0,0,17.8446213858825
"8916","RP3-402G11.26",0.770963325519071,0,0,0.00619839855208241,0.864085635438508
"8917","RP3-428L16.2",0,0,0,0,1.64980400290608
"8918","RP3-467N11.1",0,0,0,0,1.21875743792765
"8919","RP3-473L9.4",0,0,0,0.273169462988566,0
"8920","RP3-475N16.1",0,0,0,0.15602469981126,0.0259833033002443
"8921","RP3-477O4.14",0,0.00901667143492891,0,0.395155692116387,5.47006320908201
"8922","RP3-522J7.7",0,0,0,0,0.0116815035980128
"8923","RP3-525N10.2",0,0,0,2.07223559398186,0
"8924","RP4-539M6.22",0,0,0,0,3.84843175706707
"8925","RP4-563E14.1",0,0,0,1.14297433395313,3.20393297623295
"8926","RP4-575N6.4",0,0,0,0,0.544369127550759
"8927","RP4-583P15.10",0,0,0,0,0.0249139999868779
"8928","RP4-591C20.9",0,0,0,1.66481657209617,1.7846793021236
"8929","RP4-594I10.3",0,0,0,0,0.541745217327821
"8930","RP4-605O3.4",0,0,0,0.000479183188430332,0.0219361097741187
"8931","RP4-612B15.3",0,0,0,0,0.0192160300570715
"8932","RP4-613B23.1",0,0,0,0.116486267349937,0
"8933","RP4-671O14.7",0,0,0,0,0.408772678316212
"8934","RP4-728D4.2",0,0.362543192749787,0,0.0432855811388227,0.0334234895826425
"8935","RP4-742C19.13",0,0,0,0,0.383165184839752
"8936","RP4-798A10.2",0,0,0,0,0.000902875023894846
"8937","RP4-800J21.3",0,2.64112431065128,0,0,0.0910965977160199
"8938","RP4-816N1.6",0,0,0,0,0.052220843602624
"8939","RP5-1021I20.1",0,0,0,0,0.57679922663048
"8940","RP5-1028K7.2",1.84158401675913,0,0,0,18.2602655740837
"8941","RP5-1042K10.10",0,0,0,0,0.15191859475645
"8942","RP5-1065J22.8",0,0,0,0,0.798993693753362
"8943","RP5-1068E13.7",0,0,0,0,0.549200533167964
"8944","RP5-1085F17.3",0,0,0,7.0895526870055e-08,0.0202238686816767
"8945","RP5-1091N2.9",0,0,0,0.86932935631959,2.97268130644293
"8946","RP5-1092A3.4",0,0,0,0,0.123509149535309
"8947","RP5-1136G13.2",0,0,0,0,2.23695079410136
"8948","RP5-1157M23.2",0,0,0,0,0.428060465872414
"8949","RP5-1159O4.1",0,0,0,0,0.233510312539014
"8950","RP5-1171I10.5",5.7835538638732,0.110316847304005,0,1.94166899834988,1.70167712711034
"8951","RP5-1180E21.5",0,0,0,0,0.0248855826521698
"8952","RP5-1184F4.7",0,0,0,0,0.0102679948076418
"8953","RP5-1187M17.10",0,0,0,0,3.83666212410109
"8954","RP5-821D11.7",0,0,0,0,0.613086359149055
"8955","RP5-827C21.4",6.64387772613551,0.429870448101063,0,0.0623021428246056,0.890848944658762
"8956","RP5-832C2.5",0,0,0,0,1.44453321069847
"8957","RP5-858L17.1",0,0,0,0.00251445275528252,0
"8958","RP5-864K19.4",0,0,0,0,1.33417300695508
"8959","RP5-882C2.2",0,0,0,0.800673488390496,0.795716419523158
"8960","RP5-887A10.1",0.399568904255446,0,0,0,0
"8961","RP5-894A10.2",0,0,0,0,0.675179123684102
"8962","RP5-906C1.1",0,0,0,0,0.577777918810405
"8963","RP5-908M14.9",0,0,0,0,1.32294228949923
"8964","RP5-940J5.9",0,0,0,0.0179791538243152,1.80475068757561
"8965","RP5-991G20.1",0,0,0,0,0.225558278437105
"8966","RP6-159A1.4",0,0,0,2.74411096581397,0
"8967","RP6-91H8.3",0,0,0,0,10.9585518016353
"8968","RP9",0.160452146493587,0.162394347815911,0,0.000599602114944938,0.789674413956039
"8969","RPA1",0.407697070586823,5.02372803961376,0,6.51212631988245,0.0230904581429698
"8970","RPA2",0.0580525611560963,0.255438538556794,0,4.31729436850967,0.292537870691396
"8971","RPA3",0.0244482312575698,0.100573149829348,0,0.00457186490788948,0.141377942673218
"8972","RPAIN",0.316982601235958,4.12980030745969,0,1.65429097111879,1.51751279765974
"8973","RPAP1",0,0,0,4.90258010977001,0.0257025902381247
"8974","RPAP2",0.0664159318521039,0.124140331913092,0,0.686481823174209,0.527272642044641
"8975","RPAP3",1.2797871901535,0.231672576136001,0,0.634604450868723,4.70614451454314
"8976","RPE",0,2.35615939703134,0,6.37918429617943,2.98822950675021
"8977","RPF1",0.246242170841127,0.184116090073423,0,0.0489941326617234,0.0627138663092807
"8978","RPF2",0.11212118308314,0.136636880346201,0,1.76289773029472,3.02021145941633
"8979","RPGR",0.236343348762859,0,0,0.681777717891155,0.64639696140052
"8980","RPGRIP1L",0,0,0,0,6.49689937538356
"8981","RPH3A",0,0,0,4.32297029750438,0
"8982","RPH3AL",0,0,0,0,0.0400779484325124
"8983","RPIA",0.430326314006975,1.44633919497866,0,0.138293503142936,2.74437942144296
"8984","RPL10",0.0380329960063215,0.0173017240709427,0.0214574679290295,9.01540862641046,0.753215755864348
"8985","RPL10A",0.0836452662756649,0.114150114717894,0.183588960844679,7.41708796530203,1.49671300882912
"8986","RPL11",0.236864530235981,0.00140973266139684,3.97815925052362,7.41464263362961,0.456869934540546
"8987","RPL12",0.489244591034069,0.0345835474256688,5.09114052022542,13.2778158373778,0.487024228015348
"8988","RPL13",0.997638542231346,0.0224658032820118,1.4520246262502,7.17337547578995,0.328015054160575
"8989","RPL13A",0.0103795507616956,0.0441631411847555,0.385429187171931,0.112864501611063,0.0618601473117631
"8990","RPL14",1.58388031712388,0.040078314856991,4.10427154788163,7.32269631777832,0.928175671530683
"8991","RPL15",0.0865276004806378,0.0740406182616695,0.104856406267917,3.20139597567716,0.847339184622155
"8992","RPL17",0.0449178648021739,0.0649231550940382,1.37269034837541,0.306446415421851,0.652961171459457
"8993","RPL18",0.0789878559235103,0.00406158113182399,3.49096464171759,6.9899813388605,0.545929051603301
"8994","RPL18A",1.12710787158266,0.8816131818346,6.80678305093772,7.72838046720358,0.266592765275063
"8995","RPL19",0.0799791035546603,0.0395892581422506,4.1257246488229,6.59347323271364,0.46692825857176
"8996","RPL21",0.00214641493267654,0.0041870082155971,0.86808051714817,0.309416274080112,0.545072679405527
"8997","RPL22",0.038744424144931,0.253530630053825,5.19653456247662,7.80436751292869,0.730136012100918
"8998","RPL22L1",0.020302194210354,0.504358873073411,0,0.0277426655382977,0.0162631626634252
"8999","RPL23",0.00379267669372003,0.161826820740493,0.792072036060846,0.447885595042663,0.138039191439907
"9000","RPL23A",0.0797751132319924,0.0626621366257811,0.0929026534092731,1.08174298802323,1.3389367848529
"9001","RPL24",1.24428298093695,0.00276645242153394,1.62153442204077,5.25722445226848,0.520916285018126
"9002","RPL26",0.00602331201364164,0.232061285939347,0.00598592883472267,0.151100323634469,0.00294173012300759
"9003","RPL26L1",0.693505335847794,0.37038446491193,0,4.41280284080748,0.391851503862214
"9004","RPL27",0.0109853703563426,0.0173662887359211,1.33016106552053,1.99193808455147,1.58684045275177
"9005","RPL27A",0.00393253877110882,0.0315415954982023,0.452432783179177,0.10858353289131,0.108240231945088
"9006","RPL28",0.254228382020253,0.00120753659328741,2.82014870243747,2.20626776532947,0.533464449378266
"9007","RPL29",0.575832313924583,0.010725727840059,4.25876013947647,5.48281470707378,0.110594062051423
"9008","RPL3",0.0864586824692126,0.00116226641205614,0.377694487267807,4.31970079731115,2.26864691665025
"9009","RPL30",0.08970112433943,0.0579398984446853,10.1724813689133,3.99089440640212,0.167101454396452
"9010","RPL31",0.00378810371295063,0.0175240469910028,1.21928920271559,0.05742753049708,0.103410219239922
"9011","RPL32",0.5974904995074,0.310099958034909,6.85033460955643,6.39905817758582,0.437704781756043
"9012","RPL34",0.117618508312772,0.589329178928101,0.46447587096283,1.9880859535249,1.0979975226572
"9013","RPL34-AS1",0,0,0,0,3.81422018535811
"9014","RPL35",0.320088983294832,0.517139029994911,6.22430559927975,0.736695165915228,1.15994874134353
"9015","RPL35A",0.222691330383395,0.0422352302585684,0.83986937141589,6.44878466628811,0.921666035315441
"9016","RPL36",2.13963319499795,3.29695953858281,0.766494282560056,0.690167891172056,0.235538698973282
"9017","RPL36A",0.000809943976843156,0.373404988914682,0.0976742117420973,0.0949002109870636,0.0297545602558907
"9018","RPL36AL",0.0440271303430975,0.424951802088984,1.0311463269613,3.3114063942146,0.693324102511933
"9019","RPL37",0.555926140807355,0.224289671141615,8.75885311523721,4.73930163888283,0.931866936962839
"9020","RPL37A",0.0333732288668188,0.01568629176537,0.285886774620372,0.665659083998913,2.35716424260801
"9021","RPL38",0.0353104208689848,0.830536184668992,0.35302603533356,0.147771355057416,0.812276403509145
"9022","RPL39",1.31045910548344,1.31794262064465,1.26724475232662,1.82005841281657,0.098520453421552
"9023","RPL39L",0,0.66287645673055,0,0.534473243467085,0.200702024085916
"9024","RPL4",0.0414627748817056,0.0942889833854912,0.0463695356064863,11.9155526359644,4.12874887786444
"9025","RPL41",0.9326613556939,2.28033690975386,7.74683469384697,0.341794472690822,0.150671675378053
"9026","RPL5",0.000678542015836845,0.0115027279182125,0.878578250955192,13.5270343927051,0.427234465315456
"9027","RPL6",0.204620248059202,0.00504105648278489,0.00772764260368186,10.1558235492414,0.370752585436927
"9028","RPL7",0.00943439408040884,0.0367275079076676,1.67911418311023,0.102715751321966,0.108059124631565
"9029","RPL7A",0.0259989647221417,0.0228796656028033,5.53435391095946,4.32959808562564,0.280375918038964
"9030","RPL7L1",0.0611705804921186,1.84646737863928,0,0.191401538883866,0.11591053338761
"9031","RPL8",0.0218801330766714,0.00240976902907289,2.29689472085165,9.3973438568141,1.71424347875746
"9032","RPL9",0.00957126241125301,0.0275364535826209,0.0866629956546474,8.88372193923277,2.87396674906993
"9033","RPLP0",0.25061682530118,0.0956791991896418,4.99335956419756,11.002371199915,0.715588455331773
"9034","RPLP1",0.287741082528723,0.0495905765574945,2.25481626497166,5.76900426119976,0.537303443274971
"9035","RPLP2",0.0714955486764363,0.0129201952647929,0.0079722129214168,2.14871461319429,1.65242690589092
"9036","RPN1",7.80462474569037,0.134588495957938,0,0.699413415454256,0.294667292128135
"9037","RPN2",0.339116032222728,0.332972717908576,0.617174318402845,9.35540568175675,0.0418694811551944
"9038","RPP14",0,0,0,6.92616755286132,2.35269515391003
"9039","RPP21",0.00178959969657881,0.0169632439298414,0,0.258591426401759,0.0328962746466812
"9040","RPP25",0,0,0,0,2.50001143090321
"9041","RPP25L",0,0.698834637880229,0,1.31397702965889,3.85900164134901
"9042","RPP30",1.52851476255447,0.0315922894010754,0,0.0919645818177415,0.756693763582213
"9043","RPP38",0.464701143566589,0.193442957472607,0,0.0228969295940949,0.722058286575671
"9044","RPP40",0,0,0,0,3.13635253154551
"9045","RPPH1",0,0,0,1.59681598606444,0.110145888990448
"9046","RPRD1A",0.00625105712158689,1.87466848744034,0,0.0010612535525919,0.0285103594506917
"9047","RPRD1B",0.765433195154484,0.409910670793702,0,0.0915688663811025,5.17439300735555
"9048","RPRD2",4.21950026140893,0.291822743926127,0,1.21973122643973,0.368627233494464
"9049","RPS10",0.0262044821200312,0.00835584817700765,0.481619717484334,0.0550473289102746,0.0858146104656537
"9050","RPS11",0.0232537870417498,3.19523449234681e-05,0.394616476621536,2.84740673450259,2.41337504868138
"9051","RPS12",0.206720461314119,0.0706744425312864,3.87367820736766,9.17094134982651,0.216737169876123
"9052","RPS13",0.24613208786368,0.263018931680523,16.3025347483901,4.59784870513331,0.176299411902823
"9053","RPS14",0.386949121017483,0.0305729051301415,0.357249752572604,7.2046468073146,1.84700040609897
"9054","RPS15",1.59192581722001,0.36833095288821,4.54640016784098,1.66462670354073,0.444195847950903
"9055","RPS15A",0.913552876319522,0.413132721374619,0.284650338756876,4.39598653170426,0.0299423496558229
"9056","RPS16",0.222454962788249,0.00918798367965768,0.0623427470875776,3.44388710395366,4.65737038612407
"9057","RPS17",0.00770783993543879,0.000322645809677158,0.283262425148366,0.0413853826036924,0.0250994285893538
"9058","RPS18",0.00275117328793124,0.051080177394203,3.38485296242321,3.66879048551358,0.569370532645067
"9059","RPS19",1.30631183173943,0.240436797634701,4.92655624145452,5.36855845906909,0.336267718098825
"9060","RPS19BP1",0.145931008074796,0.80025185089711,0.462484460243048,4.69035895637623,0.192668333142098
"9061","RPS2",0.130641711005949,0.0135425836895738,0.00166128968512017,1.78808498725357,1.26175147347988
"9062","RPS20",0.0853697048564075,7.03814698245247e-05,1.68490879014162,0.0253483411580623,0.083550334997325
"9063","RPS21",0.466892963125193,0.536131667046703,4.9767818622154,2.84819195932269,0.0212736336495544
"9064","RPS23",0.000225050308769143,0.0319292639061115,7.64411291298021,8.13610127250075,0.262813646691554
"9065","RPS24",0.376967650465753,0.0445627374611735,8.69539221666295,3.56746967770651,0.042111948309747
"9066","RPS25",1.45723750085721,1.07040217869681,0.374999398248185,3.08992327626733,0.922937817919755
"9067","RPS26",0.0812572947463995,0.352678946074474,11.0553821027714,0.0383718853580073,4.80030080372437
"9068","RPS27",0.262662945993919,0.850530348570973,0.251800895646673,0.775273695439581,0.736089276706677
"9069","RPS27A",0.0748345145933022,0.00438876278277316,0.10429984265119,10.7382396927847,1.10366393228829
"9070","RPS27L",0.0439715616281277,0.000680173250297696,0.073306621901015,0.579098294718089,0.256358999836644
"9071","RPS28",1.64607367480578,1.71172468300552,2.15773795883902,3.72676752798863,0.0192046384824847
"9072","RPS29",0.0452496155585805,0.100035201116113,1.3394915318048,0.0390559759227896,0.228119468844193
"9073","RPS3",0.436471660103528,0.0499397558958789,2.25136234305048,8.96330206344872,0.627444810872932
"9074","RPS3A",0.105473631689393,0.0378337561787281,0.519154719755764,14.8661522823638,0.64358992788747
"9075","RPS4X",0.405770957977356,0.000384576293577851,0.125613918279713,10.9594129097507,0.722345285561711
"9076","RPS4Y1",0.0133053413694891,0.144389016985994,0,8.24039854037147,0.635317455556205
"9077","RPS5",0.142602341376776,0.000426717663823572,5.37197368807626,13.4745379733777,0.0787646935855928
"9078","RPS6",0.0228693876403541,0.0893429588758334,0.473995904168393,1.41617684889769,1.54419920930226
"9079","RPS6KA1",1.0027874452397,0.293496932309588,0,1.18917877471058,0.421659121088676
"9080","RPS6KA2",0,0,0,0,5.4270092572663
"9081","RPS6KA3",0.00251307293622466,0.107595932759523,0,1.23143344049982,0.0117141283517116
"9082","RPS6KA4",0,1.54986754111685,0,0.240445829412415,0.150863451668856
"9083","RPS6KA5",0.595449435984045,0.150011965441337,0,1.45111116127255,3.74986679039966
"9084","RPS6KB1",0.957425798985814,0.710833286652222,0,1.03526927453957,2.56259609162115
"9085","RPS6KB2",1.42646939621674,0.0110661790393386,0,0.341729412759833,0.0416216720174158
"9086","RPS6KC1",0,0.475283267564313,0,0.00109351892662853,3.56507314731611e-06
"9087","RPS6KL1",0,0,0,0,3.67915012378315
"9088","RPS7",0.418836264327631,0.000286347935118239,1.60018479334581,6.37536938868529,0.350716531220123
"9089","RPS8",0.14075508795249,0.0289912186120775,1.98063529155067,17.7152236853001,0.524588777039246
"9090","RPS9",0.0536877742371307,0.0593198116886547,2.36314047248702,0.759547258190639,0.971169141975688
"9091","RPSA",0.0299058512711739,0.177437867861007,1.44069195382809,20.2343905267975,3.39033446500866
"9092","RPTOR",0,3.5628128480864,0,0.107493076186094,1.15354348438163
"9093","RPUSD1",0.519596824186197,3.14039965974731e-06,0,0.0852868973611875,0.0180145156723906
"9094","RPUSD2",0.000564360439148565,0.306013970205689,0,0.589586936786977,5.37187863489965
"9095","RPUSD3",0.0132087737681767,2.93288012424894,0,5.64505376690686,3.63721631963788
"9096","RPUSD4",0.00184785426158571,0,0,3.74244664319511,0.163608505046633
"9097","RQCD1",0.113211375247681,0.0231208218898371,0,0.0613798122186208,0.00821593566473403
"9098","RRAGA",0.0653228566045877,2.28589554718645,0,3.05566533179955,0.26010527662351
"9099","RRAGB",0.156862938404167,0.0169761736016571,0,1.77937412274386,2.69575513691853
"9100","RRAGC",2.93448830521578,0.0171082041060044,0,0.00216784759498371,1.06699208295697
"9101","RRAGD",0,0,0,4.91788008423634,4.24980084980174
"9102","RRAS",0,0,0,0.11365959207323,0.395400606997701
"9103","RRAS2",0.953020982972199,0.0998613753319977,0,0,0.355963373307597
"9104","RRBP1",1.25352376661137,6.23589823958916,0,2.71503169112253,2.59168551915749
"9105","RREB1",0.0185312449188351,1.617807367443,0,0.125169308978801,1.25610760309382
"9106","RRM1",0,0.255014684544508,0,2.56628021007321,2.54936907642466
"9107","RRM2",0,2.01291783763249,0,0,0.284159281777061
"9108","RRM2B",5.50407906688614,0,0,2.79564255043377,2.95948555718493
"9109","RRN3",0.0861674179644156,0.470985028995858,0,0.0500014931236981,0.191374755690922
"9110","RRNAD1",0.471872317058154,3.56473652513976,0,0.121808676430236,0.57312910635863
"9111","RRP1",0,0.774004622850162,0,0.00324951204745184,1.25320515639727
"9112","RRP12",0,0,0,0.219105501109783,0.401822210517726
"9113","RRP15",0.605767413394725,3.71937951392432e-07,0,0.252026412650764,0.378314337597059
"9114","RRP1B",0.151140694386319,0.707674688512064,0,4.47235859605145,0.0128094560024404
"9115","RRP36",0,5.33941458882671,0,2.00008936964259,3.83768697626474
"9116","RRP7A",4.43354104466467,0.721961153880206,0,0.378553697372042,1.49262491154562
"9117","RRP8",0.0471284171203378,4.29346475763868,0,2.21996004059942,0.82378860005575
"9118","RRP9",0,0.00132292523740628,0,1.74287362410573,0.996439841241702
"9119","RRS1",0,0.0421052894220851,0,0.0416561716062442,0.0097910528835518
"9120","RSAD1",0.581949465482824,0.0810283301927693,0,0.382375820794067,0.0745192869017597
"9121","RSAD2",0,0,0,4.06930834079398,2.38498507416316
"9122","RSBN1",0.218058967394615,0.0670257704514762,0,1.44056471400013,0.513268291318931
"9123","RSBN1L",2.05223354657845,0.304822561174533,0,0.000322710035650908,0.638275730544284
"9124","RSF1",0.101277010095994,0.936237792291632,0,0.294285512644663,2.28187276356812
"9125","RSL1D1",0.508818711495498,2.18815038689714,0,1.24657659432745,0.186445068847124
"9126","RSL24D1",2.82741938320419,0.0406602732703504,0,1.92769064998417,1.37998491319247
"9127","RSPH3",0,0,0,3.56096290181336,0.0228778498812878
"9128","RSPRY1",0.00812942637234523,0.0425185245246316,0,1.39320567476359,0.186834468237345
"9129","RSRC1",0.594549214397365,0.0297737087811301,0,0.0161440990093262,0.00498549298853938
"9130","RSRC2",0.00425953105674609,0.717721968718769,0,0.133883515694641,0.701066048824065
"9131","RSRP1",0.49828455730498,1.29222061797504,0,3.5301441480576,0.222903309865904
"9132","RSU1",0.237915183204382,2.58922008607691,0.300885844632425,0.703936873758018,0.422802894359966
"9133","RTCA",0.25774467697513,0.0425594181192579,0,0.311202750400817,0.128819095367452
"9134","RTCA-AS1",0,0,0,0,1.80125741218221
"9135","RTCB",1.99545001241549,3.58439745495094,0,0.328844169558627,2.64199120863016
"9136","RTF1",0.472491544762706,0.0347053533413207,0,0.178749326169236,0.00247372346104402
"9137","RTFDC1",0.904049713042169,0.255966026363184,0.68555821639969,0.475532279025979,0.045769701372797
"9138","RTKN2",0,0,0,0,0.86712011857593
"9139","RTN1",0,0,0,0.420085867986313,0
"9140","RTN3",1.4964221003301,0.00343636230070196,0.460670841477522,1.18976886077386,0.456047870060615
"9141","RTN4",0.101024255706046,0.376120344710629,1.98657945391403,0.318881566964877,0.150390216721293
"9142","RTN4IP1",0,0,0,0,1.17412863401033
"9143","RTP4",0,0,0,3.5909539198997,0.238915551914423
"9144","RTP5",0,0,0,0,3.51563071790167
"9145","RTTN",0,0,0,0,0.608526918691091
"9146","RUBCN",0.0373107346693056,0.0523445950862996,0,0.636380497951342,0.0752662924665684
"9147","RUFY1",6.60600842743554,2.44271164850381,7.17602576441446,0.280807263833091,0.234804654146798
"9148","RUFY2",0,1.8326075724868,0,0.319149501458059,0.00242060708475136
"9149","RUFY3",0,0,0,0.956388272707717,0.253824114004106
"9150","RUNDC1",0.0750820428482436,0,0,3.3665652535785,0.924010320206851
"9151","RUNX1",1.24921618426747,0.747423499821142,0,6.98446750591462,0.0198035413412868
"9152","RUNX2",0,8.84900938775018,0,5.73927477822022,0.540529018096737
"9153","RUNX3",0.042850500708492,3.7320941055102,0,16.3170166125568,2.14106018285986
"9154","RUSC1",0,0.0402398817952823,0,0.523802740594034,0.0224115263206802
"9155","RUSC2",0,0,0,0.477199776325097,0
"9156","RUVBL1",0.0301106390178774,1.82548271881067,0,3.29049357662167,2.1589757684224
"9157","RUVBL2",0.77091977441689,0.125709084409622,0,2.2547133836105,1.10415649857333
"9158","RWDD1",0.00931212203570453,2.11494441674201,0,1.24054700628251,2.21877294997758
"9159","RWDD2A",0,0,0,0,4.40041425981418
"9160","RWDD2B",0,0,0,0,2.94738628306307
"9161","RWDD3",0.259681780195928,1.39867263236059,0,0.374838470965481,0.0188465262142399
"9162","RWDD4",0.0583616944883743,0.00882474109057907,0,1.41420737564956,0.00758374532142819
"9163","RXRA",0,0,0,4.68321101512743,6.42784182032769
"9164","RXRB",0.299529336256373,0.0612216667609156,0,1.07201240985142,0.0807961835935441
"9165","RYBP",0.479315415334599,4.78322389476816,0,5.6774969157354,3.79926698556614
"9166","RYK",0.0628977766075623,0.00857476620212272,0,2.99380275268272,1.33485843435313
"9167","S100A10",0.907007429226568,1.53066265865933,0.209455720399761,5.24325836809398,3.67795657206029
"9168","S100A11",11.7303341393053,0.295478420374005,0,0.769373145068278,0.0926472439978127
"9169","S100A12",0,37.8710533717694,0,23.3046491359777,14.6417804751377
"9170","S100A13",0,0,0,0.186879517869878,0.0375303625499585
"9171","S100A4",0.0413540685966219,0.0137685362497623,0.233409102768577,0.119342412197633,0.0312632284802058
"9172","S100A6",0.774914185630691,0.00933934522203924,8.06368580740609,0.732968216226956,0.0258825372344086
"9173","S100A8",9.0755109219522,17.9759914847514,1.83505392432248,9.91744064694864,10.3393385788034
"9174","S100A9",18.5706789514018,28.4344150348813,3.95012477863209,9.15392149659626,16.9998949070082
"9175","S100B",0,5.40584446695191,0,0,8.57353434816065
"9176","S100P",0,0,0,0.702857138547622,2.2184118828521
"9177","S100PBP",0.0444870671826783,1.59331235124077,0,0.00703379186477742,4.19870891335239
"9178","S100Z",0,0,0,0.0513859426528072,0
"9179","S1PR1",10.7304004922513,1.1740419971279,0,0,3.3025630733008
"9180","S1PR2",0,0,0,0.606701379439401,0.01324603192429
"9181","S1PR3",0,0,0,0.202846730300437,0
"9182","S1PR4",3.17728541755483,0.333322240222126,0,0.00882210294527109,0.0313591689685349
"9183","S1PR5",0,2.8469975016374,0,0,0.108152429700672
"9184","SAAL1",0,0.421644817937105,0,0.247578288847896,0.578824744331977
"9185","SAC3D1",0,0,0,4.50757695186778,4.72453027077065
"9186","SACM1L",0,0.914357016831366,0,1.20227105508428,1.06562231963541
"9187","SACS",0,1.95525644451506,0,0.0938728760473213,0.67177845166732
"9188","SAE1",0.115341957083565,0.890449675295967,0,1.50315223793776,2.7006753264816
"9189","SAFB",0.826304343704843,0.000212279196129152,0,0.458391638835415,0.0991246960119098
"9190","SAFB2",0.00440566946136519,0.0428297155997751,0,0.148209811198624,3.38629509196656
"9191","SAMD1",0,0,0,2.37858215601239,4.97510916756935
"9192","SAMD10",0,0,0,0,0.024364464147594
"9193","SAMD12",0,0,0,0,1.32970186841923
"9194","SAMD14",0,0,0.409436335795213,0,0
"9195","SAMD3",0,0.431959103419454,0,0,1.99841296875191
"9196","SAMD4A",0,0,0,0.619037786351573,0
"9197","SAMD4B",0,0.00555113986751971,0,0.695590566306863,0.741790977274458
"9198","SAMD8",0.0199534363748221,1.08835978459556,0,5.25487038065768,2.19769071064651
"9199","SAMD9",0.275407363315258,3.9530281093672,0,2.49501579193999,6.35455263914449
"9200","SAMD9L",1.24330684303556,5.22226183860806,0,1.22950287965553,2.08901789907313
"9201","SAMHD1",0,3.23257783240527,0,3.1421601805848,2.33064354237878
"9202","SAMM50",1.5311289790334,0.451314276383127,0,0.0264831564296885,1.12326360772919
"9203","SAMSN1",0.0661984356442687,1.04186143594762,0,1.45868011204901,2.88097105353729
"9204","SAP130",0,0,0,3.25125107619072,2.78137520478341
"9205","SAP18",0.907291258533545,0.0271772551280048,0.490389694484861,0.00138498643139271,1.05199958385263
"9206","SAP25",0,0,0,0.527033851434772,0.607559006569649
"9207","SAP30",0,0,0,21.3104659748556,0.382722176922979
"9208","SAP30BP",0.51822640784012,3.73105042418137,0,0.0584004196317874,1.63627996144102
"9209","SAP30L",0,0,0,0.940353993744839,0.0471551441565336
"9210","SAPCD2",0,0,0,7.76474389790455,0
"9211","SAR1A",0.000249551389184811,0.495619639869218,0.0712913826110228,0.00569912662670262,0.292727587674085
"9212","SAR1B",1.9744383725226,0.200524167412984,0,0.763145564093177,0.0175952903433282
"9213","SARAF",0.560821888064158,4.74450894447228,0.338570447581274,2.06092988182482,2.08656496017715
"9214","SARDH",0,0,0,0,6.40526818567587
"9215","SARM1",0,0,0,0,0.00106626894992097
"9216","SARNP",0,3.32763349983365,0,0.316269010162157,0.107584132564763
"9217","SARS",2.32199244712451,0.775214900491917,0,0.836234111261175,0.548889641334299
"9218","SARS2",0,1.04689303414475,0,0.418577934646292,1.40642855292211
"9219","SART1",0.355536787778801,0.0970122049582533,0,0.366808571360998,2.86826718216935
"9220","SART3",1.00900853390392,0.171900908292693,0,1.63856726651568,0.376529677982029
"9221","SASH1",0,0,0,0.161576199131202,0
"9222","SASH3",6.82259266857571,0.784925535742856,0,6.74306693417267,1.22950369532022
"9223","SASS6",0,0.287167752422828,0,0.783975494453755,4.49456975813143
"9224","SAT1",7.32110570550263,0.794794443669788,0.57379372090591,0.600255698132651,0.966305012583138
"9225","SAT2",0.0171005436274851,2.00302775690378,0,1.50280726716796,1.54642138114573
"9226","SATB1",0.946111721218018,0.0898846013715462,0,3.65118251837397,0.143470361821929
"9227","SAV1",3.28385409871848,0,0,0.0894995513970057,2.86944589019632
"9228","SAYSD1",0,0,0,2.93408075502352,3.83941581320278
"9229","SBDS",0.628410116747139,0.211191129761426,0.0623305784215592,0.106800946832836,6.75150233527647
"9230","SBF1",0,0.500362513539923,0,1.18698591245653,0.0199827996249315
"9231","SBF2",0,1.2259705483826,0,1.66213823528765,2.46230849919156
"9232","SBF2-AS1",0,0,0,0,3.39078287001116
"9233","SBK1",0,0.402555776835682,0,0,0.0204881072818696
"9234","SBNO1",0.0591195736206236,0.047355166510417,0,1.74540288521419,0.302722569704796
"9235","SBNO2",0,0,0,3.11646147189639,0.299866420359141
"9236","SC5D",0.497930093143157,2.50170563670833,0,0.288418689621545,0.924238836083231
"9237","SCAF1",0,0.626188180816217,0,0.0484112832144447,0.000610049075645352
"9238","SCAF11",0.00187089926892313,0.22370571178207,0,0.19060632836396,1.73271346952855
"9239","SCAF4",0.400327251877841,0.0359842165390388,0,0.0322574726633098,2.19562740636931
"9240","SCAF8",0.0425272103516368,0.00118384775562403,0,1.60475995896354,0.824786752487373
"9241","SCAI",0,0.158976494723088,0,0.67171190880522,0.730906912941863
"9242","SCAMP1",0,0.0268170848403927,0,0.00394613040746433,1.0579679273824
"9243","SCAMP1-AS1",0,0.0034194341037557,0,2.96249473060707,0.289063189739419
"9244","SCAMP2",1.06583619778856,2.29162088208682,0,0.153529576902483,1.16783338336727
"9245","SCAMP3",0.722352956110774,0.679708614948768,0,0.923560051402583,0.907004472325352
"9246","SCAMP4",0.300591183735497,0.026313138730181,0,0.907298186210242,0.0967391000853711
"9247","SCAND1",3.84520120095535,7.22664087418284,0.0280934826565153,0.0642321169161622,0.0412865188514612
"9248","SCAP",0,1.08659347655731,0,0.872857718148364,0.697575619150402
"9249","SCAPER",1.42482237784916,0.187258780602623,0,9.84733966237777,0.53546742676256
"9250","SCARB1",0,0,0,0.000759167288961205,0
"9251","SCARB2",0,2.01645781853313,0,5.98255021373197,1.24118997750801
"9252","SCARF1",0,0,0,0.944954407727973,0
"9253","SCARF2",0,0,0,0,2.76439736701538
"9254","SCCPDH",0,4.96948475665368,0,0.110716644124885,5.54253620012603
"9255","SCD",0,0,0,0,3.92626402787535
"9256","SCD5",0,0,0,0,0.00847643686869088
"9257","SCFD1",0.200122584419984,0.733319309875076,0,0.145370320023711,0.0122562619211358
"9258","SCFD2",0,0,0,0,2.08959979147793
"9259","SCGB3A1",0,0,0,4.44388008206621,0
"9260","SCIMP",4.47585190234194,0,0,0.231598123661472,0.45508890611864
"9261","SCLT1",0.798018433944915,1.78831611440352,0,0.441760159940518,1.11366755794438
"9262","SCLY",0,0,0,0,0.581371760616467
"9263","SCMH1",0,0,0,2.42686065115203,0.0913061402836666
"9264","SCML1",0,0,0,0.546571154171896,1.07327093862745
"9265","SCML4",0.654902213137415,3.16502364549278,0,0,0.704090274499127
"9266","SCN1B",0,0,0.421146680971752,0,0
"9267","SCNM1",1.33609330097444,5.72037413692245,0,0.0230108634812478,1.18454318392662
"9268","SCO1",0.477392558363118,1.13962932591084,0,0.802869615604391,1.6576036531014
"9269","SCO2",0.915687747536127,0,0,0.249164658464341,0.0266195220991899
"9270","SCOC",0.651429488337995,0.126592604425291,3.28192095114584,0.341392839655347,2.11504574552155
"9271","SCOC-AS1",0,0,0,0,0.598674507178356
"9272","SCP2",0.151163244589772,5.80488787718997e-07,2.17877213906735,0.187450576090643,0.157440955977655
"9273","SCPEP1",1.98816984234466,4.39520513193196,0,0.0755070225271946,0.760026941788086
"9274","SCRIB",0,0,0,3.0305145359959,4.55227021405188
"9275","SCRN1",0,0,0,16.3582197841639,0.395007721760742
"9276","SCRN2",0.181758975122166,0.0558977861703012,0,1.77464743325651,0.0558031422201153
"9277","SCRN3",0,0.252438107008904,0,0.615631059828526,0.53810981222102
"9278","SCYL1",6.00199877353109,0.0684259848115464,0,0.134285610157285,2.48606177869327
"9279","SCYL2",0.0819080857878014,0.172690177714996,1.7244519111328,0.103390182235534,0.109412536295014
"9280","SCYL3",0,0,0,0.170999515237775,4.0034167363445
"9281","SDAD1",4.05517219610577,2.97672924156858,0,0.624893712044629,2.78682965638266
"9282","SDC4",0,0,0,5.39575579163431,0
"9283","SDCBP",0.898320494655166,0.928200515085179,3.07486137533595,0.331232593355652,1.12095221111608
"9284","SDCBP2",0,0,0,0,5.16460223550626
"9285","SDCBP2-AS1",0,0,0,0,7.19492857190769
"9286","SDCCAG3",0,0,0,0.923573898270136,0.13585637808928
"9287","SDCCAG8",0.373717685734635,2.06271200878291,0,0.647665375931353,1.21387902112189
"9288","SDE2",1.39774829937525,0.0638743083820768,0,0.549680213906552,1.95612790134686
"9289","SDF2",6.22817159931111,0.922992927215323,0,0.784178653170912,0.0192563245687847
"9290","SDF2L1",1.45600323657057,0.958011310536103,0,1.38498989725017,0.430204714645695
"9291","SDF4",0.21329522552114,0.146377090778493,0,0.533376439927854,0.00134583197286533
"9292","SDHA",0.103001642106607,0.399088187302941,0,0.788071267578505,2.54178508942853
"9293","SDHAF1",0.0125497540710393,0.605256821966655,0,3.739992461738,0.0954948577907027
"9294","SDHAF2",0.303767736913892,0.103947484401478,0,0.31994651350169,0.238213271446885
"9295","SDHAF3",3.12069818638727,0.237774116982359,0,0.368904943209475,6.35818415169545
"9296","SDHAF4",0,0,0,0.0379464441242069,0.15856269785026
"9297","SDHB",0.00377111510334532,1.7164693045967,0,0.178192042729901,0.291281625205447
"9298","SDHC",2.46307677298972,0.142926005500224,0.996123483994409,0.000367795834980083,0.292614408680202
"9299","SDHD",0.00732627504080358,0.000169136864946285,0,0.157560618200859,1.14192974143336
"9300","SDPR",0,0,5.2159788090478,0.000770182731427205,0.311765240867364
"9301","SDR39U1",0.0325221099714085,0.27649290805506,0,1.62681220358751,1.02189557636812
"9302","SDR42E1",0,0,0,0,0.117237658268816
"9303","SDR42E2",0,0,0,0,0.0796254064940395
"9304","SDSL",0,0,0,11.9112944419661,0
"9305","SEC11A",2.09684888681818,0.0627840126499867,0,11.3519100531944,0.741526631414653
"9306","SEC11C",0.0180497758938421,1.36295210432929,0,0.004080121647819,3.39580749585261
"9307","SEC13",4.00353665594076,1.02664646605271,0,0.345889123865648,0.00394143361967805
"9308","SEC14L1",0.938218589064853,0.385448310984493,1.59704681498744,0.000609790361481519,0.48543017156627
"9309","SEC14L2",0,0,0,0,2.27652806807756
"9310","SEC16A",0,0.0251641847406727,0,0.227958801399006,0.57155037088379
"9311","SEC22A",0,0,0,0,0.400611541752863
"9312","SEC22B",0.249405275707823,0.773615204763136,1.45409843483481,1.60917022711515,1.52462690975749
"9313","SEC22C",2.61363879314863,2.35804578646328,0,10.1202930376869,5.51311969162897
"9314","SEC23A",0.00106546866348421,0.00148926927905892,0,0.00424823738672053,3.40993879343579
"9315","SEC23B",0.889683135552719,2.04644108064632,0,1.09771798793529,0.334574043986566
"9316","SEC23IP",0.740380797804186,0.560393641282921,0,0.105696807713652,0.591103350372033
"9317","SEC24A",0,0.484566692565477,0,0.02900743779359,0.913069681247812
"9318","SEC24B",1.05671549758081,0.979600948589832,0,0.0406407770304474,1.55097307690655
"9319","SEC24B-AS1",0,0,0,0,0.551463104273255
"9320","SEC24C",0.311721488000846,2.4685113109878,0,0.0170156329813928,0.734823378380715
"9321","SEC24D",0,0.00107508069395795,0,0.222149173359283,0.794231794210322
"9322","SEC31A",0.502860427942239,0.795574625508684,0,1.17942521943701,0.0624667773761389
"9323","SEC31B",0,0,0,0.778158023004106,0.357591321393144
"9324","SEC61A1",0.0551391596020429,1.79531123524405,0,1.57582288471364,0.856157901254424
"9325","SEC61A2",0,0,0,0,0.185514400322197
"9326","SEC61B",2.0253773806664,0.00197218438197057,1.69223145525906,1.00265056393056,0.331280805862867
"9327","SEC61G",0.0300625616523774,0.696572157409151,1.6797278625305,0.11396395036584,0.0701532240158605
"9328","SEC62",0.0588145420146063,0.157122366179311,0.000286599868422098,1.25655737248969,0.927854677519903
"9329","SEC63",0.13328166985843,0.675116052307743,0,3.95384785232441,2.72175174133959
"9330","SECISBP2",1.75610584149568,0.00350479794944001,0,0.944247368414186,0.66843877402029
"9331","SECISBP2L",1.64763365765296,2.17185725918264,0,1.82967101345415,1.54070888374198
"9332","SECTM1",0,0,0,0.35270382940817,0
"9333","SEH1L",4.03269608843867,0,0,0.823454491970977,4.1965078150333
"9334","SEL1L",1.55666606294753,0.760152251320642,0,0.223548930007936,1.53605049841446
"9335","SEL1L3",1.06726139067571,2.14548097215718,0,7.04847593280265,0.0955414402265654
"9336","SELK",0.00099063584262562,2.98723658752682,0.367549993755287,1.17639829906384,3.86541353361576
"9337","SELL",1.76329059921368,8.07607546220812,0,14.8116724363265,5.36264241731627
"9338","SELM",0.0294264388913365,3.3268957265144,0,2.84218582706004,1.56878453231322
"9339","SELO",0,1.75616163120387,0,0.0950931082272322,0.749746341178868
"9340","SELP",0,0,3.5533069275974,0,0
"9341","SELPLG",0,1.14967944886835,0,1.61305836393993,0.458162486535959
"9342","SELT",0.000285464989902799,0.171618917966886,2.25385979828366,0.110049293963068,0.389457865538369
"9343","SEMA3C",0,0,0,10.106280147247,0
"9344","SEMA4A",0,0,0,0.0221800380456114,4.08488809827065
"9345","SEMA4B",0.113971160920531,0,0,10.7624874474573,0.22198622841181
"9346","SEMA4C",0,0.0849812367292762,0,0,10.2059576178217
"9347","SEMA4D",0.144699547086615,0.000106472633554819,0,0.6535272245583,0.0223496802499337
"9348","SEMA4F",0,0,0,0,0.731385326570293
"9349","SEMA6B",0,0,0,3.73477366442945,0
"9350","SENCR",0,0,0,7.89906607799817,5.6105468658474
"9351","SENP1",0,0.21666947511208,0,1.97377333545994,0.935552460809901
"9352","SENP2",0.6755369369183,2.72467506931347,0,1.87667741677801,1.56001437238054
"9353","SENP3",0,0,0,0,0.855750474536591
"9354","SENP5",0.794837376164862,1.29647810423473,0,6.51371883811258e-07,0.373947733484501
"9355","SENP6",0.0571868829516426,0.0144257218773399,0,0.0913668095922661,0.119703904017051
"9356","SENP7",2.91804071779072,0.080884669193125,0,1.3156357018649,0.0636958294798878
"9357","SEP15",0.103112137210002,0.490930179105613,8.7227244150561e-06,0.0522672722384588,0.623152513822228
"9358","SEPHS1",0,0,0,0.0879807668717315,0.380828801600097
"9359","SEPHS2",0,0.1620442856402,0,0.513543662597542,0.0585023604019479
"9360","SEPN1",0,0,0,0.0267308744068913,0.00253615726700294
"9361","SEPSECS",0,0,0,2.52329642150707,0.951181697305627
"9362","SEPSECS-AS1",0,0,0,7.53970419279857,0.0217988559537553
"9363","SEPT1",0.839660756670868,0.551002809928606,0,1.39232940389091,4.02992631098746
"9364","SEPT10",0,0,0,3.27588602195871,0
"9365","SEPT11",0,1.2359446750753,0.603604542142371,0.212589494405903,0.433214340491576
"9366","SEPT2",0.00238361442295152,1.58054068019979,0.346871521291005,1.04655924183322,2.00397939016298
"9367","SEPT5",0,0,5.4196521464479,0,0
"9368","SEPT6",1.74789031511182,0.262650164979366,0.462118140822462,11.276362384049,0.555261583631221
"9369","SEPT7",0.399679273363774,0.250970780990383,3.84799654517237,0.0575822250614756,0.0878434300062194
"9370","SEPT8",0,0,0,0,0.016800830088426
"9371","SEPT9",0.290706767915248,0.384873429913893,0,21.671457577995,5.08288805198644
"9372","SEPW1",0.322008663189128,1.57881916554374,10.5450321932577,0.294827059576221,0.480069035481308
"9373","SERAC1",0,0,0,0.00866324684403105,0.237121873023536
"9374","SERBP1",0.0186679560939819,0.86892062758734,0,0.0124209332755522,0.393017807234823
"9375","SERF1A",0,0,0,0,0.0945711221362967
"9376","SERF1B",0,0,0,0,0.0602052421385535
"9377","SERF2",3.00025049373266,3.5758183186447,3.79010582007365,0.835021683320275,4.1348432439319
"9378","SERGEF",0,0.225022947546018,0,0.080917126603289,0.73491168091623
"9379","SERINC1",0.0399627468454776,3.06564000705862,0,0.967841879900833,3.06624631235013
"9380","SERINC2",0,0,0,0.643270000180734,0
"9381","SERINC3",0.667834173663095,0.668794364205547,1.74831178164219,0.895877905844504,1.05542071238229
"9382","SERINC5",0.630361717110123,0,0,2.68909489482809,3.13918318793684
"9383","SERP1",1.50010970112924,0.00249231908900583,0.232328192542786,0.907455938867867,0.404470366311884
"9384","SERPINA1",0,0,0,0.36090877270008,0.0118437277520326
"9385","SERPINB1",0.370610757380102,0.0455978199717266,0.0120236129725477,0.232468681987223,0.155048453987148
"9386","SERPINB2",0,0,0,4.06243206755633,0
"9387","SERPINB6",5.26718747059583,1.0992600034963,0.635954142306765,0.000101897879808099,0.075954840984538
"9388","SERPINB8",0,0,0,1.53552258455354,0.160973724078001
"9389","SERPINB9",0.259512479445851,0.00396863982722739,0,0.945586980302549,0.00576182306998215
"9390","SERPINB9P1",0,0,0,0,2.29056710300594
"9391","SERPINE2",0,0,7.63509209707551,0,5.40127391782129
"9392","SERPINF1",0,0,0,0,2.91392521803979
"9393","SERPING1",0,0,0,5.20695124275427,0
"9394","SERPINH1",0,0,0,0,3.38837305544109
"9395","SERPINI1",0,0,5.10760056987928,0,0.197191484478307
"9396","SERTAD1",0.322430709220243,0.513839239969308,0,0.00988974711105333,1.250795040434
"9397","SERTAD2",0.129755980771365,0.442520367775182,0,0.540270767935972,0.0129686312596741
"9398","SERTAD3",6.71950002159615,0.227543372605371,0,0.766779165729856,0.136502237347157
"9399","SESN1",2.70283495298212,0.503803811016967,0,3.94453987837886,0.760941660771697
"9400","SESN2",0,0,0,0.959342189698849,0.372848170509074
"9401","SESN3",4.40636320048762,0,0,2.64390128550774,1.1701213356684
"9402","SESTD1",0.208020072158027,0,0,6.66013860300291,0.344182049525101
"9403","SET",0.00119324906534287,0.0134553814360162,0.14068715832494,0.241272363186447,0.0485334861167364
"9404","SETBP1",0.0621205412702905,0,0,7.29213935381691,0.0246405968583363
"9405","SETD1A",0,0,0,3.35188186475743,0.744856104218888
"9406","SETD1B",0,0.0687677060318518,0,1.41215811948396,1.75020601963798
"9407","SETD2",0.444685251333228,1.40765674726609,0,0.365563451201406,1.15684213114822
"9408","SETD3",0,0.0238858374189005,0,0.411525232738431,3.79690982979838
"9409","SETD4",0,0.48456447874498,0,0.0590630625267787,0.993455386816038
"9410","SETD5",0.843266278031116,2.72604415306628,0,0.19622606497516,1.74384360721713
"9411","SETD6",0,0,0,0,0.0236474097962784
"9412","SETD7",2.19546728365938,0,0,0.112779394021985,13.0595419466827
"9413","SETD9",0,0,0,7.14674192149455,0.693347153842569
"9414","SETDB1",1.29026569888162,0.637860692253401,0,0.91202361635472,0.330887030293541
"9415","SETDB2",4.31225686772167e-05,2.78748506893034,0,0.00023862937704684,0.571935373967987
"9416","SETMAR",0,0,0,0,1.57713612307387
"9417","SETX",3.80422690718114,0.93386217034564,0,0.104936034304811,1.34233384493448
"9418","SEZ6",0,0,0,0,0.319729050677855
"9419","SF1",0.32554308964023,0.696747651037556,0,0.480823653476332,2.37654595496415
"9420","SF3A1",1.09756294978675,0.00164545325411775,0,0.951380631408141,2.07340882664735
"9421","SF3A2",0.30319087339641,0.901433036132938,3.07487435158325,2.45533004075416,2.76543301954086
"9422","SF3A3",5.25934476186626,0.688984562131688,0,0.73073342556782,0.549866527217794
"9423","SF3B1",1.40704389030473,0.0506024192184024,0,0.3223677462901,0.804091294820465
"9424","SF3B2",0.0168151012658722,0.426449431853021,0,0.0319712167199131,3.82869622068007
"9425","SF3B3",1.90979886554214,1.1580584656013,0,0.349452133985768,1.15886504517269
"9426","SF3B4",0.750927804944184,0.0553821237973006,0,0.877179052742346,2.35518675548848
"9427","SF3B5",0.929431090589047,0.0499497131670211,0.667261282631531,1.45645966504856,0.664790675243131
"9428","SF3B6",0.0249974107648846,0.187649577088833,0.000469112858040836,0.0500802460812503,0.120081158874703
"9429","SFI1",0.000593118554850871,0.171792109694479,0,0.0271560667244805,0.0320489278050372
"9430","SFMBT1",0.12760593842611,0.115755943336364,0,0,6.28764117291621
"9431","SFMBT2",0,3.16090407723751,0,3.58034309429778,6.02104554599745
"9432","SFPQ",0.15890206439088,1.46653459671832,0.143908076101221,0.0439150739249058,1.39856935730568
"9433","SFR1",0,0.237777022143684,0,0.254424718064968,0.524244235253811
"9434","SFSWAP",0.0466914024488255,1.18435615741971,0,0.141082292401504,1.98970815995708
"9435","SFT2D1",0.491227824611383,0.0977181670817337,0,0.0515385075531082,1.42652819565237
"9436","SFT2D2",0.0375327503852384,0.000675834982749656,0,13.9581693440614,0.00846491163863934
"9437","SFT2D3",0,0,0,0.020576755228272,0.377941637402199
"9438","SFXN1",2.62379925130828,1.91785945786852,0,0.359177519702723,1.01562863452812
"9439","SFXN2",0,0,0,0,0.420202954876996
"9440","SFXN3",0,0.667208555984366,0,0.00222901871612443,4.958584899685
"9441","SFXN4",0,0,0,0.210532465196947,1.18960618620935
"9442","SFXN5",0,0,0,0.0418934446648819,0.0450699706366181
"9443","SGCB",0,0,0,0,0.187249910169959
"9444","SGF29",0.136196550841734,0.0837353850348835,0,0.934944857528489,0.112357426174669
"9445","SGK1",19.0176569281049,0,0,0.688442996484803,15.1396768653045
"9446","SGK223",0,0,0,0,2.9687197970295
"9447","SGK3",0,0.0243243781275337,0,1.17647010244176,0.5122854016497
"9448","SGK494",0,0,0,0.470102743064144,0.00335676597368066
"9449","SGMS1",0,0.574118455594387,0,1.75585654204224,1.40017207593778
"9450","SGMS1-AS1",0,0,0,0,2.86217002127117
"9451","SGMS2",0,0,0,5.22948797462271,0
"9452","SGOL2",0,0,0,0,0.293011871775952
"9453","SGPL1",0,0.675064149554422,0,4.14990653509206,0.00412789054459172
"9454","SGPP1",0,0.0784772553808155,0,0.200186864172932,0.0807942006081423
"9455","SGPP2",0,0,0,0,0.689304834148801
"9456","SGSH",0,0,0,2.57494480347003,3.60428761620945
"9457","SGSM1",0,0,0,0,1.73996477344841
"9458","SGSM2",0,0,0,0.929241269033852,3.34893304552223
"9459","SGSM3",0.0592528718722727,0.0140761435677794,0,0.32365603302093,0.0108181601825251
"9460","SGTA",0.427585471013351,0.0238131447325268,0,5.64241110447291,0.516056798435415
"9461","SGTB",0,0,0,0.0369268648450121,1.26500077228898
"9462","SH2B1",1.96744661034039,0.519647873513458,0,0.0941520825464342,1.17148587930815
"9463","SH2B2",0.0519126695308468,0,0,0.0037552293206733,0
"9464","SH2B3",0.0342367141395159,3.66522004198073,0,2.48060497791541,1.92868133116748
"9465","SH2D1A",0,9.38141981605198,0,0,0.0837595408434917
"9466","SH2D1B",0,0.702525663632934,0,6.54560238951008,0
"9467","SH2D2A",0,3.22058398006442,0,0,1.53280967688654
"9468","SH2D3A",0.0335635117901417,0,0,0,0.00482165723055594
"9469","SH2D3C",0,2.95441068539629,0,3.3125590309829,4.65380048066842
"9470","SH3BGR",0,0,0,0,0.985144691695093
"9471","SH3BGRL",0.00492225306294406,1.48525917754783,6.24589783395936,0.00857058662367206,0.732084294256751
"9472","SH3BGRL2",0,0,9.25720472257188,0,1.76685581801431
"9473","SH3BGRL3",0.650691921866081,2.52076506427818,1.32155528313075,0.238921570623928,0.680821428978076
"9474","SH3BP1",2.63488479888853,1.28715245001101,0,2.59564463734938,0.243400679797231
"9475","SH3BP2",1.9143010020462,0.538412132769509,0,6.05964808305237,1.56133490489292
"9476","SH3BP5",8.29741526005975e-05,0.388024515477614,2.69021905571325,5.15586457358501,0.51664388907314
"9477","SH3BP5-AS1",0,0,0,0.0508279515992974,0.000901673022397043
"9478","SH3BP5L",0,0,0,0.232112447382857,0.21561381936106
"9479","SH3D19",0,0,0,0,0.875506936517097
"9480","SH3GL1",0,4.08775748432236,0,0.268585411657696,0.224691042602982
"9481","SH3GLB1",1.51756081953658,0.285007626760075,0.0407276964066178,0.00578589028427851,2.52612337519916
"9482","SH3GLB2",0,0.0127573951366506,0,0.803296446729144,0.075077414252282
"9483","SH3KBP1",0.0106736021085581,1.32504728048748,0,0.449546944837587,0.632964310223674
"9484","SH3PXD2A",0,0,0,0,1.87054020218048
"9485","SH3RF1",0,0,0,3.03118314908484,0
"9486","SH3TC1",0.0602658490574098,0,0,3.87436152696521,5.79148885099016
"9487","SH3YL1",0.697011474818871,0.0063167350005764,0,0.896910102755238,0.99326659385995
"9488","SHARPIN",4.45486891830288,4.21258584232389,0,0.409561177487339,1.35155503823313
"9489","SHC1",0,0.441121528777387,0,1.52598559471463,1.05815274523989
"9490","SHFM1",1.15841390669731,0.0288062765934326,2.3211015501243,0.508980130499634,1.13490598360472
"9491","SHISA4",0,0,0,7.00760700323763,0
"9492","SHISA5",0.285226634193414,2.15700977187749,0,4.01117221199866,0.411734238805793
"9493","SHKBP1",2.7325102842324,0.0482023119605662,0,0.17643809009283,0.00132356612524252
"9494","SHMT1",0,0,0,0,0.158985086294585
"9495","SHMT2",0.543998670051115,0.808617538398964,0,5.26140157058451,1.4632130740368
"9496","SHOC2",1.43080299917348,1.27063838188675,0,0.808046444958543,0.823256210273959
"9497","SHPRH",0.555048112721919,5.14573502644028,0,0.000693816741492234,0.738303367630797
"9498","SHQ1",0,0,0,2.18014801442562,1.36000305643311e-05
"9499","SHROOM1",0,0,0,1.6927279509926,0.620731216451722
"9500","SHTN1",0,0,0,1.96441141518614,0
"9501","SIAE",0,0,3.29483509695952,5.98477739967602,0.0376592079298927
"9502","SIAH1",7.95782373633016,13.512340322913,0,0.10213246253915,18.0195587555148
"9503","SIAH2",0.21867409371646,5.77255220936727,0.0377549524481661,3.22476881818745,0.95294317435441
"9504","SIDT1",2.38858999996919,1.24374266001368,0,0,0.0127347116889006
"9505","SIDT1-AS1",0,0,0,0,0.39294689705479
"9506","SIDT2",1.1951036303145,0,0,0.358908071452299,3.42494970277787
"9507","SIGIRR",0.629376816181028,0.302154417593639,0,2.0440439382957,0.712468821215961
"9508","SIGLEC1",0,0,0,6.93684879947266,0
"9509","SIGLEC10",0.18784978402238,0,0,2.61318356257923,0.12027725351126
"9510","SIGLEC14",0,0,0,2.66594025378911,0
"9511","SIGLEC7",0,0.0764864405688399,0,8.80171163392086,0
"9512","SIGLEC9",0,0,0,2.90148405748389,0
"9513","SIGMAR1",0,1.15316513724461,0,2.27309613099731,0.516090483240866
"9514","SIK1",0,0,0,0.0596270502871105,13.3046431073903
"9515","SIK2",0,0,0,0.321866683318822,1.87191155412801
"9516","SIK3",0.41420755962179,1.48448637432565,0,0.254888150943757,3.74598340474852
"9517","SIKE1",2.61756869720358,0.732663498491908,0,0.411835806276136,0.770387558000563
"9518","SIL1",0,0.482653477321517,0,0.730851496927344,0.000242651357590311
"9519","SIMC1",0.30736036396246,2.33103864274809,0,0.101218315796366,3.41912371528627
"9520","SIN3A",0.431721310750047,0.9371793321553,0,0.317055182084739,3.25971257205957
"9521","SIN3B",0,0,0,0.0622096179550114,0.179079320897676
"9522","SIPA1",1.12986134629975,0.0474643346993414,0,3.29727998285244,0.278036857581421
"9523","SIPA1L1",0.598675914320357,3.54178298937552,0,2.32446358528095,2.23981905054864
"9524","SIPA1L2",0,0,0,10.7104711729644,0
"9525","SIPA1L3",1.16446590434557,0,0,0.000569547012983711,0.0533035527479717
"9526","SIRPA",0,0,0,0.0548947166751269,0
"9527","SIRPB1",0,0,0,1.48915694579413,0
"9528","SIRPB2",0,0,0,0.314859558059719,0
"9529","SIRPD",0,0,0,4.44367592580529,0
"9530","SIRPG",0,0,0,0,3.26071341871174
"9531","SIRT1",0,0,0,2.91520278652279,0.924048540108157
"9532","SIRT2",0.555510332992565,6.83136843711425,0.0152838146167952,0.127757340498824,0.121089403486795
"9533","SIRT3",0,0.857438292004063,0,0.140063474712784,0.0525790557888117
"9534","SIRT5",0,3.65134674060039,0,3.92272000204579,2.94630076397311
"9535","SIRT6",0,0.263425640370761,0,0.214525543492162,1.32856806681565
"9536","SIRT7",0.0142984199007871,0.178790248097635,0,0.0256844367440375,0.48173714524784
"9537","SIT1",0.0321215493758333,1.10255017836172,0,0,4.88723976820658
"9538","SIVA1",0.0860778694929131,0.0605996245034907,0,1.85268349625441,5.84818821493666
"9539","SKA2",0,5.41990277742576,0,0.0417488116133052,4.10243209485876
"9540","SKA3",0,0,0,0,0.0304668235216578
"9541","SKAP1",1.35845489876808,0.290964646775183,0,0,0.116287541029927
"9542","SKAP2",0.0130026388496783,2.28105997701736,1.50926080431454,3.08116328656573,0.651257992482016
"9543","SKI",0,0.334658094711223,0,1.9658466791125,1.64007118046765
"9544","SKIL",0.266067336797777,2.49897449922151,0,1.71442903582272,0.855435960199193
"9545","SKIV2L",0.504048021421322,0.0482143883039322,0,0.493122208068836,1.35881254613469
"9546","SKIV2L2",0.420292389035939,0.101550155888863,0,0.0389544555559609,1.36477064118518
"9547","SKP1",0.000582077804584442,0.475094664955729,2.81308335672754,0.0175803840963402,0.000830008879452067
"9548","SKP2",0,0,0,0.097998617363776,4.54136320914708
"9549","SLA",0.654975340214001,0.0913932046629603,0,0.896283225667458,0.104040499214183
"9550","SLA2",0,2.57621907716061,0.0293699458616826,0,0.0880088261715365
"9551","SLAIN1",0,0,0,0,0.00116423946450548
"9552","SLAIN2",0.102190508360248,0.58467661905915,0,0.458600730532819,0.0214687877440651
"9553","SLAMF1",5.11612682314684,0,0,0,0.892322270918713
"9554","SLAMF6",0.664409751096364,4.70430399035027,0,0,2.83800397897184
"9555","SLAMF7",0,0.708222905609035,0,0.873313521752081,0.775517262081278
"9556","SLAMF8",0,0,0,0,6.16127022622173
"9557","SLBP",0.812645642866392,1.52428785893865,1.34675900924158,0.220171328727761,1.9361225936989
"9558","SLC10A3",0.235641680898976,0.0307865510100839,2.1103642388747,0.35439735597986,0.877194863371069
"9559","SLC10A7",0,0,0,0.241916849738173,0.904243475219692
"9560","SLC11A1",0,0,0,6.23405501703096,2.31694842388401
"9561","SLC11A2",0,0,0,3.39353418780102,0.572159336469571
"9562","SLC12A2",0,0.102417045153472,0,0.189808179086631,0.562341225064614
"9563","SLC12A4",0,0,0,3.72282339797689,1.21676927521175
"9564","SLC12A6",0.349834322337278,0.915974262402789,0,0.815110633531859,0.0738495281581049
"9565","SLC12A7",0,3.52355660899636,0,0.636599960956783,8.17681707152227
"9566","SLC12A9",3.39829012528182,0.383683286358318,0,1.08510341943824,3.01988736366663
"9567","SLC14A1",0,0,0,0,0.0630082099232786
"9568","SLC15A3",0,0,0,0.833666505037679,0
"9569","SLC15A4",1.28639883082131,3.20411793553206,0,11.5512285301954,0.0270995301466917
"9570","SLC16A1",0,0,0,0,0.911268373257494
"9571","SLC16A1-AS1",0,0,0,0,5.69309209020133
"9572","SLC16A10",0,0,0,0,0.602377171835965
"9573","SLC16A11",0,0,0,0,3.83592793086909
"9574","SLC16A13",0,0,0,0,0.0623885072962077
"9575","SLC16A3",0,3.4801592464814,0,0.472043539141336,2.95902920571893
"9576","SLC16A4",0,0,0,0,0.646675457012717
"9577","SLC16A5",0,0,0,0.355247676834517,0.103164371156503
"9578","SLC16A6",0,0,0,8.9457678340455,1.14504267211941
"9579","SLC16A7",0.0695641160682942,0.528681892550601,0,0.991541842657029,2.32639089652191
"9580","SLC17A5",0,1.6224509548187,0,5.83342738243998,7.25857667295191
"9581","SLC17A9",0.142507331142898,0,0,0,0.705226786473723
"9582","SLC18B1",0,0,0,0.0919153866079894,1.74726357243212
"9583","SLC19A1",0,0,0,3.24498380927702,2.69513893024697
"9584","SLC19A2",0,0,0,2.11973405184379,2.64614989357209
"9585","SLC1A4",0,2.54832152517146,0,1.29052010867479,0.0295181351936624
"9586","SLC1A5",0,11.6094791950412,0,1.53011770832387,0.0576471971948497
"9587","SLC1A7",0,2.34286904571785,0,0,1.35563765965353
"9588","SLC20A1",0.428644970531115,0.780466888452928,0,0.725978489142182,0.0313332445308696
"9589","SLC20A2",0,0,0,0.307131783868913,1.72902615394632
"9590","SLC22A15",0,0,0,2.32525682955268,0
"9591","SLC22A17",0,0,0,0,1.40426717157829
"9592","SLC22A18",0,0,0,1.73679456496789,0.113063285524935
"9593","SLC22A18AS",0,0,0,0.48002972317757,0
"9594","SLC22A4",0,0,0,3.05137689819865,0
"9595","SLC22A5",0,0,0,0.15071114092552,0.820317298796743
"9596","SLC23A2",0,0,0,0.882384642734527,0.404057722793482
"9597","SLC24A4",0,0,0,9.1795583692024,0
"9598","SLC25A1",0.304918895250298,0.188225548869599,0,1.74360995471776,1.47080202534378
"9599","SLC25A11",1.06126103258247,0.465772800557979,0,2.85232815302875,2.84751269042388
"9600","SLC25A12",0,0.207179483719002,0,0.229001153064699,0.715272087192657
"9601","SLC25A13",0,0.154780949419441,0,0.0017969394376564,0.0319347833576646
"9602","SLC25A14",0,0,0,1.6009888415481,1.24646070666452
"9603","SLC25A15",0,0,0,0,1.50705846908389
"9604","SLC25A16",0,0.00477561765602961,0,3.28655679179921,4.88904829169306
"9605","SLC25A17",0,0,0,1.46488022354975,3.11641565333512
"9606","SLC25A19",0,0,0,1.60472948123387,1.31508603508246
"9607","SLC25A20",0,1.60703524027676,0,0.810069405998682,15.1075008180367
"9608","SLC25A22",0,1.55682019734826,0,3.05819080410953,1.36196857642014
"9609","SLC25A23",0,0,0,0,0.346228083304454
"9610","SLC25A24",2.37159103216085,0.162153761878226,0,0.545766993778118,0.0189621261692667
"9611","SLC25A25",0,1.05735698286039,0,2.20330603329783,1.84187579139625
"9612","SLC25A25-AS1",0,0,0,0,0.615338627980143
"9613","SLC25A26",0.961765142664395,1.68968461933334,0,10.275116977165,0.15483689890453
"9614","SLC25A28",0,0,0,12.8215667544665,0.675864427699677
"9615","SLC25A29",0,0,0,0.000401072214479425,0.154199854505054
"9616","SLC25A3",0.295129903266443,4.0589322725295,0.321876585778617,13.3507691953604,0.632391610080463
"9617","SLC25A30",0,0,0,0.108224667183904,7.18048468463488
"9618","SLC25A32",0.0223583692871342,0.248765207051727,0,0.00597718106093545,4.55067073698405e-05
"9619","SLC25A33",6.39531416932565,0.0763886336182524,0,1.59864172220154,0.12006713239954
"9620","SLC25A35",0,0,0,1.76917071597524,0.0910584343430914
"9621","SLC25A36",0.629552975729344,0.0850691424649021,0,0.0178091663953105,1.45679363710538
"9622","SLC25A37",0.527726584177132,1.88282121084661,0,2.38915613204633,0.0407958566714736
"9623","SLC25A38",6.26052950717831,1.49620061992861,0,5.70288758647291e-06,3.30215699729428
"9624","SLC25A39",2.34748593294013,1.54948883923112,0,2.73206676223233,1.10541931497362
"9625","SLC25A4",0,0.10316535837526,0,0,0.120372203707537
"9626","SLC25A40",0,0.0942508995263236,0,0.000122347476549815,0.0176933425171172
"9627","SLC25A42",0.758148008777533,8.93598670031638,0,0,0.479557906555703
"9628","SLC25A43",0.0233893391432819,0,0,1.50484899460614,1.52788764339482
"9629","SLC25A44",0,0,0,0.548693691714697,2.89162531900138
"9630","SLC25A45",6.7757932345263,2.63013809467169,0,0.589335243214658,0.182936777156131
"9631","SLC25A46",1.40780288174117,0.00671200180424497,0,1.96857691952165,0.0113858209413564
"9632","SLC25A5",2.77472170682054,1.1826355375879,2.4341931517342,10.7383466475025,0.343919155939921
"9633","SLC25A51",0,1.12619772460562,0,4.10623821564788,0.144177371719149
"9634","SLC25A53",0,3.18746177709846,0,0.561709488458959,0.638531591303171
"9635","SLC25A6",0.00646715325686239,0.646142031716221,0.309094549768583,9.28562229930718,1.80026262105729
"9636","SLC26A11",0,0,0,0.188400777846458,1.81534022437991
"9637","SLC26A2",0,0,0,0,0.0246446170626989
"9638","SLC26A6",0,0,0,0.463740403719626,0.0866335183520184
"9639","SLC27A1",0,0,0,0.231971964356987,0.551481629101122
"9640","SLC27A3",0,0.280630924311726,0,4.72894924387742,0.127604837352623
"9641","SLC27A4",0,0,0,3.27411639781016,1.65469270521589
"9642","SLC27A5",0,1.059386661742,0,0,0.951052214493336
"9643","SLC29A1",0,0,0,10.9782812954815,0
"9644","SLC29A2",0,0,0,0,0.22585013960826
"9645","SLC29A3",0,0,0,2.75084739245241,0.000405490826938584
"9646","SLC2A1",2.01731558221939,0.0513232972657626,0,0,0.71451340942684
"9647","SLC2A11",0.00978683450394937,6.29745367070514,0,0,0.00436676711558651
"9648","SLC2A13",0,0,0,0.670667942199832,0.197158418660008
"9649","SLC2A3",0.931650315712448,1.3726778203558,1.24415503910338,12.8533205993961,0.453047523578133
"9650","SLC2A4RG",0,0.321118386392249,0,1.82705085336817,0.122823316042159
"9651","SLC2A6",1.45253891828608,0,0,4.5889898299891,0.00412166278960965
"9652","SLC2A8",0,0,0,4.48229893976635,2.43110989862936
"9653","SLC2A9",0,0,0,1.43136181060417,0
"9654","SLC30A1",0,0,0,1.5439217234954,0.0281517464674089
"9655","SLC30A4",0,0,0,0,0.119671525694266
"9656","SLC30A5",1.06976442860184,1.18457897017412,0,2.10290679517372,1.9739303481487
"9657","SLC30A6",0,0,0,0.723705534230322,0.00330880983846997
"9658","SLC30A7",3.40765537115362,0.132005689631008,0,0.0289862402657429,0.504776874551989
"9659","SLC30A9",0.0610400945259096,0.999440426523018,0,0.325610111384195,0.305805711950796
"9660","SLC31A1",0,0,0,0.00719989371884724,1.08011266850359
"9661","SLC31A2",0,0,0,0.106957642740534,0.294656221853597
"9662","SLC33A1",0,0,0,0.716951296711878,0.214542963527662
"9663","SLC35A1",0,0,0,0.966113267523183,0.287381715263909
"9664","SLC35A2",0,0,0,0.903113762114143,0.0695057230024655
"9665","SLC35A3",0,0.349520170881998,0,0.293301610520209,0.309140746098916
"9666","SLC35A4",0.112659975843914,0.0531935660823805,0,0.0251985737053751,1.86668607547979
"9667","SLC35A5",0,0,0,0.791431292561182,0.862944783608843
"9668","SLC35B1",0.332624940805645,8.0967721678071,0,1.8551870125968,1.54372056256006
"9669","SLC35B2",0.110785029776617,0.00450399082748872,0,0.19961318619524,0.477322728194944
"9670","SLC35B3",0.0583017992882746,0.184066115723761,0,1.90727789303255,0.969904522972347
"9671","SLC35B4",0,0,0,0.584866953875655,0.00509267108462334
"9672","SLC35C1",0,0,0,1.52784126930117,0.0351538536247824
"9673","SLC35C2",2.16885124673883,0.00102729558240818,0,2.49538681661054,2.05435028475769
"9674","SLC35D1",0,0.112960347148989,0,0.000619231562137107,1.41279059371488
"9675","SLC35D2",0,0,0,0.0642047830185991,2.32071235348786
"9676","SLC35E1",0,1.74785747755668,0,0.106853760725307,0.394576372886006
"9677","SLC35E2",0,0,0,4.59046163211772e-06,0.0152437948167456
"9678","SLC35E2B",0.0340562308549743,0.597157020443339,0,1.88273572528959,0.280655507954604
"9679","SLC35E3",0,1.30776134966183,0,0.97842840074061,0.156024947188359
"9680","SLC35E4",0,0,0,0.189306108414468,1.29493115592395
"9681","SLC35F2",0,0,0,0,0.00531154226350162
"9682","SLC35F3",0,0,0,0,3.12476394096012
"9683","SLC35F5",0,0.914553504476653,0,1.31162375978888,0.489332202622025
"9684","SLC35F6",0,0,0,0.244557923924662,0.52557951899072
"9685","SLC35G1",0,0,0,0,0.804236103765733
"9686","SLC36A1",0,0,0,0.877969662419051,0.757207440879363
"9687","SLC36A4",0.163523933225044,5.0183605500586,0,1.84659790252402,3.47584777677679
"9688","SLC37A1",4.07672278333133,0.3556114407731,0,0.518044004453286,1.69081134204227
"9689","SLC37A2",0,0,0,1.67318394920472e-06,0
"9690","SLC37A3",0,1.04091026761968,0,0.227506701839677,3.3876811153258
"9691","SLC37A4",0,0,0,0,0.00202965836151956
"9692","SLC38A1",0.1616291985207,2.29054331451429,0,0,0.344570043061027
"9693","SLC38A10",0.955924035760784,0.279590416037617,0,2.91518119737238,0.24872196803884
"9694","SLC38A11",8.86888579549,0,0,0,0
"9695","SLC38A2",0.733807091275725,0.289451030990509,0,0.378724891240603,0.140994112442204
"9696","SLC38A5",0,0.313224885905412,0,0,0.00771813683495843
"9697","SLC38A6",0,0,0,0.18079352667449,2.07729904380522
"9698","SLC38A7",0,0,0,5.85625816976286,0.0214439883257778
"9699","SLC38A9",0,5.86891554430516,0,0.0272329211766898,6.19314121290589
"9700","SLC39A1",0,4.91186743330164,0,0.0881755385103741,0.380930293165166
"9701","SLC39A10",0.101036676834175,1.46581689719641,0,3.91881256592637,1.10406148501008
"9702","SLC39A11",0,0,0,3.51090298854651,1.08139911723399
"9703","SLC39A13",0,4.37779713178403e-05,0,2.33007187230765,0.0100533778111576
"9704","SLC39A14",0,0,0,0,2.30486852082584
"9705","SLC39A3",1.79294435530212,0,2.28042997656929,0.235326165390514,0.0295521168238326
"9706","SLC39A4",0.599150331811469,0.979010596371409,0,0.646195638748651,3.41784289208579
"9707","SLC39A6",0.00176034791684593,0.0297223994994823,0,0.419527382502175,0.123009814129869
"9708","SLC39A7",0,0.0200510386508063,0,0.501636242054367,0.00916366250095296
"9709","SLC39A8",0,2.49482709002668,0,4.00663282818508,1.59755134931167
"9710","SLC39A9",0,2.14424522808844,0,0.0523879547699365,0.00317258273470157
"9711","SLC3A1",0,0,0,0,3.20730461293338
"9712","SLC3A2",1.46676780798707,0.0747481860339584,0,1.27845672812804,2.65517156229001
"9713","SLC40A1",0,0,0.336878669347241,1.17209564553184,0.033068505401595
"9714","SLC41A1",0,0,0,0,0.840917646509355
"9715","SLC41A3",0,0.00367847290230588,0,5.2729714667441,2.33824366314957
"9716","SLC43A1",0,0,0,0,2.62041669124454
"9717","SLC43A2",0.144557888592979,0,0,7.51114354501907,0.0834371293132395
"9718","SLC43A3",0,0,0,0.355564130240572,2.96045054315035
"9719","SLC44A1",0,2.9572071922923,0,4.32239807231378,0.405591830761391
"9720","SLC44A2",4.73398085509196,0.559808325760598,4.44298843837369,14.1751872064294,0.140405051148152
"9721","SLC45A4",0,0,0,2.07426753648157,0.383557106316039
"9722","SLC46A2",0,0,0,0.163388241179623,0
"9723","SLC46A3",0,0.264367778116018,0,0.536329437113806,0.486212418446034
"9724","SLC48A1",0,0,0,1.17591298645774,0.185330878834555
"9725","SLC4A10",0,0,0,0,0.011486263665643
"9726","SLC4A1AP",0,0.0694832968381478,0,0.64880191758803,0.90519227312424
"9727","SLC4A2",0,0,0,3.70680289501707,1.87752609363317
"9728","SLC4A4",0,0,0,0,0.196800067203849
"9729","SLC4A5",0,0,0,0,3.12717702365465
"9730","SLC4A7",0.172696589861752,1.60694900297219,0,1.97561958529472,0.809289585416632
"9731","SLC4A8",0,0,0,1.61693966954909,2.38114924207719
"9732","SLC50A1",0.184521633294455,0.00151080786829172,0.581673412854794,3.21025501333064,0.202485415902215
"9733","SLC52A2",0,0.023221245128781,0,0.540812071933743,0.511325916654486
"9734","SLC5A2",0,0,0,0,0.396970176511185
"9735","SLC5A3",0.000913541416476685,0.161367366798697,0,0.223068040010888,0.936558373753516
"9736","SLC5A6",0.563633575676317,0,0,2.19429053508582,0.00102493351981834
"9737","SLC6A16",0,0,0,0,1.47626472205689
"9738","SLC6A6",0,0.262314397803907,0,0.0261588150770978,1.21384834169091
"9739","SLC7A1",0,0,0,0.908137246975115,0.0499803112675251
"9740","SLC7A5",0,0.552751229668604,0,9.23423881632687,1.6155475705566
"9741","SLC7A6",0,4.46694568303879,0,2.64737897840405,0.678793387950107
"9742","SLC7A6OS",0,0.0423347762367587,0,0.0847888599288859,2.18629325907543
"9743","SLC7A7",0.21586669273286,0,0,0.329904249581608,0.267828103411208
"9744","SLC7A8",0,0,0,0,0.160692750169922
"9745","SLC8A1",0,0,0,3.38035197191097,0
"9746","SLC8B1",0,0,0,0.0499413250177062,0.797346867168121
"9747","SLC9A1",0,0,0,1.95608812552169,1.58190463990637
"9748","SLC9A3",0,0,0,0,0.0788621785210877
"9749","SLC9A3R1",5.36585868878202,0.0150047491999825,0.0980677011967096,2.91576679664924,0.628649787398425
"9750","SLC9A3R2",0,0,0,0,0.0281717503399298
"9751","SLC9A6",0,0,0,0.227668575521922,3.24374543223209
"9752","SLC9A7",0.752699697668904,0,0,0,0.542479695603435
"9753","SLC9A8",0,0.815371734153623,0,0.0123534881981371,0.273434728940098
"9754","SLC9A9",0,0.428568006823535,0,2.16102295808298,1.25836489653685
"9755","SLC9B1",0,0,0,0,2.15991584999782
"9756","SLC9B2",0,0,0,0,0.0287592628806527
"9757","SLCO3A1",0,0.452851621542879,0,0.0751185645992434,0.0853772006867054
"9758","SLCO4C1",0,0.00282193701095569,0,0,0.430934779233231
"9759","SLF1",0.205431806955531,0.846129306030634,0,0.14770812774485,0.0108872212353623
"9760","SLF2",1.43416031336946,0.00211235261252236,0,5.40892030926752,1.34748297844048
"9761","SLFN11",0,0,0,3.61976127640112,0.34621564987429
"9762","SLFN12",0,0,0,3.18938483172184,1.39477980611033
"9763","SLFN12L",0,0.0801125069625834,0,0,0.879538239512664
"9764","SLFN13",0,0.610321688855123,0,0,0.167454572971757
"9765","SLFN5",0,1.52921764773393,0,0.0458082454313837,0.931716605273097
"9766","SLIRP",0.707565874032289,5.19817002808997e-05,0,0.529459829587959,0.718225061617165
"9767","SLITRK4",0,0,0,0.542452709283968,0
"9768","SLK",0,0.0760024658968347,0,2.26128576061517,2.57031816452875
"9769","SLMAP",0.168166102720026,0.612448307503029,0,6.50333352106235,0.927603521409686
"9770","SLTM",1.01331940103409,0.309228518090032,0,4.72100114344741,0.0262869440622216
"9771","SLU7",0.206173672947533,2.98696458801204,0,9.55002098210642,2.11599726950357
"9772","SLX4",0,0,0,0,5.78605024051827
"9773","SLX4IP",0,0,0,12.2900930373087,5.08355275157575
"9774","SMAD1",0,0,0,2.11406864011653,0
"9775","SMAD2",0.384611158231786,1.01123259937058,0,1.261239670562,0.125017490239209
"9776","SMAD3",0.355968931090757,0.114621727999817,0,5.33184974389256,3.83228042026433
"9777","SMAD4",0,6.56953925700547,0,7.20570747283627,1.53178794320831
"9778","SMAD5",4.53043783759648,0.128699242268298,0,0.0260402495227665,2.31767771761018
"9779","SMAD7",0,0.0611646855741301,0,0.915620349809648,2.9077672494295
"9780","SMAGP",0.00841212895525714,0.154163191748759,0,0.000637407140025879,0.181143003491512
"9781","SMAP1",0.494621786894123,0.0598713887287091,0,5.29674851052122,2.55011599133482
"9782","SMAP2",0.0883137290469573,0.431873362093664,0,4.41277396656674,0.00687489008595189
"9783","SMARCA2",0.9137793820541,0.00641494118408888,0,2.24781381476799,0.0850957256358198
"9784","SMARCA4",0.165776338000856,0.447130525784366,0,0.18835473708233,0.167369456928439
"9785","SMARCA5",2.54714210404284,6.21957976619176,0,3.36776917789407,1.5860932457962
"9786","SMARCAD1",0,0.825655588404068,0,2.95909335282506,0.906716459951705
"9787","SMARCAL1",0,0,0,4.22682747956852,0.0321814627844044
"9788","SMARCB1",1.06667680023277,1.11027957278249,0,2.6243132447684,0.014943042733861
"9789","SMARCC1",0.894276045483532,0.141799142758516,0,0.000528588026525644,0.854351196083974
"9790","SMARCC2",1.99881625203152,0.0856013286716047,0,0.00298833536078446,2.42458580233561
"9791","SMARCD1",1.01318513760123,3.67212380366988,0,2.36235192484045,1.91104643730407
"9792","SMARCD2",0,4.5452242266384,0,0.524589650254937,0.125466951147977
"9793","SMARCD3",0,0,0,3.59823433784727,1.65850285051677
"9794","SMARCE1",0.424545473670737,0.00529353470191686,0.277243207145051,1.0000695692458,0.225059222818927
"9795","SMC1A",0.566012131062223,0.269426661984114,0,1.51614057524346,2.43490790507046
"9796","SMC2",0,0.280269979922752,0,0.0744729354230493,2.19721262715784
"9797","SMC3",1.05223828669571,0.913371819387305,0,0.00184791436154843,1.52471947583586
"9798","SMC4",0.0029740112291257,0.176781074112602,1.9354668356942,1.43349058172538,0.000196286803276547
"9799","SMC5",0.305002194564622,0.589357163333596,0,0.066008146128155,0.675007311179382
"9800","SMC5-AS1",0,0,0,0,5.69326969978473
"9801","SMC6",0.0351586191602427,0.200986338895779,0,7.35379571459489,7.67246493012777
"9802","SMCHD1",0.489267388889753,0.00137781517986417,0,1.45283650843352,1.13196204798964
"9803","SMCO4",0,0,0,0.426335932992739,0.0418162034637026
"9804","SMCR5",0,0,0,0,0.0915230777446757
"9805","SMCR8",0,0,0,0.640255840252364,1.85413867141532
"9806","SMDT1",0.0248766994109271,1.38746812384903,0.077905307398775,1.7854382059344,2.57149303371907
"9807","SMG1",1.21955754612722,0.0519254938693563,0,0.908712747076591,0.446439483744519
"9808","SMG5",0,2.43155456218204,0,0.0239963756497486,0.077438949861714
"9809","SMG6",7.24295968848759,0.138022254670998,0,0.0334283670826809,0.68549741815895
"9810","SMG7",0.00925150699147422,0.345155125074269,0,0.113541386282902,0.244573555407477
"9811","SMG8",0,0,0,0,1.98546651153846
"9812","SMG9",0,0,0,2.08102532255154,0.106343803553903
"9813","SMIM1",0,0,0.288918573594723,1.72122006419226,4.93439548471224
"9814","SMIM10L1",0.569322554960365,0.0248058613626031,0,1.25071757674482,0.940917830332222
"9815","SMIM12",0.0617281619735341,0.224639506959141,0,0.728754287003016,4.55014659140235
"9816","SMIM13",0,0.780907511204325,0,0.868624950932805,0.821714175957352
"9817","SMIM14",0.031685348939657,0.055449733909504,0,0.194174625589826,0.959469577283707
"9818","SMIM15",0.0382732793093114,0.0138829925175046,0,0.0834001163519706,0.0484587842546177
"9819","SMIM19",0.783979035140797,1.46099940651534,0,6.29880527528347,1.28777579722256
"9820","SMIM20",0.196514449029282,10.4472973298589,0,0.803548690570053,3.75541672551639
"9821","SMIM3",0,0,1.51102379772457,0.0516928239074,1.93708231882858
"9822","SMIM4",5.11447766280002,1.36786123898017,0,0.524612617492547,1.09242399981885
"9823","SMIM5",0,0,2.33874854980808,0,0
"9824","SMIM7",0.0277898826340697,1.32637448465169,0,0.000262405385859726,0.0275219437903177
"9825","SMIM8",0.555607847415239,1.23315834981156,0,2.89100680222833,3.43547061189536
"9826","SMKR1",0,0.284917157430343,0,0,0.55853285710167
"9827","SMN1",0,0,0,0.12194662465877,6.52085385136106
"9828","SMN2",0,0,0,0,0.753985630164028
"9829","SMNDC1",0.434268717193907,1.2433860626788,0,1.33971308294283,1.42956715879047
"9830","SMOX",0,0,0.48462712834535,0.0455140819986702,0.701204327811751
"9831","SMPD1",0,0.195407226064324,1.00569497629469,2.38304039680387,0.195358585836007
"9832","SMPD2",0.374349554942631,0,0,0.190618564479143,0.00625520729734977
"9833","SMPD4",1.6010889725045,0.00231716556713991,0,1.31815748356666,0.78076527500138
"9834","SMPDL3A",0,0,0,4.37587400392183,0
"9835","SMS",0.243183662605959,0.53370982953226,0.47571033124236,0.961311906477735,0.494169850440598
"9836","SMU1",5.06898919427545,1.41773618106203,0,0.698325182040104,1.64399247578724
"9837","SMUG1",0,0.754782453917906,0,0.0959588504824602,1.3951415379682
"9838","SMURF1",0,0,0,2.28572721473502,3.53774978432982
"9839","SMURF2",0,0.0855792610500693,0,0.588889041494518,3.68069954802431
"9840","SMYD2",1.16490177557577,2.20103892482749,0,1.54546824946791,2.74547217278494
"9841","SMYD3",0,0.0482598405176053,0,0,0.00470511939281422
"9842","SMYD4",0,1.60567004541547,0,0.401598281150854,0.22996773357427
"9843","SMYD5",0,0,0,0,0.038926422543241
"9844","SNAI1",0,0,0,0.935243179921347,0
"9845","SNAI3",0,4.65447768840759,0,0.116336781422274,1.26077860782534
"9846","SNAI3-AS1",0,0,0,0,0.0433728876678488
"9847","SNAP23",11.4848366920093,0.228756217322842,4.23903267167817,0.200133013522548,1.6546328566224
"9848","SNAP29",0.891285622281427,1.97289777501854,1.41802578808179,1.85201291461236,0.389243978476255
"9849","SNAP47",0.0837188378350558,1.21408400082054,0,0.0192791201988759,0.0638521468270731
"9850","SNAPC1",0.0434847068780916,0,0,0.822652375039442,0.0868516028838665
"9851","SNAPC2",0,1.14770613947777,0,0.259225748885025,0.0702925519024622
"9852","SNAPC3",0.332715095194408,0.001726775497227,0,1.31487928599504,0.50308534628246
"9853","SNAPC4",0,0,0,0.771248582024652,0.00525466271420516
"9854","SNAPC5",1.52178842225249,0.165992338217585,0,0.687820227640605,0.486571912773171
"9855","SNAPIN",1.91191255204084,0.26746201906592,0,0.529697301104538,0.613850160786532
"9856","SNCA",0,0,1.07351531454116,1.36201874697613,1.76379620749586
"9857","SND1",0.781868800945228,0.506114993442235,0,0.27272078765218,3.02148507006574
"9858","SND1-IT1",0,0,0,0.213617518712913,0.453287414568229
"9859","SNED1",0,0,0,0,4.36967315261236
"9860","SNF8",0.0912094409678417,0.0620541766719692,0,0.0280988941994768,0.160407879499789
"9861","SNHG10",0,8.83279988172463,0,0.285380476352045,2.02110467290966
"9862","SNHG12",0.0458879002777302,0.21653091195087,0,0.99918916081896,0.805114803948514
"9863","SNHG15",1.3902457012998,0.705192134659993,0,2.2741870636311,0.0314524641349644
"9864","SNHG19",0.541558674578731,0,0,0,0.131890588988567
"9865","SNHG21",0.167593870601625,2.25025805534066,0,0.751782175262343,0.276672123893842
"9866","SNHG22",0,0,0,0,0.394419090186657
"9867","SNHG23",0,0,0,0,0.504493444046227
"9868","SNHG25",0.110114629030676,0,0,0,0.00248611554186558
"9869","SNHG7",0.593496049746523,1.97938626195113,2.50980161809723,1.13916776268712,0.00858062161755002
"9870","SNHG8",0.00039279944598286,0.00377299194241162,0,1.81828204931808,4.96823710261952
"9871","SNHG9",2.21432898606899,0.27777799820527,0,0.713428873962698,0.262577033347222
"9872","SNIP1",0.711282637572674,0.446336715433654,0,0.255135688436243,1.72318480570167
"9873","SNN",0.346668121888411,0,0.151889644120271,2.41331461199038,0.169352655748317
"9874","SNPH",0,0,0,0,0.312553263079523
"9875","SNRK",0.408933516747672,8.16862914769089,0,5.10743518241973,2.78873425345227
"9876","SNRNP200",0.00741140467247934,1.08479069768248,0,0.000410475769332583,2.47103396533534
"9877","SNRNP25",0.710956692570328,0.00593308922444978,0,1.52880626071926,13.3096149319114
"9878","SNRNP27",0.159060047703098,6.29393361837902,0,1.46859025074731,1.61018681959257
"9879","SNRNP35",1.17393108799536e-05,0.337427420081761,0,0.75546140736339,0.0204408812678645
"9880","SNRNP40",0.0882102316187106,0.190146453849926,0,1.55747470016893,0.564387099133484
"9881","SNRNP48",0,2.1580413514019,0,0.0233868741666749,1.001744266602
"9882","SNRNP70",0.394599553582627,1.09594009749613,0,4.39844719348942,0.0226210577704554
"9883","SNRPA",0.10202542424098,0.68859479200855,0,1.30802054190752,2.2287121641414
"9884","SNRPA1",0.123092359236106,6.48933874938504,0,0.911814582071761,4.51321192666109
"9885","SNRPB",0.389279178584955,0.210074746411187,0,0.000120958946156672,0.0179532634863953
"9886","SNRPB2",0.323921450274109,0.00609063817438902,0,0.210689698327989,0.0234833041516243
"9887","SNRPC",0.860581216853963,0.0418346439758054,0,0.221270458754363,0.14962993135159
"9888","SNRPD1",0.0467715979732907,0.0246122667520124,0,0.352827481636956,0.00293678679003664
"9889","SNRPD2",1.54384023109213,0.937794210130232,0,0.442301752556179,0.0016171013531647
"9890","SNRPD3",0.131130782227133,0.0134886688111917,0,0.641956249791004,3.84671974128821
"9891","SNRPE",0.0389075166119291,0.0271396968869519,0,0.165342586964477,0.850781538828602
"9892","SNRPF",1.35023635843607,0.171865516649463,0,0.292986739912611,0.47192557610057
"9893","SNRPG",0.0102735864220636,0.0562134691918385,0.337100949866159,0.110756579093706,0.689173098090855
"9894","SNRPN",0.434964393034424,0.102341393560213,2.95563488965012,0.318078745091788,0.171560335727231
"9895","SNTA1",0,0,0,0,6.61047614395479
"9896","SNTB1",0,0.227383162315399,0,3.56190849736973,1.45435705624031
"9897","SNTB2",0,0.218839273643072,0,8.09537598012848,1.02350732933584
"9898","SNU13",0.8657663351437,0.131902280517743,8.52242612941657,0.0627887342868571,2.20620851350325
"9899","SNUPN",0,0,0,2.07941748736045,2.67314682474732
"9900","SNURF",0,0,0,0,3.40002184958593
"9901","SNW1",0.542293931161503,0.0395246309233389,0,0.00779718858466401,1.61998715357636
"9902","SNX1",2.21190958033315,0.407147847532164,0,7.65701350622204,0.36183265386645
"9903","SNX10",0.00547847889856457,0.168526797527244,0,0.588693291764438,1.49264071499195
"9904","SNX11",0,1.09064257652539,0,0.694707431258589,1.29681775080366
"9905","SNX12",0.537271491923172,0.0935909791969879,0,0.171779211312504,0.0458116662158708
"9906","SNX13",0.522072900765876,1.40229305671076,0,0.0454305909417021,0.441273167907842
"9907","SNX14",2.44984428182269,0.63292820562524,0,0.552875419708301,0.607859849617072
"9908","SNX15",0,0,0,0,1.89277463563634
"9909","SNX16",0,0,0,0.0282877524805476,0.0280553466270285
"9910","SNX17",2.01485765773992,5.13869612888696e-05,0,0.119967402061207,0.668750219769715
"9911","SNX18",0,0.313900604333319,0,6.25490686108799,0.00149124804854731
"9912","SNX19",2.31268015537366,0.00754986047902309,0,0.318430174202627,0.468918819508143
"9913","SNX2",8.70628710955685,0.58663007728145,0.0694387292167421,0.669773786007511,2.58674124748844
"9914","SNX20",2.46260005838713,0.0164092842395688,0,5.71557808135031,0.615822604705986
"9915","SNX21",0,0,0,0.168409689878928,0
"9916","SNX22",1.05478242312793,0,0,0,0
"9917","SNX24",0,0,0,2.09205950665224,0
"9918","SNX25",0,0,0,0,1.12774929167993
"9919","SNX27",0,0.404492046778653,0,1.76766668007718,0.556459316452621
"9920","SNX29",3.00694641850649,0.0937283547973137,0,0.0601487221073117,0.443175564077793
"9921","SNX3",0.0403728320829405,1.86894840890352,0.266845848805524,6.69530272131863e-05,0.898851435920652
"9922","SNX30",0,0,0,1.0588738657355,0.0166312300602036
"9923","SNX4",0.327014620556688,1.31983381344075,0,0.844815340708246,0.503415814351865
"9924","SNX5",0.784319760048218,0.835620558119035,0,9.77636545900229,6.20087616860244
"9925","SNX6",0.569934228375418,1.99201888932592,1.60670910768227,1.15873296581675,1.19375192049956
"9926","SNX8",2.59852224858159,0,0,1.47948549341683,0.0428477062901433
"9927","SNX9",0.970232591494221,0.476488047998456,0,1.37131797179855,3.6290984847108
"9928","SOAT1",0,3.96718784489446,0,0.16775754353922,0.666349150266876
"9929","SOCS1",0.266453592146092,11.9363193842065,0,14.5857329163253,2.6949263132151
"9930","SOCS2",0,0.206611385270517,0,0,7.80880893075356
"9931","SOCS3",0.873257315823955,0.739599429029569,3.00769060969034,0.679436999499302,0.58846649768942
"9932","SOCS4",0.421838069809478,1.68147549423993,0,0.0795280569060647,3.02610073881295
"9933","SOCS5",0.0179280028014543,0,0,0.000330455974384791,0.116505244396976
"9934","SOCS6",0,0,0,0.000135738166688673,0
"9935","SOCS7",0,0,0,2.54092545046302,0.00172049349893796
"9936","SOD1",0.175302185288921,2.04720068975043,0.667343298649488,3.16233398506145,0.00339837474284616
"9937","SOD2",0.127097483038497,1.97104192706112,5.41851902292282,1.43461730865543,2.26488909950333
"9938","SOGA1",0,0,0,0.0990852450316238,0
"9939","SON",1.32195002522583,0.0834599538023755,0,0.526887496475849,0.0713821666306365
"9940","SORBS3",0,0,0,6.59980438421677,0.931954501242895
"9941","SORCS3",0,0,0,0,0.222475762560174
"9942","SORD",0,0,0,1.95482258727881,1.41923831016983
"9943","SORL1",0,1.64857123001637,0,1.38774269835448,1.08067868778355
"9944","SORT1",0,0,0,0.242479424070977,0
"9945","SOS1",0,0.762945399082821,0,1.70588720139012,0.56939541791615
"9946","SOS2",0.760454716961897,0.386841387932804,0,0.0219716975027438,3.53795166839527
"9947","SOWAHC",0,0,0,0.633133110320472,0
"9948","SOWAHD",0,0,0,3.00107112578059,0
"9949","SOX12",0,0,0,0,0.0265384647846564
"9950","SOX13",0,0,0,0,3.41210892753442
"9951","SOX15",0,0,0,2.22230382846023,0
"9952","SOX4",3.16546748030302,7.4061712038181,0,3.28272941611052,6.78069753931845
"9953","SP1",0,0,0,0.0122072639693342,0.125204035479495
"9954","SP100",0.415497856547019,5.56167592327147,0,2.3081285455365,0.158384069636247
"9955","SP110",0.49481216753664,2.63740187262606,0,0.801847246928382,2.22857581387913
"9956","SP140",1.5077860988073,1.30609988629127,0,0.38413685107778,3.98276571622377
"9957","SP140L",0.406731544583728,0.0477054001873789,0,0.331659134308132,0.0170793995540841
"9958","SP2",0.0964919214811505,2.63604185221729,0,1.09865642711561,0.436892908768039
"9959","SP3",0.741773856966756,3.15731436919608,0,12.591541446514,8.30357411088813
"9960","SP4",0,0.063138088367535,0,3.58981881375279,0.251498348787603
"9961","SPAG1",0,0,0,0,0.721840853650851
"9962","SPAG16",0,0,0,0,0.357503441659368
"9963","SPAG7",0.0868730936959639,0.717311046071118,0,0.180272250708122,0.252700489591459
"9964","SPAG9",0.548262308442042,2.20932572410033,0,0.000309985579355053,3.44003928637148
"9965","SPARC",0,0,1.47225728627237,1.24088318806388,0.398676254029534
"9966","SPAST",0,1.77187273562545,0,0.00949125522861675,0.505677183096883
"9967","SPATA13",0,2.00714337391371,0,0.17504388086717,0.173559924672517
"9968","SPATA2",0,0,0,0.410963066123451,6.15056948304197
"9969","SPATA20",0.514134281679174,4.76450832822869,0,1.90183068346916,0.956557448639681
"9970","SPATA24",0,0,0,0,0.066602336590199
"9971","SPATA2L",0.0642263037766108,1.28775684467984,0,0.431071676504698,0.586246282679873
"9972","SPATA33",0,2.07590057354454,0,0.609822587707044,0.104597877744074
"9973","SPATA5",0,0,0,0,1.9666405718034
"9974","SPATA5L1",0,0,0,1.47375088436212,1.89123962020666
"9975","SPATA6",0,0,0,0.148883110619157,0.00246533440499992
"9976","SPATA6L",0,0,0,0,7.27645518970335
"9977","SPATA7",0,0,0,0,3.17648796118138
"9978","SPATC1L",0,0.00022540194470436,0,2.309817092465,4.51542218834295
"9979","SPATS2",0,0.0118628083303587,0,0.343225286126458,0.00308181575104285
"9980","SPATS2L",0,0,0,7.83614828403674,0.123108581536088
"9981","SPCS1",0.0081537089359578,0.313972885258281,0.00104514992795513,0.899567080542853,0.683931777019693
"9982","SPCS2",3.5700510947206,0.322432053901679,0.0025923419989407,0.256125979825827,0.0486933634511763
"9983","SPCS3",0.00716116573645928,1.21828851787605,0.623859956903041,0.655804694491336,0.101343452643488
"9984","SPDL1",0,0,0,0,8.18394785115502
"9985","SPECC1",0,0.24125235056188,0,0.021374264060976,0.746807968234091
"9986","SPECC1L",0,0,0,0.00250246314947936,0.743195750805565
"9987","SPEF2",0,0,0,0,0.0103298469095971
"9988","SPEG",0,0,0,0,5.72441033939738
"9989","SPEN",0.0586949473762776,0.0530157439268382,0,0.648844492396571,1.76857163964081
"9990","SPG11",1.15529225225664,0.583964614541359,0,0.0595565088367709,0.668582666688255
"9991","SPG20",0,2.61075211271788,0,0.431766615740624,1.55581761827037
"9992","SPG21",4.43416280516143,1.07916065503441,0,0.000401712853807548,0.0137331886138643
"9993","SPG7",0.485644128090629,0.423282139839785,0,0.323591947815313,0.542899188812248
"9994","SPHK1",0,0,0,0.455001487637049,0.644845283330258
"9995","SPHK2",0,0.0261508280743915,0,1.03874971184107,0.865182575521602
"9996","SPI1",0.354365078194975,0,8.9839869295219,4.31986202960736,0.0357888750258759
"9997","SPIB",0.0125657690064232,0,0,0,0
"9998","SPICE1",0,0,0,0,0.0375368726861307
"9999","SPIDR",0.340041327558872,1.61814366600541,0,2.68555205273452,0.305364399517762
"10000","SPIN1",0,3.0754228784913,0,5.84355351726261,0.1538304491232
"10001","SPIN2B",0,0.610396896793486,0,0.109690791873004,0.605187241982327
"10002","SPIN3",0,0,0,0,0.00265391311569435
"10003","SPIN4",0,0,0,0.224134547603492,0
"10004","SPINK2",0,0,0,0,2.26657374683887
"10005","SPINT1",0,0,0,10.6435294872299,0.122343715961653
"10006","SPINT2",1.0684837396094,0,0.262736644233037,6.45673849109872,1.46528240356556
"10007","SPIRE1",0,0,0,1.97408808923137,0
"10008","SPN",0,0.0245521348033036,0,2.3319803829087,0.260815397382018
"10009","SPNS1",2.42226622769402,2.48540660678815,1.8634060568653,1.19916978274545,1.69934514838823
"10010","SPNS3",0,2.73066031916272,0,1.89490136983258,5.2005246277596
"10011","SPOCD1",0,0,0.0666919255851127,0,0.692030140427341
"10012","SPOCK2",0.104052007608867,1.69198263108795,0,0,5.57505489505588
"10013","SPON1",0,0,0,0,0.594316891891345
"10014","SPON2",0,0.630318925877073,0,0.209313522362264,0.175745945272271
"10015","SPOP",0.539653199971321,0.293940503787286,0,2.14818137345303,0.467503408661478
"10016","SPOPL",0.433330543734165,11.9946614174467,0,3.24362062844243,0.917316640423753
"10017","SPPL2A",0.482970963836757,2.61432484567999,0,0.00825565970431622,0.0170407287441466
"10018","SPPL2B",0.980998908384197,0,0,1.1221822121701,0.197181488553831
"10019","SPPL3",4.08548784090552,1.5493126554897,0,1.05266811601737,2.25767130694848
"10020","SPRED1",0,0,0,0.400967668150572,0
"10021","SPRTN",0.335039652737873,0.0409043214302522,0,1.69409501102236,2.60551758652651
"10022","SPRY1",0,0,0,0,0.125138623893264
"10023","SPRYD3",0,0.400589897177236,0,0.00270470442159947,0.0161014133489872
"10024","SPRYD4",0,0,0,0.338137961044925,0.0600948223420884
"10025","SPRYD7",0,5.41434304772815,0,2.31178668743463,1.34675744213974
"10026","SPSB1",0,0,0,0,4.41810690593319
"10027","SPSB2",0,0,0,0.228592912900716,0.00272488207238746
"10028","SPSB3",0.551508835959545,4.67375445320523,0,0.115022941871935,3.0390590530415
"10029","SPTAN1",4.18811698102424,1.09872618052007,0,0.917992736733174,1.69448907823477
"10030","SPTBN1",1.85100730054235,0.411037099196114,0,9.15837190767814,0.00873533048948541
"10031","SPTLC1",0,0.240709745917628,0,5.32671673201982e-05,0.0460242864760717
"10032","SPTLC2",3.9703384127177,1.38794760343069,0,5.29768581627847,1.0430036094116
"10033","SPTSSA",2.74007438674921,0.349901032591173,1.66101625205366,0.0861828010101685,0.162786621885728
"10034","SPTSSB",0,5.21124704566603,0,0,0
"10035","SPTY2D1",0.524872856051137,8.08831905139781,0,0.0273331469399894,12.0757233734269
"10036","SPX",0,0,0.302850851890801,0,0
"10037","SQLE",0.104878465168339,0,0,3.30700028998805,0.00989413548760232
"10038","SQRDL",0.711345927576959,0.156800672363133,0,2.26688519026519,0.14262293404279
"10039","SQSTM1",0.0197708487160219,0.74978908200239,6.03942944834105,0.504202858562198,4.16698266759107
"10040","SRA1",4.60663483546549,1.94861843943795,0,2.51560248577126,0.229498897016713
"10041","SRBD1",0,11.5667688498688,0,1.42462969908923,0.538033315379103
"10042","SRC",0,0,0,9.50249444762026,0
"10043","SRCAP",0,0,0,0.0217465799384135,0.00520217442712502
"10044","SRD5A1",0,0,0,0.12742726514496,1.6605055574163
"10045","SRD5A3",0,0,0,0.970846047983896,0.392587760653194
"10046","SREBF1",0,0,0,2.13131059819917,1.43962598967891
"10047","SREBF2",0.389596165589824,3.01116164394272,0,0.220003322316098,5.11116736782931
"10048","SREK1",3.09932976937481,0.140614630638058,0,0.760195550072967,0.453383141406211
"10049","SREK1IP1",0.986728095680312,1.09158371094613,0,0.200011908309272,0.154234238951162
"10050","SRF",0,0,0,0.159858403528298,1.1309264764155
"10051","SRFBP1",1.52007867524261,0.854546264854081,0,0.340113054459233,0.831532582847804
"10052","SRGAP1",0,0,0,5.56842164745879,0.0154799342261895
"10053","SRGAP2",0,0,0,4.14011965700785,0.839071147309959
"10054","SRGAP2B",0,0,0,0.606933028018948,0.0810515523084129
"10055","SRGAP2C",0,0,0,0.42741184308089,0.0640321827784537
"10056","SRGAP3",0,0,0,0,3.59948185314908
"10057","SRGN",0.0657070901967292,0.148625671515877,3.53274507469847,0.0430950697445626,0.364508908147752
"10058","SRI",1.11149998942841,0.233693101204387,0,0.0653388140064794,0.212319671338126
"10059","SRM",2.05548177743725,1.91556264639102,0,0.00427104930146085,1.59173460121969
"10060","SRP14",0.127737404866599,0.219197351702851,1.09354428083019,0.0561422241338154,0.195610093372362
"10061","SRP14-AS1",0,0,0,1.69513784326421,10.5172193163508
"10062","SRP19",0.0187283968479099,0.00240211118082787,0,0.0713169681478682,0.083556275838029
"10063","SRP54",0.848285849820837,2.99281847793423,0,0.289432284889729,1.32599955620993
"10064","SRP68",0.612358334191244,1.68967889989543,0,0.0137164271598315,3.57296412740534
"10065","SRP72",0.0451242876964342,1.29860240904777e-06,0,2.19693798649312,1.83626595928098
"10066","SRP9",2.76766793363211,2.42915158658136,0.656379401943589,0.0686713052988353,1.2239352503755
"10067","SRPK1",0.88647365610776,2.91739149869805,0,0.646185021411763,0.141743846359076
"10068","SRPK2",0.540103671167148,0.354697366433258,0,0.232650501149723,0.286418307558425
"10069","SRPRA",0.15535101800083,4.98530847208892,0,0.278490310342638,1.68045845354027
"10070","SRPRB",0,0.625556502622207,0,1.1907660034461,0.0319929470266728
"10071","SRR",0,0,0,0,0.00867559706754525
"10072","SRRD",0,0,0,2.24295168894039,0.374815401105914
"10073","SRRM1",2.95964609941075,0.000114089962586854,0,0.0523098493046489,1.20570641970654
"10074","SRRM2",1.25685899257101,0.0441901255091074,0,0.221515285822974,1.34908668701875
"10075","SRRT",4.65663378975201e-05,0.22282933550405,0,0.154478839496519,0.362158401306633
"10076","SRSF1",0.119824276086989,0.00238496736750975,0,1.89837444943599,0.0685663247131956
"10077","SRSF10",0.0494144257906651,3.41054791582193,0,0.070444653994309,3.25061144241726
"10078","SRSF11",0.304748677966965,1.2654477897951,1.33761875017917,0.0342623607946939,0.775401329329106
"10079","SRSF2",0.34104259503952,0.100972141760829,0.671853371766794,0.0461014553071324,0.160358794033813
"10080","SRSF3",0.108343568631256,0.0781982956593577,1.58480140553349,0.446738824878773,0.215344661230446
"10081","SRSF4",0.000835513732058332,2.05947460485577,0,0.916318915262479,1.4259372969466
"10082","SRSF5",3.31856967433894,0.744584623083831,0,0.133295076901802,0.840382935085919
"10083","SRSF6",0.0359962163592452,0.120208499447291,3.74024168266954,0.171635032635604,0.29880713378788
"10084","SRSF7",3.20443791170732,0.00369359979823878,0,0.281133937679852,0.711868660893785
"10085","SRSF8",0.0676931837015636,0.323807031233636,0.00553397657677493,4.61964360252336,0.0394450460499246
"10086","SRSF9",0.0591685622865612,0.636700989917754,1.37773902760986,0.0470085845389737,0.0437027016992595
"10087","SS18",0.0392282957521358,0.687301961104084,0,0.0157206464148615,0.228702758793865
"10088","SS18L1",0,0,0,0.271960816209293,0.027941874053077
"10089","SS18L2",2.13585225922143,0.84890714173543,0,1.02440143955618,0.270311853196235
"10090","SSB",0.147511726283734,6.33628925456892,0,6.34804158442123,2.0847432413314
"10091","SSBP1",1.50343857877334,4.91708601837543,0,0.766631210776772,0.728706733780581
"10092","SSBP2",3.61764002076142,0,0,0.84952174973325,0.018181557658519
"10093","SSBP3",0,0.0790196765581012,0,0.00635482684269919,0.0318600815887465
"10094","SSBP4",0.00226645241909494,0.00739642932133198,0,3.80783143777644,0.0296549437002428
"10095","SSFA2",0,1.67979303713929,0,0.92893120059471,0.653177079250117
"10096","SSH1",0,2.49501894178473,0,0.0115345068722345,2.00438388976525
"10097","SSH2",0.130544762866037,0.838777015802217,0,0.0425457404374641,0.07068792470224
"10098","SSH3",0,0,0,0.450102306681286,1.28314955891565
"10099","SSNA1",0.00627505662383367,0.0922545104981463,0,3.1465220875314,1.46235874237695
"10100","SSR1",0.138458394653424,2.34237432296732,0,0.0065892823335204,0.753813175748046
"10101","SSR2",0.0101761581832973,0.0511903618601439,0,4.08725255087988,2.26465797446552
"10102","SSR3",0.983323044048671,2.9874721455366,0,0.863977649448712,1.64746270009713
"10103","SSR4",0.0756206010850523,0.315237840242468,1.95721673714324,0.0518826247393401,0.483583162171803
"10104","SSRP1",0.145302067919913,0.527459151951855,0,3.80059705304939,0.39294253355992
"10105","SSSCA1",0.868849550150706,0.00264285172283068,0,0.466314657081719,0.0432723976607601
"10106","SSTR3",0,0,0,0,4.49901843907447
"10107","SSU72",0.295574193315632,3.46591550075868,1.77968285303465,0.0175625406496403,1.55487391892377
"10108","SSX2IP",0,3.77734538558617,0.0366898863656534,0.0128037767705618,0.120398670042197
"10109","ST13",1.71408483289414,0.652501041877121,0.095769485702076,3.77587558416299,1.27508572004792
"10110","ST14",0,0,0,47.762408084871,0
"10111","ST20",0,0,0,8.08987709535537,4.91736786350406
"10112","ST20-AS1",0,0,0,1.01186035923387,0.0120265317698011
"10113","ST3GAL1",0.0487638967986976,0.249320456476966,0,3.14512860179576,0.126273835811368
"10114","ST3GAL2",0.0686583540475209,0.496989693630756,0,1.34784660642394,0.177480322365478
"10115","ST3GAL3",0,0,0,0,0.343517357619368
"10116","ST3GAL4",0,6.33332834991159,0.396353394626366,0.00602736281622188,1.17217695084183
"10117","ST3GAL4-AS1",0,0,0,0,7.32938055287083
"10118","ST3GAL5",0.173930031343619,2.86935744666632,0,4.54648731112348,0.506156684250764
"10119","ST3GAL6",0,0,0,0.458557841955659,0
"10120","ST6GAL1",1.44184495480728,0.0993888308073309,0,0.000450310560053157,1.5184834913447
"10121","ST6GALNAC1",0,0,0,0,3.76566314970198
"10122","ST6GALNAC2",0,0,0,0.571512138958832,1.34849937381841
"10123","ST6GALNAC4",1.40659624383009,0,0,6.71829401736908,0.259453485900277
"10124","ST6GALNAC6",0,1.2021466432131,0,3.91049359470794,0.993632342122692
"10125","ST7",0,0,0,0,0.00527766497163075
"10126","ST7L",0,0,0,6.64078030651088,0.0365123987073001
"10127","ST8SIA1",0,0,0,0,3.18644726235288
"10128","ST8SIA4",0.279502878382518,0.521245497841281,0,0.0478126917652837,0.0128149174456627
"10129","STAB1",0,0,0,10.0421009772643,0
"10130","STAC3",0,0,0,3.0882096256608,0
"10131","STAG1",3.48207161809913,0.466979481593099,0,1.5253199380626,1.06370349195252
"10132","STAG2",2.55033444258402,0.156325668471393,0,0.141306118390827,0.0586689418516212
"10133","STAG3",11.4085203454151,0,0,0,2.53666180569596
"10134","STAM",0,1.03877216007381,0,0.130216754106258,3.05819676615508
"10135","STAM-AS1",0,0,0,0,3.07954483417977
"10136","STAM2",0,0,0,0.34090865012784,1.08390334779548
"10137","STAMBP",0.0774223096642355,0.868135761642863,0,2.16029887185852,0.697193598961764
"10138","STAMBPL1",0,0.0101697516547251,0,0,4.1767414668738
"10139","STAP1",2.45667865996581,0,0,0,3.41721443022566
"10140","STAP2",0,0,0,0,0.706317706253372
"10141","STARD10",0,0.0280264329120462,0,0.680925814399965,0.396360774345436
"10142","STARD3",0.469531193699397,0.583392726109292,0,2.05887584985816,0.527231977620742
"10143","STARD3NL",0.00501610614313913,0.226118373043505,0.309987343570197,0.557346420237163,0.124488295516657
"10144","STARD4",0,0.870023769802358,0,2.69513483325405e-07,0.224695985880909
"10145","STARD5",0,0,0,0.0865542980228767,1.61330506682483
"10146","STARD7",5.17700149147275,0.708682911857793,0,1.05779492291514,0.0160302631610924
"10147","STARD8",0,0,0,0.126364677386122,0
"10148","STARD9",0,0,0,0,0.00296634953120528
"10149","STAT1",0.185223697895551,13.9580836726025,0,0.949312649175487,1.30580409050194
"10150","STAT2",0.651474758553189,5.37542368610236,0,4.47905138176543,0.842899607244084
"10151","STAT3",2.10809864148614,0.207807158650266,5.24476891984724,3.99282657346844,0.0135986474783316
"10152","STAT4",0,4.86074237698726,0,0,2.24456570425637
"10153","STAT5A",0,0.00627029961885796,0,0.282481834580495,1.44960789849972
"10154","STAT5B",0,0.0341573083945899,0,0.74824687272727,1.56815920482179
"10155","STAT6",2.7704499174734,0.0585878646643284,0,2.05120958067076,3.03353013700794
"10156","STAU1",0.505856753391436,1.94741655401855,0,0.000399995267213968,2.22368062030562
"10157","STAU2",0,0.760544990297809,0,1.57764789394348,0.0122594513467444
"10158","STEAP4",0,0,0,0.3371179546794,0
"10159","STIM1",0.255690464038802,0.350349044751705,0,0.00360746112399927,0.717264907044247
"10160","STIM2",0.204689836630607,0.962152875001207,0,2.06469038583773,0.00298322464616163
"10161","STIP1",0,2.91071417459205e-05,0,1.69271678016177,1.08474047465036
"10162","STK10",0.173760947656286,0.182686647801012,0,1.14304859428026,0.0728702313748256
"10163","STK11",0,0,0,0.00188539933380039,0.0452499436108019
"10164","STK11IP",0,0,0,0.141603901157118,0.0689949853071599
"10165","STK16",0.224283531428701,3.62985049997272,0,4.63444912221625,2.870378935278
"10166","STK17A",3.1479527681942,2.66019696378408,0,1.0889390122492,0.26412791498243
"10167","STK17B",3.56235763803768,0.0368261426617217,0,0.815144454775458,0.0964951587008225
"10168","STK19",0,2.67754137356502,0,4.25585865543787,1.35548554939747
"10169","STK24",0.00103967622854129,0.0751538128334309,0,6.12882217847128,2.55398693230965
"10170","STK25",0.0292394640334228,0.299971549211879,0,4.11477833599792,1.54838080129333
"10171","STK26",3.64224426488716,0.346700252481648,0,0.703329947881265,0.808424195924471
"10172","STK3",0,0,0,2.52304177949642,1.23199911619886
"10173","STK32C",0,0.809950344663018,0,0.444882402922634,0.869740151973336
"10174","STK35",0,0,0,0.0248949559122905,1.07635182794368
"10175","STK38",0.0149468708905001,0.428292548329455,0,1.57796228796304,0.00296118050002268
"10176","STK38L",0,0.679173485458639,0,1.74929339606847,0.0519507921279164
"10177","STK39",0,0.60916639327102,0,1.95721467323147,0.858074054475565
"10178","STK4",0.415186436025383,3.67624288985974,0,0.704974667125504,1.01414234526333
"10179","STK40",0.0300026441913003,0.246766117280027,0,7.28350202328555,0.79320996466678
"10180","STMN1",0.0456595862082702,0.39670119451023,0,0.251637184162372,1.42823377655201
"10181","STMN3",0.308045582378358,0,0,2.6847333395485,0.470569417981423
"10182","STOM",0,0.176262723924358,0.514731564611642,0.286355108588292,0.294776228438341
"10183","STOML1",0,0,0,0,4.21690057792663
"10184","STOML2",1.12060356010571,0.173576362813906,0,0.250170349515211,1.31059148240816
"10185","STON1",0,0,0,0,0.0729177059052628
"10186","STON2",0,0,0.905445169275865,0,0
"10187","STPG1",0,0,0,0,0.284599260231284
"10188","STRA13",0.11105469781555,4.23339486279257,0,0.838683611476674,2.66725376684707
"10189","STRADA",0,0.0582040529765797,0,0.06737340768118,0.00975034189774676
"10190","STRADB",1.51010123118799,3.29464196835177,0,0.121845939166861,7.61013127016328
"10191","STRAP",0.0333651796366235,1.24361441862757,8.16840748671998,2.11122652546514,1.36430815677028
"10192","STRBP",3.56354559239081,0,0,0,0.761538289994417
"10193","STRIP1",0.00703994985648161,0.850736826856084,0,2.58624359644418,0.13833136721316
"10194","STRN",0,1.1731460362422,0,0.463629775241399,1.38388621130892
"10195","STRN3",2.40717291908908,0,0,0.0587076423681572,0.0438328531546204
"10196","STRN4",0,0.0592820815790999,0.000109144640196685,0.0361548671455317,0.127073262667092
"10197","STS",0,0,0,7.02836773076624,0
"10198","STT3A",0,0.356333296515364,0,2.31417391973488,0.287456349580885
"10199","STT3B",0.89918835134627,0.201757132523131,0,0.11700820409579,0.293958969558116
"10200","STUB1",2.33335901718568,0.115816950203602,0.000941692794466491,0.276890079620929,0.00607340642368428
"10201","STX10",0.290933962385609,4.34757694680953,0,0.00759831602001536,1.17094792703577
"10202","STX11",0,0.0170531274245498,0,0.902314781555046,2.10354381132401
"10203","STX12",0.382734717755836,6.43461749501745,0,1.0372319988405,1.30930363022504
"10204","STX16",1.42799045378567,0.000208520927679519,0,0.361789564594869,1.29441701501979
"10205","STX17",0,0.452247717015527,0,0.362212901976454,0.181043458471727
"10206","STX17-AS1",0,0,0,0,0.960494026294315
"10207","STX18",0,0.486943184817896,0,2.05199556460094,1.39176065076142
"10208","STX18-AS1",0,0,0,0,0.306750527396466
"10209","STX1A",0,0,0,0,2.08262592482779
"10210","STX2",0,0,0,1.61775918372173,1.41948968596273
"10211","STX3",0,0,0,0.0980940057910838,3.95504524075543
"10212","STX4",0.20267498492964,0.225188377595707,0,0.179773373805152,0.581726691884086
"10213","STX5",0.183108517892517,1.15073710747804,0,2.52347215285022,8.16432306749128
"10214","STX6",0,1.01505753333832,0,0.183483984133856,0.0289986623157082
"10215","STX7",1.05457316574646,1.64916120447887,0.850442811983687,5.15366843905893,1.07253018247484
"10216","STX8",0.547764440862942,0.00367077368014254,0,2.16020683467257,0.231377346266875
"10217","STXBP1",0,0,0,0,2.43440295060687
"10218","STXBP2",0.419569274826386,0.119877873998032,4.70185592463868,0.00586689092561413,0.0551905670723557
"10219","STXBP3",0.0913707579220605,0.84120348264022,0,0.0106851356613194,0.491067951387309
"10220","STXBP4",0,0,0,0,0.334328478393469
"10221","STXBP5",0,0.162794105949376,0,0.0920416526409496,1.91208992958634
"10222","STYX",0,2.01967403948956,0,0.821934837987575,3.7096498643839
"10223","STYXL1",0,2.02986303922811,0,5.83277036904528,6.51672068890099
"10224","SUB1",0.151457447227249,0.0817260520870588,5.74543414901741,0.0270341640122297,0.00300015898911195
"10225","SUCLA2",1.88086875435642,0.87452224021642,0,2.03418824887872,0.764144710484889
"10226","SUCLG1",4.06202371101097,1.43240266871569,0,0.340530879790546,0.802307593048958
"10227","SUCLG2",0.502035041089517,1.22188364344798,0,0.317580048298596,0.0868555115645148
"10228","SUCLG2-AS1",0,0,0,0,0.982980266407578
"10229","SUCO",0.000951291930803484,0.787245848963342,0,0.0502586994296547,1.39858259175648
"10230","SUDS3",2.17770098012507,3.08698674772578,0,1.04029825058741,0.741417951573448
"10231","SUFU",0,0,0,0.865985536542375,0.0300163559702333
"10232","SUGP1",0,0.61906242002365,0,0.00871045472171493,0.00379353082522031
"10233","SUGP2",0.00120888736805662,2.33433197767587,0,0.0481191175731687,0.0288096679116744
"10234","SUGT1",1.90672950266203,0.349670496381248,0,1.15795579598421,0.239946616746316
"10235","SULF2",0.368516101602514,0,0,0.96277203721321,0.174554428443173
"10236","SULT1A1",0,0,0,5.68045209487412,0.178683248923892
"10237","SULT1A3",0,0,0,4.2039063387197,0.468504623375829
"10238","SULT1B1",0,0,0,6.49876215959108,4.8263686802214
"10239","SUMF1",0,0.776941872378745,0,0.136078805346971,0.200237998681278
"10240","SUMF2",0.0299627441135817,0.0195172790301971,0,0.500786628690087,0.0599672494999092
"10241","SUMO1",0.235788809227862,0.0157223573853546,0.0407567766366934,0.0119472520382614,0.0701277488311432
"10242","SUMO2",2.51033065843193,0.148128781149498,0.183359974386201,2.06882410898762,0.00228735249192218
"10243","SUMO3",0.00442066465791319,3.36670452667728,0.0167627030263231,0.91755327239495,1.67487677065863
"10244","SUMO4",0,0,0,0,0.00897510157050172
"10245","SUN1",0.100539363280241,0.20665350015797,0,0.712706405877157,6.77706313912211
"10246","SUN2",0.391692154646102,0.194366046213075,0,1.18662743213898,1.2755946645219
"10247","SUOX",0,0,0,0.683449364801506,0
"10248","SUPT16H",0.480761878518358,0.318684334922551,0,0.124307771306269,0.0272774382054991
"10249","SUPT20H",0.00574409735115254,0.159660727943643,0,1.62423432420264,0.0580339901535231
"10250","SUPT3H",0,1.21504122871063,0,0.188026713901982,4.05899253668197
"10251","SUPT4H1",0.237256600519858,0.520317506865572,2.15547080746507,3.80708673097182,2.22301935637552
"10252","SUPT5H",0.591789632198904,0.990106179477456,0,0.227021123693357,3.93175222318319
"10253","SUPT6H",7.94578680337628,2.22384654907418,0,3.03433674399906,0.628095432052007
"10254","SUPT7L",0.00477564700761437,2.0032831529518,0,0.00140080442170217,0.0665091536228841
"10255","SUPV3L1",3.2764504516324,4.9189817012206,0,0.000117290442657249,2.88945829954029
"10256","SURF1",0.136274412532859,2.1763492180731,0,1.59787804159192,0.0289569858220295
"10257","SURF2",0.851453234699689,2.63875883902963,0,0.036099469994153,2.74903194670337
"10258","SURF4",0.927361890530344,1.62073164671749,0,0.00406108116835634,4.05688968478275
"10259","SURF6",0,1.11814348139413,0,0.133906546604493,0.00124360296621318
"10260","SUSD1",0,0.36363318104786,0,0.0100617500605393,0.334548938914365
"10261","SUSD3",0.36301058529026,0,0,1.00881708883229,1.6280228078607
"10262","SUSD4",0,0,0,0,0.69330692336393
"10263","SUSD6",0.328265521723247,0.0983146059843227,0,0.36174823745255,2.62940733689156
"10264","SUV39H1",0,0,0,6.97027404882214,4.01911522917189
"10265","SUV39H2",0,0,0,0,0.432683982233638
"10266","SUZ12",0.0209739821379704,0.116634085414452,0,1.51972616969589,0.971894903229207
"10267","SV2A",0,0,0,0,2.17896214763255
"10268","SVBP",0.461405601287223,3.61367167406047,0,0.649019457182459,0.89971221458315
"10269","SVIL",0,0,0,0.57848278814123,0.104639920738445
"10270","SVIP",0.120813751858155,0.465141335229939,7.00722654643226,0.5546688106175,1.20359365798786
"10271","SWAP70",0.26039008901133,0,0,16.8619935713524,0.758126999589784
"10272","SWI5",0,6.10867844603869,0.0756820449238633,0.0606116205304125,5.50730554728309
"10273","SWSAP1",0.0670802266230568,0,0,0.37576625168853,0.280319803299049
"10274","SWT1",0,0,0,0,1.48657307131137
"10275","SYAP1",0.113951411693582,3.37729878578418,0,0.529696144966906,1.34518184112522
"10276","SYCE1",0,0,0,0,0.251942365205687
"10277","SYCE1L",0,0.451833678363645,0,3.32285863547406,4.23972691266411
"10278","SYCP2",0,0,0,0,0.185608951074627
"10279","SYDE2",0,0,0,0,0.601432975484823
"10280","SYF2",0.461484008455001,1.8460479515416,0,2.58916629275408,2.43984976723207
"10281","SYK",0.117727427266764,0.000782365505458508,0,1.19062073716957,0
"10282","SYMPK",0.0522639634091272,0.471321162032952,0,0.0106170171689022,0.00417128025796367
"10283","SYN1",0,0,0,2.50195792021574,0
"10284","SYNC",0.059584708425782,0,0,0,0.0423226736002208
"10285","SYNCRIP",0.142810868664938,0.00359634646844865,0,0.144437337115453,2.95833691104888
"10286","SYNE1",2.25144548499203,0.130614283074854,0,2.63834226667063,1.41314002060786
"10287","SYNE2",6.96750142365489,0.486294014269982,0,0,0.0283080384899254
"10288","SYNE3",0,0,0,0.601065442804232,0.0944022757021626
"10289","SYNGAP1",0,0,0,0,3.51739258841446
"10290","SYNGR1",0,1.09656792953792,0,1.08789344662721,0.459320012694255
"10291","SYNGR2",3.39261778719711,0.224914188036263,0,2.918420254625,0.104715862866648
"10292","SYNJ1",0,0.00545191953634164,0,1.45757130541963,0.151497244732164
"10293","SYNJ2",0,0.137463514730066,0,2.73222711885736,1.08301184389743
"10294","SYNJ2BP",0.0188998539177486,0,0,0.349124053077892,0.000192233163111169
"10295","SYNM",0,0,0,0,0.518363201880499
"10296","SYNPO2",0,0,0,0,0.267831657983618
"10297","SYNRG",0.105738872848953,0.0147005052185141,0,0.000958839432347636,3.00568192881085
"10298","SYPL1",3.79076053515951,0.0846007217708953,0,1.87188558779967,0.711386688492618
"10299","SYS1",0.341975037591177,0.534093736520912,0,0.228296658597277,0.0260075732184902
"10300","SYT11",0,3.2205155475532,0,0.47264011403558,0.621851742398836
"10301","SYT15",0,0,0,0,0.415003379401265
"10302","SYTL1",2.02782433719694,1.62608976121052,0,5.95220259650585,2.54634044228074
"10303","SYTL2",0,1.44085218243276,0,0,6.39770636312242
"10304","SYTL3",0,6.50481640100093,0,0.0991902540246205,3.55238520155825
"10305","SYVN1",1.86762283719045,13.8136749145747,0,1.05754314896058,2.99536571570735
"10306","SZRD1",0.575725477755514,0.903504817024399,0,0.0376450765379961,0.0147516914433604
"10307","SZT2",0,1.53434660089364,0,0.00725279424887666,0.0423714972305875
"10308","TAB1",0,1.65793537703926,0,1.51405737961648,0.971794686371435
"10309","TAB2",0,0.0733011464902756,0,1.24920809046138,3.70174816716407e-05
"10310","TAB3",0,0,0,0.225048205009586,2.40816928046403
"10311","TACC1",0.982572232149661,1.16574690274971,0,0.481372487626289,0.631336683465196
"10312","TACC3",0.556301410803701,0,0.614334533582623,4.15207619240395,0.162480607140386
"10313","TACO1",2.74441992979738,0.0176524406134437,0,1.04189420252388,6.2813454766863
"10314","TADA1",0,0.500719996985955,0,0.215374265918897,5.30938143451477
"10315","TADA2A",0,0,0,0.634963607473702,3.91487189949252
"10316","TADA2B",0,0,0,0.734282153206481,0.609300943056748
"10317","TADA3",0.0671568203261382,0.404350367967791,0.0113172754250503,2.90516599958776,0.203923624331055
"10318","TAF1",0.139493185101171,1.29257983738415,0,0.0194059654119341,0.130845938869742
"10319","TAF10",0.322596742901774,0.975623796195676,0,4.27440757056387,4.13458660016221
"10320","TAF11",0.408382671622235,2.88919381903799,0,2.64256191769156,1.70210329464634
"10321","TAF12",0.189711489858908,0.000617766500464051,0,0.320623585466538,8.12121492462797
"10322","TAF13",0.105521319563266,0,0,1.16928537836299,0.00200580090184939
"10323","TAF15",0.549422787711814,0.0269788940454669,0,0.189304733091622,0.0722879630847676
"10324","TAF1A",0,0,0,0,2.08049160911635
"10325","TAF1A-AS1",0,0,0,0,0.0242334220048895
"10326","TAF1B",0,0.0092538238265244,0,0.469004201020377,0.065553905382905
"10327","TAF1C",0,0,0,4.15235139047011,0.0198033518946389
"10328","TAF1D",1.53985314981236,3.37850426707267,0,3.49918720434224,2.22203200540007
"10329","TAF2",0,0.102194132924977,0,0.411518001449523,0.014745718151245
"10330","TAF3",0.386389656035841,0.0479137400885403,0,0.164248095828918,3.55900103704884
"10331","TAF4",0,0,0,0.595346482130922,0.655712907037212
"10332","TAF4B",0.00135748576119372,0,0,0,8.77029270543074
"10333","TAF5",0,0,0,0.868823060655101,0.0612398066340783
"10334","TAF5L",0,0,0,0.256371907809344,0.0336591155297735
"10335","TAF6",0.0127465305145937,1.84435980020842,0,0.263573617998125,0.180072421504168
"10336","TAF6L",0,0.0663783469806641,0,3.38422011452529,1.80199293215319
"10337","TAF7",0.208404401979258,0.280691479597603,0,0.00120633747261383,0.0529310948945187
"10338","TAF8",0.172850687109777,2.13812744777229,0,0.0491263460951855,0.738661666547945
"10339","TAF9",0.00735573089995512,0.0141973399137892,0,1.04055996444577,0.159260327043085
"10340","TAF9B",0,0,0,0.0377180389334337,0.0459543350528451
"10341","TAGAP",13.2304198136121,0.0446098736167515,0,0.228980719317105,0.853997906605614
"10342","TAGLN",0,0,0,0.0614725399420645,0.130653248210045
"10343","TAGLN2",2.66607324920885,0.349773482564596,1.11470146385619,1.37058670102652,4.17145479316304
"10344","TAL1",0,0,1.30288621554349,0,0
"10345","TALDO1",0.017755645190924,4.0010994766201,1.80632679377382,9.37131432050905,1.20213443607262
"10346","TAMM41",0,0,0,0.00919426144386529,0.998842589499042
"10347","TANC2",0,0,0,3.38385733472119e-05,3.38028816674505
"10348","TANGO2",0,1.06464033270828,0.292076440487502,1.86002463397136,0.836015581766791
"10349","TANGO6",0,0,0,0.704573464841141,0.246533951155478
"10350","TANK",0.660608363504952,0.233965221624268,0,3.35805377652959,0.929433799548355
"10351","TAOK1",0.26906666075136,0.0668914933544705,0,0.430314406101866,0.0300324974008461
"10352","TAOK2",0,0.478942015117148,0,1.420846024402,0.0858973358696762
"10353","TAOK3",0.239660812368733,0.239620978673576,0.30731020291141,4.59935600598409,0.91749290358097
"10354","TAP1",3.77112145815858,0.592952826964444,0,0.00304032595845121,0.0325456132042047
"10355","TAP2",1.44261960585602,0.000147914215183377,0,1.93381757498701,0.216424131717408
"10356","TAPBP",0.261468067364554,0.371508885319046,0,0.600027345681419,0.0044306284797565
"10357","TAPBPL",0.118726354765647,0.149723410153921,0,0.249608935832084,0.0495676969943027
"10358","TAPT1",1.31394194771157,0,0,0.242802036131258,0.0211042762135458
"10359","TAPT1-AS1",0,0,0,0,1.26923628936675
"10360","TARBP1",0,0,0,0.689241754974725,0.980441903000863
"10361","TARBP2",0,2.32013544707933,0,1.75343959638807,1.90788482975004
"10362","TARDBP",0.688147219040038,0.0232592023930851,0,0.950566091734762,0.0371710009462101
"10363","TARS",0,1.37838873301607,0,0.0591736606397952,0.193505161425073
"10364","TARS2",0,0,0,0.51349412145362,0.316721860199584
"10365","TARSL2",0.288183275717399,7.1422089924381,0,0.396034027236909,0.134422601525493
"10366","TAS2R4",0,0,0,0,0.0519900645679823
"10367","TASP1",7.90599238052326,0.221929822555184,0,0.0583957956023159,0.0396158556628145
"10368","TATDN1",1.03157522008084,3.74995400204542,0,0.217795490873488,2.24034043970934
"10369","TATDN2",0,0.00243987867273953,0,1.42394213423285,0.437050181280467
"10370","TATDN3",1.13129763242615,2.36043782860427,0,1.67891683309665,0.0919048948974793
"10371","TAX1BP1",0.677134361918017,5.40248863850142e-08,1.05242452938977,0.904552454127866,0.916002127869966
"10372","TAX1BP3",0.472115135115376,0.18077759511831,3.88927887993762,0.257298882863487,0.0636128865390455
"10373","TAZ",0.720930582875516,0.0890125755982282,0,0.0960720621212447,0.541142776797919
"10374","TBC1D1",1.20061466692241,0.261488114182944,0,1.98060004929005,0.894595985974566
"10375","TBC1D10A",0,0.270295602440697,0,12.6032777371322,0.699886261331114
"10376","TBC1D10B",0,0,0,0.145147616734066,1.1636539933124
"10377","TBC1D10C",0.00826099645421772,0.552742330655257,0,0.828832652149043,0.838947624445399
"10378","TBC1D12",0,0,0,0.522177852144708,0
"10379","TBC1D13",0,0,0,0.897778316148442,0.103977116864552
"10380","TBC1D14",2.11988441533908,0.049289758684869,0,1.22950663677361,0.705468985371176
"10381","TBC1D15",0.310681147026,1.6425839393865,0,0.0864058655950953,0.781951127954849
"10382","TBC1D16",0,0,0,0,0.61249875801055
"10383","TBC1D17",0.0225966228465157,0.744907944382905,0,0.183127080893511,0.0233664452493808
"10384","TBC1D19",0,0,0,0,1.51413555855477
"10385","TBC1D2",0,0,0,14.7062668567805,1.63565776565922e-05
"10386","TBC1D20",1.34915719333722,0.327850558245646,0,0.866540143909394,0.338020503229814
"10387","TBC1D22A",0.69144068382433,1.18974107819508,0,1.06909862503252,2.6328936265586
"10388","TBC1D22B",0,0,0,0.251984706269527,0.535016086078124
"10389","TBC1D23",1.81093568776492,0.164047686057769,0,0.00759965344685085,0.112102441193938
"10390","TBC1D24",0,0,0,5.71443304439972,0.0958641385631813
"10391","TBC1D25",0.631138596674418,4.98700978849075,0,2.06504044694685,3.79408711686403
"10392","TBC1D2B",0,1.06139613665518,0,0.200786608495416,2.54222474018367
"10393","TBC1D31",0,0.181228480572266,0,0,6.21166187769332
"10394","TBC1D32",0,0,0,0,0.439979865715952
"10395","TBC1D4",0,0,0,0.734681231587574,6.28788152905439
"10396","TBC1D5",0.189620612220583,4.24357431078369,0,2.93472083348449,1.08437552986878
"10397","TBC1D7",0.306070801220847,0.7032448750779,0,4.75343871013299,0.685991664744833
"10398","TBC1D8",0,0,0,0.655695308537891,0
"10399","TBC1D9",5.14590550334569,0,0,0.963687694491102,0
"10400","TBC1D9B",0.0284551421932813,3.47929298015653,0,0.978473450854767,0.152785050200343
"10401","TBCA",0.621891893526792,3.5395022967271,0.0198912290086523,0.125544687531027,2.57075634187495
"10402","TBCB",1.19455401504124,0.914355540345338,0.0555199242993665,9.22285709629083e-06,0.43184113416837
"10403","TBCC",0.339369854029805,1.07098857108165,0,0.264317414367491,0.256328118929541
"10404","TBCCD1",0,0,0,0,0.338116412008682
"10405","TBCD",0,0.250775063253652,0,0.0728498569136687,0.716150028906529
"10406","TBCEL",0,0,0,0.734489554556537,0.0189613989080886
"10407","TBCK",0,4.44955377215613,0,1.91460547017458,0.867598654997734
"10408","TBK1",0.644159457801195,2.51595802983332,0,1.66622311894505,0.00313356290458846
"10409","TBKBP1",0,1.63867357528507,0,0,1.28605891310945
"10410","TBL1X",0,1.49312442926097,0,0.345001839277957,3.42001346328718
"10411","TBL1XR1",0.107146189829971,1.45624007851167,0,6.89279943139508,1.43500529734602
"10412","TBL2",0,0,0,1.66260104851666,0.691975228187289
"10413","TBL3",0,0.00281381499470481,0,1.46229372072283,0.921333620824281
"10414","TBP",0.000922790733207694,0.922362306021932,0,1.25292374748654,0.724545842400313
"10415","TBPL1",0.592182557094577,3.45642560297248,0.145595347197202,1.72116952729543,0.257057795988958
"10416","TBRG1",0.206132300399625,1.20645433024557,0,0.170414497068958,0.547619991263157
"10417","TBRG4",0,0.25559173810697,0,1.6572475698429,0.00350955122578038
"10418","TBX19",0,0,0,0.592073291136618,0.719073628591663
"10419","TBX21",0,0.0119069182993025,0,0,3.30265821683586
"10420","TBXA2R",0,0,1.91943970809924,0,0
"10421","TBXAS1",0,2.1921672251859,1.04810283937598,0.820561958206302,1.33417112551024
"10422","TC2N",0,2.52281747717503,5.47863650756001,0,0.499184385744784
"10423","TCAF1",0,0,0,0.903853134806901,2.36502386213094
"10424","TCAF2",0,0.0235285277796093,0,0,3.13552701990571
"10425","TCAIM",0,0,0,1.62727759572028,2.7197048190931
"10426","TCEA1",0.0166492886562341,0.960441703366218,0.88841362814187,1.71420600383671,0.664764029600345
"10427","TCEA2",0.168813520038981,0.00252835392049321,0,5.26256940875105,0.611846631832718
"10428","TCEA3",0,0,0,0,0.00905713593463069
"10429","TCEAL1",0,0,0,1.21923091445199,1.19151772767078
"10430","TCEAL3",0,0.96360781482058,0,6.71886914828504,1.75970223322236
"10431","TCEAL4",0.865638029074294,1.07041095281404,0,0.0756338793035111,4.04612522094563
"10432","TCEAL8",0.197803001359916,0.529359106989401,1.43079592003842,0.00223771359369506,0.0191752143175395
"10433","TCEANC",0,0,0,0,0.0138284430342953
"10434","TCEANC2",0,0,0,1.55155638270959,0.507291183181636
"10435","TCEB1",1.86049239112279,0.290645668233542,0.00410885260002916,0.47335078642363,0.945132610216249
"10436","TCEB2",3.80190504162627,0.291225752798222,0.579120187711754,0.451806108463471,0.283138313169883
"10437","TCEB3",1.55469720814449e-05,0.000959279928453116,0,0.257540025413556,0.447064581707456
"10438","TCEB3-AS1",0,0,0,0,4.62990015584997
"10439","TCERG1",1.00260913613257,0.404633718251591,0,0.00164019562584309,2.00893434828141
"10440","TCF12",0.0630378694378579,0.278349899245123,0,0.325052227549408,0.0821506750904559
"10441","TCF19",0,0,0,0,0.0120465679004048
"10442","TCF20",0,0,0,4.81169792931348,0.0949664368893902
"10443","TCF25",0.401056800085579,1.10153611953387,0,1.91799759552258,2.01816745508128
"10444","TCF3",0.0980129655644219,0.051528910472326,0,0.833820581901832,3.2416705590899
"10445","TCF4",1.29290377581583,0,0,0.0166613564394421,0
"10446","TCF7",0.217416207114151,2.56824295354159,0,0,1.19706775777598
"10447","TCF7L2",0,0,0,0.176083044132361,8.93569068699059
"10448","TCHP",0,0.0470311662935655,0,1.89782956253987,1.30252650245803
"10449","TCIRG1",3.69211390576168,0.2504311103485,0,0.102453381191815,0.568810115975353
"10450","TCL1A",4.54891174374236,0,0,0,0
"10451","TCN2",0,0,0,10.5709611772434,0
"10452","TCOF1",0.000207601626488168,0.0112406211740908,0,0.318245148883717,0.0598771282593123
"10453","TCP1",5.39663559033173,0.247147254417222,2.36427190935978,2.71209701154278,1.7176228011964
"10454","TCP11L1",0,0,0,0.131358403082515,2.4868086020445
"10455","TCP11L2",0.00596269498053896,0,0,0.341071550561226,4.76476947088037
"10456","TCTA",3.23306918891112,2.33927557258023,0.0042394750719287,0.0927114440487182,1.07199665253778
"10457","TCTE3",0,0,0,0,1.64707562704152
"10458","TCTEX1D2",0,0,0,0,0.625333050342344
"10459","TCTN1",0,0,0,0,0.315700857818929
"10460","TCTN2",0,0,0,0,0.0599761469173068
"10461","TCTN3",1.81485971963337,0.540371848591261,0,0.2967757384845,0.135789313198749
"10462","TDG",0.188109957889527,1.71276562388608,0,2.82973662733767,0.0234384201349407
"10463","TDP1",0.385487647165008,0.0716315385516088,0,3.23736472580499,0.330417301731853
"10464","TDP2",0.180918277979753,2.6553043549006,1.30816514431809,0.565143598455742,1.66748743105948
"10465","TDRD3",0,0.226346447791379,0,0.30352366344449,2.12953359922841
"10466","TDRD7",0,0,0,0.144062198588524,0.213450778465718
"10467","TDRD9",0,0,0,5.84935284812979,0
"10468","TDRKH",0,0,0,0,0.104779935084359
"10469","TDRP",0,0,7.00399255523996,0,0
"10470","TEC",0,0,0,0.625109376521398,0.0864946962332538
"10471","TECPR1",0.177286284014366,0.430213245519576,0,1.91028893936268,0.846047638832613
"10472","TECPR2",0,0,0,0.243465051054142,0.0155940276756195
"10473","TECR",0.404682947529196,0.0197032944525298,0,0.117289587002967,3.88939475547677
"10474","TEF",0,0,0,0,1.84412683580997
"10475","TEFM",0,0.705238188964243,0,2.35976484993492,0.0350650962138486
"10476","TELO2",0.218477400431797,0.0459074805014317,0,0.409646136971585,0.353486543789505
"10477","TEN1",0.437316184780975,0.591704606425214,0,0.0337771659303225,0.182414506686906
"10478","TENM1",0,0,0,0,0.406545946977324
"10479","TEP1",0,0,0,1.28217256433321,0.00904969589899579
"10480","TEPP",0,0,0,0,0.0778119501963024
"10481","TERF1",2.65185142937058,1.17462631320499,0,0.00756055692418991,0.0852916208385116
"10482","TERF2",0,0,0,2.32763933468856,0.833326100746624
"10483","TERF2IP",2.36023346089396,0.0299091819581553,9.67056554191062,1.77178506207527,0.470130666782389
"10484","TES",0.110264369052047,1.06037198804219,0,1.64136378068468,0.682188796054345
"10485","TESC",0,2.31155057852032,0,17.9352618580022,0.279089467418267
"10486","TESK1",0,0,0,2.20226577009627,0.269946415333995
"10487","TESK2",0,0,0,1.74209696259566,3.17715991071035
"10488","TESPA1",0,0.00453749367952089,0,0,0.67930845609549
"10489","TET1",0,0,0,0,6.62322624795084
"10490","TET2",0.0968077148256703,0.0230697213126893,0,0.137425534495457,1.30326904892202
"10491","TET3",0,0,0,3.4177392738468,1.25949954392158
"10492","TEX10",0,0,0,0.616925998615263,1.46050268194072
"10493","TEX2",0,0,0,18.1806375293005,0.440286917935119
"10494","TEX261",0,0,0,1.06400902623643,0.343621581528043
"10495","TEX264",1.89764211573095,0.0293391183779981,0,0.470480394197542,1.7222500437303
"10496","TEX30",0,0,0,9.50336939123886,0.280040152152694
"10497","TFAM",0.944668708599703,1.00710636850131,0,0.00526656729707525,0.544061327466711
"10498","TFAP4",0,0,0,0.236128905807818,2.0023486112988
"10499","TFB1M",0,1.36569320495506,0,0.115718976334347,0.949235213818833
"10500","TFB2M",2.56759131533622,0.0452534027252229,0,0.215099371274459,0.0184211576824698
"10501","TFCP2",0,0,0,0.325048618466813,1.12276839929702
"10502","TFDP1",0.135277040219942,2.20787794278907,0,6.06200983009311,0.0378564028587386
"10503","TFDP2",0.0141562067015445,4.80472640566671,0,21.8160930465917,1.03911082899296
"10504","TFE3",0,0.895210707783294,0,0.000717085975740162,5.51062404752559
"10505","TFEB",3.08457556407378,3.90029747614679,0,4.56961916811046,0.148399969103166
"10506","TFEC",0,0,0,8.54346244030785,0
"10507","TFG",0.52024073346296,3.12663203762881,0,0.261592018660958,5.46135596207701
"10508","TFIP11",0.449061613331769,1.91926868359389,0,0.395762472058475,4.05588882436195
"10509","TFPI",0,0,2.28274187160932,0,0
"10510","TFPT",0,0.749933779284497,0,0.910383235032349,0.0155035299580875
"10511","TFR2",0,0,0,0,0.0305703468549791
"10512","TFRC",3.8748069383751,0,0,0.703212854805374,0.00381569353864005
"10513","TGDS",0,0,0,0.0107495019189916,0.655172011279531
"10514","TGFB1",0.303415875845845,4.38473006890496,1.34896158705659,0.12327113820806,6.85612263738895
"10515","TGFB1I1",0,0,0.870833244974406,0,0
"10516","TGFBI",0,0,0,0.544545576893653,0.466231692865203
"10517","TGFBR1",0,0.150503093810071,0,1.13951704520822,0.0892047114148989
"10518","TGFBR2",3.63399024963907,0.307033297919968,0,1.43804618002812,0.00714990574989899
"10519","TGFBR3",0,0.448071660932392,0,0,1.4244713157239
"10520","TGFBR3L",0,0,0,0,4.99615980688639
"10521","TGFBRAP1",0,0,0,0.68813198626053,2.58638772495916
"10522","TGIF1",1.19379436036929,1.96439991708686,0,2.17912873840167,6.39330871418975
"10523","TGIF2",4.617485955505,0,0,3.45419715746902,1.88839238220128
"10524","TGM2",0,0,0,5.04118904350811,0
"10525","TGOLN2",0.20708116894275,0.118655470186716,2.06024396872338,0.171415360760945,1.42920537560517
"10526","TGS1",2.18814079917492,0.0452441434323452,0,0.0500504248862082,0.0633989834464058
"10527","THADA",3.76509674715586,2.18186099049911,0,0.766564925111862,0.0174818598793352
"10528","THAP1",0.818386318187829,0.0199628513696528,0,0.0209243223150969,0.246221911909779
"10529","THAP11",0,1.48085432785686,0,2.17256186434243,2.61378151816533
"10530","THAP2",1.19246285549751,5.79157949665291,0,0.104570060433201,1.95259360886321
"10531","THAP3",0,3.43202277493103,0,3.34034986065408,0.176364498345063
"10532","THAP4",0.65355991963358,0.015983605592806,0,5.98093011576981,0.769857290813509
"10533","THAP5",0.0458287844689612,0,0,0.0505640779832889,0.281000665170908
"10534","THAP6",0,0.0291194291218865,0,5.33189400323144,0.00638544525114267
"10535","THAP7",6.205438323673,0.448130147501073,0,4.25816466120553,5.45769214229124
"10536","THAP7-AS1",0,0,0,0,0.638051602335233
"10537","THAP8",0,0,0,4.32817281399942,5.4284736931315
"10538","THAP9",0,0,0,0,0.0289363308345274
"10539","THAP9-AS1",1.15243378351948,0.243548915565587,0,0.000146925812673522,0.1184181810711
"10540","THBD",0,0,0,0.0640040725596713,0
"10541","THBS1",0,0,11.9886945325681,0.745004004821196,0.25316255670483
"10542","THBS3",0,0,0,3.04633793056517,0.0529752802967243
"10543","THEM4",0,2.04912940431904e-05,0,0.110383051235131,0.161658318290373
"10544","THEM6",0,0,0,3.98740788197216,5.30709626621574
"10545","THEMIS",0,0,0,0,2.06779539333948
"10546","THEMIS2",17.6930105847706,0.00131490107597025,0,1.07197106528646,0.0398798288141781
"10547","THG1L",0,0,0,1.14182335934888,0.544987108136002
"10548","THNSL1",0,0,0,0,3.92062669678333
"10549","THOC1",0.509706449124314,2.29614903688226,0,2.99688844717519,0.25030624110916
"10550","THOC2",0.0253306178901404,0.0423113962778406,1.42178776222664,0.259990546157267,0.26713187060335
"10551","THOC3",5.742490618114,0.187268015059653,0,0.00376021247735537,0.131156903610606
"10552","THOC5",0.928335226249949,0.769999152003033,0,5.8670615258905,2.8193214728826e-08
"10553","THOC6",0.015341313300601,1.06822917939272,0,1.39817589632471,2.05558384484357
"10554","THOC7",0.649122676705784,2.20719808802386,0,0.340991211391631,0.334232192425015
"10555","THOP1",0.761654132836909,0.0381015455494615,0,0.239491488608299,0.0451369984467181
"10556","THRA",0,1.16555998193733,0,11.0787054768048,3.07400243363263
"10557","THRAP3",0.319197280881862,1.07628560346459,0,1.67888588861178,0.236035242537303
"10558","THTPA",0,0,0,10.0914738119639,2.06475006439197
"10559","THUMPD1",0.0077639466909275,0.220337490735492,0,0.358356073113564,0.176557107705987
"10560","THUMPD2",0.0589554430418904,6.76813214803006,0,7.49202574100318,0.510888164007025
"10561","THUMPD3",0,0.00117389650651748,0,1.33649966678137,0.889121132768865
"10562","THUMPD3-AS1",1.78999432413037,0.830197792910253,0,0.00270144544996161,0.0679337315996377
"10563","THYN1",6.9257066802379,0.906310505316275,0,1.04969068801233,0.0186086134372947
"10564","TIA1",0.62432424112186,0.791048159162493,0,0.193169101007514,4.6636046727201
"10565","TIAL1",2.49293580118523,0.670755285622686,0,0.934465719034601,0.591277603381326
"10566","TIAM1",0,0,0,0.0690131200327868,0.0337332426986145
"10567","TIAM2",0,0,0,0.000322803662790541,0
"10568","TICAM1",0,0.153414687532098,0,0.333063232876564,3.62960203953238
"10569","TICAM2",0,0,0,1.53460044398778,0
"10570","TIFA",1.65386748199066,0.294276542508384,0,0.555197267252167,2.01228402947317
"10571","TIGAR",0.261771412311412,1.92527264123016,0,2.43777329310099,0.0248786457636418
"10572","TIGD1",0,0,0,0.00126992862523915,0.499481115930485
"10573","TIGD2",0,0,0,0,0.0276845612181783
"10574","TIGD5",0,0,0,0,1.44141910285835
"10575","TIGD6",0,0,0,0,3.19747254553281
"10576","TIGD7",0,0,0,0,1.20401973099505
"10577","TIGIT",0,0.780865606280753,0,0,5.27331613023468
"10578","TIMD4",0,0,0,0,0.93592806658835
"10579","TIMELESS",0,0,0,0,0.159252851986936
"10580","TIMM10",0.677914346502688,0.0798821102403762,0,2.03509543075618,0.166728800118266
"10581","TIMM10B",0.0789481510218823,0.19547340689745,0,0.255560873127667,0.049919049744456
"10582","TIMM13",2.39915317990745,0.343629870133341,0,0.630960467337047,16.7808754972261
"10583","TIMM17A",0.822263204957351,1.10923739065928,0,0.0745709941952615,1.93114866813493
"10584","TIMM17B",0.268085847607421,0.544085005184649,0.0161821361826646,0.185032320034706,0.0487777148481199
"10585","TIMM21",0,1.93853734817019,0,0.105982251080365,0.145224990566063
"10586","TIMM22",9.7702713446016e-05,0.0343719102011027,0,0.141035044172608,1.35695790780736
"10587","TIMM23",4.10352205348819,1.12475916896128,0,1.06185702232216,4.91525229072828
"10588","TIMM23B",1.07111179174072,0.738806631929089,0,0.457773621836247,0.636418915802376
"10589","TIMM44",0.157569681413176,8.09551723093428e-05,0,0.0656826101776882,0.0890188737843169
"10590","TIMM50",0.128015516066874,2.99546572225883,0,0.0189387363298885,0.772855320256936
"10591","TIMM8A",0,0,0,0.0100512748606502,0.105370517168142
"10592","TIMM8B",0.0035056585320019,0.0383632607068365,0,1.61415502170609,3.92642602670223
"10593","TIMM9",1.84350826885067,0.140752674733906,0,5.78995191692692,0.410153897856521
"10594","TIMMDC1",0.906930654103145,0.126119390123699,0,0.64279323134556,2.43902846365413
"10595","TIMP1",0.845661931278444,0.0342983374717091,3.8849229076819,0.812866393631212,6.81425016017073
"10596","TIMP2",0,0,0,2.2676667863491,0
"10597","TIMP3",0,0,0.173209336387952,0,0
"10598","TINF2",0.54891431483246,0.131725643359486,0,0.149274987037389,0.462038433843275
"10599","TIPARP",0.833314200589424,0.21558250450148,0,2.39857586566315,3.92799266125668
"10600","TIPARP-AS1",0,0,0,1.45380929064922,0.00690301563239491
"10601","TIPIN",0,0,0,0.881417188888845,0.155096636898594
"10602","TIPRL",0.551399623872025,0.0811135136743341,0,2.88040571813517e-05,0.0217068424927996
"10603","TIRAP",0,0,0,0.389964020032527,0.0628844628481073
"10604","TJAP1",0,0,0,0.283004812323597,0.198032580138241
"10605","TJP2",0,0,0,0,0.934149786112995
"10606","TJP3",0,0,0,0,3.7950739505913
"10607","TK1",0,0,0,0,0.137009812729089
"10608","TK2",0,0.00203422888937073,0,0.00358977009287416,2.76029957720342
"10609","TKFC",0,0,0,1.89976508419763,0.00100547757955038
"10610","TKT",1.10321230799059,0.472272035762321,0,0.962847078543249,0.713663954578425
"10611","TKTL1",0,0.222740261278088,0,0,1.84424416988021
"10612","TLDC1",0,0,0,0,0.0253367960139883
"10613","TLE1",52.7007920304848,0.010591751538492,0,0,1.33482200180882
"10614","TLE2",0,0,0,0,0.0150288824561947
"10615","TLE3",0.597320380031606,0.343629404974457,0,0.0654219320547793,0.552175843814218
"10616","TLE4",0.255456420626039,1.99159577134793,0,0.00180981477904249,0.244807631110169
"10617","TLK1",0.360345580626779,0.0122905381548949,9.16918597928475,0.0798818698803956,0.573490796695653
"10618","TLK2",0,2.93077739700167,0,0.215516844047214,2.09246736569118
"10619","TLN1",0.0405581443975526,1.07559151979117,0.901920208825879,0.147653708269476,0.854427697944385
"10620","TLR1",0,0,0,0.00765543452843488,1.89964273578727
"10621","TLR10",0.250352023111952,0,0,0,0
"10622","TLR2",0,0,0,2.52024866028289,0
"10623","TLR4",0,0,0,0.159744297648003,0
"10624","TLR5",0,0,0,8.77027052134141,6.71886885806879
"10625","TLR6",0,0,0,0.394285162497272,0
"10626","TLR7",0,0,0,1.28791224820781,0
"10627","TLR8",0,0,0,0.292483471770529,0
"10628","TM2D1",0.0166991594104815,0.0186986151460517,0,0.228555798896386,0.256986014801664
"10629","TM2D2",0,1.09127783493272,0,0.0465414057512904,4.6085934774673
"10630","TM2D3",0.24709461617663,0.116204531437632,0,0.00550203247000539,3.62254360013902
"10631","TM6SF1",0,0.258212131998706,0,7.24345809194634,0
"10632","TM7SF2",0,0,0,0,1.75346570496938
"10633","TM7SF3",0,0.134414966880233,0,2.7349352466397,3.94468232258084
"10634","TM9SF1",0,0,0,1.82350047644001,0.386886380029094
"10635","TM9SF2",0.829479060671183,0.394667485201917,0,0.196330424672477,0.232121946247351
"10636","TM9SF3",1.9767202209251,0.206329299165506,0,0.135314572259309,0.208151622688184
"10637","TM9SF4",0,0.551738659758649,0,1.18867389726358,0.161304754529945
"10638","TMA16",0.0896886171772934,0.0662143971617177,0,0.109832078364383,2.98922448789933
"10639","TMA7",2.67177299225733,0.0984306108271256,0.132888508500903,0.0526220818647252,0.00422657208002321
"10640","TMBIM1",1.10476389530207,1.24207422401187,0.814383812080942,1.37424135202081,5.22042030181388
"10641","TMBIM4",0.173954723732372,0.00028609924365559,0,0.215928537759593,0.45753329972177
"10642","TMBIM6",0.701930044511733,0.341948709625126,1.10603661712746,1.43990670617486,0.0190006774797573
"10643","TMC3-AS1",0,0,0,0,0.342448320070243
"10644","TMC4",0,0,0,0.00247806138422275,0
"10645","TMC6",0.526479259826596,0.231065517048986,0,28.0655984704556,1.13688391686669
"10646","TMC8",0.0511490062456345,2.20033548446613,0,2.13522904295821,0.0715209006983368
"10647","TMCC1",0,0,0,0.437692614967487,1.21874839755712
"10648","TMCC3",0,0,0,0.125745043516182,1.93729667066496
"10649","TMCO1",1.09337429571069,0.264109729642089,1.83178095344207,0.441340156738633,0.346934185437429
"10650","TMCO3",3.63451319015171,0.00166141981947712,0,3.97731480710908,2.32266309794183
"10651","TMCO4",0,0,0,0.187196425185183,0.0733119247817559
"10652","TMCO6",0,0,0,0.0358456220985467,0.0509709695750862
"10653","TMED1",7.77636711877434,0.000221855551961237,0,0.206763893535078,0.520527659884426
"10654","TMED10",0.000726554751167443,0.367283121337584,0.234021678750257,1.56525602183295,3.02599319853318
"10655","TMED2",0.0883240498210487,0.00467686112867558,0.222931468766509,0.000318167274166822,0.327857966174898
"10656","TMED3",0.881141897064212,0.663967601866034,3.02629840629823,4.04324223578162,0.438518421386301
"10657","TMED4",0.508396595148459,0.371277709099284,0,0.0379485903811257,2.30704414575745
"10658","TMED5",0.112716889016202,1.61664898306483,0,0.000624651012419713,0.993554255644155
"10659","TMED7",0,0.604866024558867,0,0.00126594666648715,0.142139039924515
"10660","TMED8",2.36254186480773,0,0,0.0504119498989907,3.75398580451116
"10661","TMED9",0.255132375641138,0.000632106405326845,0.903072790233294,0.323072117568827,0.000678911720091147
"10662","TMEM101",2.30192674831069,0.681915484837163,0,0.845387260069327,0.0340275156526354
"10663","TMEM102",0,0,0,1.139515594105,0.232075039861983
"10664","TMEM104",0,0,0,3.42520064596084,1.32932187623752
"10665","TMEM106A",0,0,0,0.109495987705627,0.369703949016466
"10666","TMEM106B",1.90236732708623,0.240788240371447,0,1.62170392287229,0.0443798423308195
"10667","TMEM106C",0.92230108083017,0.727577322023602,0.0397077051345591,2.03000832488047,2.61923202803586
"10668","TMEM107",0,2.81240737676619,0,3.78960558705694,1.44280381778661
"10669","TMEM109",13.2323251569304,0.0755001772480785,0,0.496834005184404,0.0406947210573051
"10670","TMEM11",0.108918760942714,1.23661925701397,0,1.97060818760592,1.11889790570457
"10671","TMEM115",2.37952535096772,0.0127992169988444,0,0.28843259723948,0.181299368712854
"10672","TMEM116",0,0,0,0,0.0260142937152234
"10673","TMEM117",0.0729326236790947,0,0,0,0.117422347201511
"10674","TMEM119",0,0,0,0,2.19871650389284
"10675","TMEM120A",0,2.88601841900865,0,2.11699444061819,0.854812232462078
"10676","TMEM120B",0.187378846503121,0.0347213075075784,0,0.93524908618769,0.082851788934303
"10677","TMEM121",0,0,0,0,7.38109695587049
"10678","TMEM123",0.0987735134296792,15.7324739660541,0.0243229189703334,0.374208981549487,0.904284326037075
"10679","TMEM126A",0.944712190838382,0.279257280656266,0,0.0128664417813948,2.20259718749673
"10680","TMEM126B",0.10926521470173,0.0103612650824912,0,0.361131256136119,0.175715786651046
"10681","TMEM127",0,1.55241448285984,0,0.565672382000454,0.039688861879902
"10682","TMEM128",0,0.0357676333736393,0,0.147320509543799,0.256610647626726
"10683","TMEM129",0.012409665024907,0.154150872300464,0,0.0672048067031819,1.51194872203259
"10684","TMEM131",0.0448994284699549,1.63615372462611,0,0.107434388349915,1.3902930960811
"10685","TMEM134",0.123981224185666,0.390138932808073,0,21.4709091509826,0.0622278262281405
"10686","TMEM135",0,7.36115736565115,0,4.44338863515025,3.68051923447473
"10687","TMEM138",0.627620348523226,1.05977043873813,0,2.9423249458263,0.596030592798752
"10688","TMEM140",0,0,0.0282057096235469,0.477608127920238,0.0674033006449637
"10689","TMEM141",0.0473297530801851,2.25382064707129,0,0.169220478616864,1.41430231220455
"10690","TMEM143",0,0,0,0,0.0434375232673838
"10691","TMEM144",0,0,0,14.5712581631966,0
"10692","TMEM147",5.71790469475655,0.00626282325855739,0,0.0680836651063272,0.359444286385922
"10693","TMEM147-AS1",0,0,0,0,0.654682242558293
"10694","TMEM14A",0.626184009313204,0.171492274918113,0,0,0.751353101481355
"10695","TMEM14B",0.508875893524028,11.0303928755229,0,4.02003848754654,1.27258665124149
"10696","TMEM14C",0.018464036977326,19.2519139652248,0,4.6641845073348,0.893431860464896
"10697","TMEM150A",0,0,0,0.0162510420485118,0.0601005716385256
"10698","TMEM150B",0,0,0,8.31278907503653,0
"10699","TMEM154",0.209408302512867,0,0,0.200450212429416,0.294673324958468
"10700","TMEM156",0.0258451088420938,5.95523794178988,0,0,0.0125570500495976
"10701","TMEM159",0.480888945335269,0.0327319638964033,0,2.26412421186364,3.58436749279824
"10702","TMEM160",2.98099839465683,0.246028136481932,0,0.144424029938966,1.06353413700705
"10703","TMEM161A",0,4.04017345117789,0,3.98396275777928,3.44336379304284
"10704","TMEM161B",0,0.285221149830431,0,0.66949754485947,0.793539724386733
"10705","TMEM161B-AS1",0,2.38813187248863,0,0.923921773012583,1.93264698428988
"10706","TMEM164",0,0,0,0.0213482870398582,2.39639016819411
"10707","TMEM165",0.701092796861751,0.82222133590032,0,0.548265056969869,0.167721549071716
"10708","TMEM167A",3.17385335457797,0.584311790745318,0.116802274945899,0.764832797929519,3.03441674664595
"10709","TMEM167B",0.382470776753183,1.29926267409708,0,1.28365747952579,2.22039778551889
"10710","TMEM168",0,0,0,0.412492734271532,0.220518291985425
"10711","TMEM170A",4.00146831632195,0.28634873107122,0,0.047025746230999,0.631395426935047
"10712","TMEM170B",0,0,0,4.96189356687977,0
"10713","TMEM173",0,3.57557248607724,0,8.72251285254166,0.000639410590271319
"10714","TMEM175",0.00382043579676988,4.53142763361433,0,0.148614214428514,0.0926017129490178
"10715","TMEM176A",0,0,0,0.593952122756764,0.131241729025102
"10716","TMEM176B",0,0,0,0.155501066278101,0.0840422021436841
"10717","TMEM177",0,0,0,0,0.0707791639836699
"10718","TMEM179B",3.35476895908681,0.249274414902419,0,0.272828322014327,0.416220397874945
"10719","TMEM18",0.804738853898525,1.33901251784009,0,1.54581579058512,3.76092649117332e-06
"10720","TMEM181",0,2.64719459936425,0,1.81117792558803,0.665269343762879
"10721","TMEM182",0,0,0,0,3.23919436746589
"10722","TMEM183A",0.13651297211914,0.681878075802971,0,0.0680839199649143,1.64524613814125
"10723","TMEM184B",0,3.51723106619765,0,3.84678828996523,3.46947689579976
"10724","TMEM184C",0,0,0,2.49711368364382,0.0750555587047536
"10725","TMEM185A",0,0.168020890682847,0,1.15898579237632,0.0111849948170356
"10726","TMEM185B",0,0,0,0.00583238183176751,0.328805653801778
"10727","TMEM186",0,0,0,0,0.144080810474327
"10728","TMEM187",0,0,0,0,3.53022149109949
"10729","TMEM189",0,0.679497775089345,0,0.0594499568995354,0.0123158352649787
"10730","TMEM19",1.25400561944754,0.211121210398817,0,0.21694259169398,0.242201419212254
"10731","TMEM191B",0,0,0,0.110524097150727,0.504562103112096
"10732","TMEM191C",0,0.669910779958963,0,1.23465341974334,0.204517435240114
"10733","TMEM192",0.00628910168379304,1.10207449817898,0,0.640929631275524,0.25056688939968
"10734","TMEM199",2.54414561063469,0.113320631506959,0,2.07706603462113,0.552614820492312
"10735","TMEM2",3.11848750892013,4.00454422739992,0,0.633534879322314,0.0937290608181468
"10736","TMEM201",0,0,0,0,5.73372335365382
"10737","TMEM203",2.99470119238966,0.247210491013081,0,4.75363674776428,0.581861890507116
"10738","TMEM204",0,0,0,0,0.31101546266867
"10739","TMEM205",0.544859138282639,0.987675227164112,0,0.70208382072456,2.94013583500124
"10740","TMEM206",0,0,0,3.30828829526157,6.81057784728325
"10741","TMEM208",0.019249551756364,0.335872335149285,0,0.548790085088252,0.295772744151067
"10742","TMEM209",0.109023228222128,0.606971895750235,0,1.69678042316083,0.330777929243675
"10743","TMEM214",0,0.0264181939443585,0,0.255362890531591,0.628142466622602
"10744","TMEM216",0,0.0095787862240327,0,0.0235688901444886,1.36136944190513
"10745","TMEM218",0,1.32306809315773,0,1.14381979171165,2.54635132668506
"10746","TMEM219",1.83829863617735,0.744624705639497,2.8041919015668,0.920319868030761,0.0673593964922596
"10747","TMEM220",0,0,0,0,0.55659673809366
"10748","TMEM222",16.8894559639106,0.00161560141186791,0,0.806003191028019,0.997608163717265
"10749","TMEM223",0,0.457951089702345,0,0.37116325317899,0.163091977563347
"10750","TMEM229B",0,0,0,0.00051107638900693,2.28110162680829
"10751","TMEM230",0.772848173462991,1.27325319892037,1.43128216893942,0.0112929673396499,0.64176010249299
"10752","TMEM234",0,0,0,0.946271727027151,2.85027570084556
"10753","TMEM237",0,0,0,0,6.56035733833206
"10754","TMEM238",0,0,0,0,0.44789614435282
"10755","TMEM241",0,0.802598409381991,0,0,6.29516926957512
"10756","TMEM242",0.00560774193057816,0.847490376703287,0,1.9289170879922,0.801956665796383
"10757","TMEM243",0.731668288680257,0.0196043120420082,0,1.38880246047108,0.139086876448288
"10758","TMEM245",0,0.463230689250648,0,0.454611900920681,0.0407010419404586
"10759","TMEM248",1.7013946286918,2.36204497322409,2.48760473679789,0.0135162523641021,0.266667921016006
"10760","TMEM25",0,0,0,0,0.804443828012897
"10761","TMEM251",0,0.764625336957724,0,0.664460012605701,2.93497647077758
"10762","TMEM254",0,0,0,0.11315784648356,1.65627396301791
"10763","TMEM255B",0,0,0,1.26391018635295,0
"10764","TMEM256",0.0251936026188908,6.57605204362296,0,0.00167202740264399,2.83755996467844
"10765","TMEM256-PLSCR3",0,1.20408984305694,0,1.1704556473167,0.21103274544585
"10766","TMEM258",5.74741040578836,6.05659135686521,0.00590537262718531,0.120015848379337,2.86123853920766
"10767","TMEM259",0.140334958095357,0.512459613966923,0,0.304737351632529,0.822591053190207
"10768","TMEM260",0,0,0,1.57821083113626,2.60493554286533
"10769","TMEM261",0.00729213131157507,0.825142403822703,0,1.10069919636982,4.37025268749517
"10770","TMEM263",0.0113263580467295,0.735127399550297,0,0,0.459319365073367
"10771","TMEM30A",0.0186900473870309,0.475992003196841,0,0.0494788705062149,0.0960545649332962
"10772","TMEM30B",0,0,0,0,0.400883999283757
"10773","TMEM33",0.364068781820641,0.000596136873756634,0,0.625078992058215,0.407799659852403
"10774","TMEM38B",1.4072305125406,0.0831741900911877,0,2.73643457816634,1.64850620485883
"10775","TMEM39A",0,2.90957108521605,0,0.625979574421143,7.42864932461677
"10776","TMEM39B",0,0,0,0.0893941924064889,0.416760150320017
"10777","TMEM40",0,0,0.00637031700013843,0,0.205637967666072
"10778","TMEM41A",0,1.66545575023745,0,0.042136802640045,2.88942741580981
"10779","TMEM41B",3.80614431599016,6.06421221087037,0,0.686533914921299,1.83991743055851
"10780","TMEM42",0.264637371296004,1.08459027980175,0,1.87094895859269,1.34691152400774
"10781","TMEM43",0,0.00576660281585135,0,2.30206103105583,0.530827727916622
"10782","TMEM44-AS1",0,0.0758127016567795,0,2.39746994484699,0.0159646982349189
"10783","TMEM45A",0,0,4.95200744499106,0,0
"10784","TMEM45B",0,0,0,0,5.29210888129645
"10785","TMEM5",0.231703012706492,0.371186735203574,0,0.541862494206096,3.80464847705365
"10786","TMEM50A",0.153835782432642,0.000463088591557057,0.217200253229179,0.313989592109043,0.83101767712409
"10787","TMEM50B",0.443164348681538,0.343433870879152,0,0.0935323282406896,0.455257974989308
"10788","TMEM51",0,0,0,2.67287414831345,0
"10789","TMEM53",0,0,0,0.422738738091308,0.21116336414182
"10790","TMEM55A",0,0,4.43862340083334,0.369144511501645,0.412008325753954
"10791","TMEM55B",5.92716483755357e-05,4.50002954393982,0,5.97063584445722,4.03707996548949
"10792","TMEM57",0.402121205066285,2.36685781897435,0,4.0537144569063,1.87116194244837
"10793","TMEM59",0.0118195430503076,0.373170086648158,1.68609865605898,0.393670421598818,0.244751179009049
"10794","TMEM60",0.523542541868555,0,0,0.214650976435318,0.911253018874211
"10795","TMEM62",0,0.0769427065144786,0,2.76258878444197,4.47058148118626
"10796","TMEM63A",0.824056658865922,1.26597447895093e-05,0,8.61528790659222,0.370266872835626
"10797","TMEM63B",0,0,0,0.404424296669303,0.541575792746461
"10798","TMEM64",0,0.917664510867234,0,7.23758075549882,0.00900801322405784
"10799","TMEM65",0,0,0,0.00089057455910413,0.129221887505228
"10800","TMEM67",0,0,0,0,0.213152462710839
"10801","TMEM68",0,0.0634682713712568,0,0.0934182361008878,0.0729221236918705
"10802","TMEM69",0,0,0,7.04494238815433,1.14336811143978
"10803","TMEM70",1.83643503083709,3.03404106793793,0,11.228739089855,0.0226825390123747
"10804","TMEM71",0,0.697791905100751,0,6.17047984757096,1.60554201999136
"10805","TMEM79",0,0,0,0,2.77387460020376
"10806","TMEM80",0.922776888042072,1.28380263813397,0,1.49157523242753,5.38798176062247
"10807","TMEM86A",0,0,0,0,6.04866084205383
"10808","TMEM86B",0,0,0,0,4.7920786108934
"10809","TMEM87A",0.0340022592772328,0.195743681041969,0,0.192926806774294,0.67821751344297
"10810","TMEM87B",0,2.22570907608802,0,3.77336142127725,0.183596467246902
"10811","TMEM88",0,0,0,0.0310387927706076,0
"10812","TMEM8A",0,0.593816876457703,0,0.604694452037117,5.3242293427448
"10813","TMEM8B",0,0,0,0,1.85826380563362
"10814","TMEM9",0,0.017382436154653,0,3.95884294230261,0.77870830734896
"10815","TMEM91",0,0,0.180566432174883,6.42908030852548,0.53796544967716
"10816","TMEM94",0,0.332900395338095,0,0.00256388757088936,0.997433868031565
"10817","TMEM97",0,0,0,0,0.000156974625720461
"10818","TMEM99",0,0,0,0,5.96631378404926
"10819","TMEM9B",0.597882156366004,0.0136991576639893,0.0850694634168329,0.424608589311909,0.363174479898986
"10820","TMF1",2.10154263987805,0.19029872491147,0,0.965889999944376,0.249833349961949
"10821","TMIGD2",0,3.26207861280082,0,0,2.9612979641816
"10822","TMIGD3",0,0,0,3.74252146191674,0
"10823","TMLHE",0.376922137933224,0.284230344803431,0,3.45254902988251,3.56786482026007
"10824","TMOD2",0,0,0,0.216015339432004,0.0110414432896139
"10825","TMOD3",0.0862680287302771,0.00147943488002007,0.00215602954204683,5.07145284227647,0.0161801934729547
"10826","TMPO",1.24291525665927,1.0478930062319,0,0.825178486396096,0.018667016578353
"10827","TMPO-AS1",0,0,0,2.51491693385537,2.11472245158432
"10828","TMPRSS3",0,0,0.0508598846847515,0,0.134507536569338
"10829","TMSB10",0.909652332036287,4.18714922859435,2.58197525628996,0.670704680852647,3.09481479109403
"10830","TMSB15B",0,0,0,0,0.316320205909962
"10831","TMSB4X",0.000530805481653307,0.152360380462643,4.90398297309715,0.435878681075812,0.188911563199185
"10832","TMSB4Y",0,0,0,1.77928267278381,0.0106942606580082
"10833","TMTC1",0,0,0,0.882154030520526,0
"10834","TMTC2",0,0,0,6.5796661051019,1.41061174564836
"10835","TMTC3",0,0,0,0,0.316168782413265
"10836","TMTC4",0,0,0,0.0766794456235011,0.0140055675297463
"10837","TMUB1",1.84580265308606,0.0646665914838394,0,1.6982857674782,0.538118312463922
"10838","TMUB2",0.0322884878120082,0.0143313484646381,0,0.0637120410122806,0.123388205896286
"10839","TMX1",0.609714998198384,0.140323631706484,1.13372313959856,0.095207915886033,1.56966825897366
"10840","TMX2",0.203409613711624,0.112678789811394,0,0.613567853699786,1.83071119607243
"10841","TMX3",1.08631503162009,0.0479076995139494,0,5.78000258644493,0.813334988317375
"10842","TMX4",0.100008311942279,0.118906068581655,0,0.00166130996664143,5.52021275190074
"10843","TNF",0,0,0,32.2217065140879,2.91113844690673
"10844","TNFAIP1",0,0,0,0.00112022966636056,0.272731914731725
"10845","TNFAIP2",0,0,0,0.949751901965911,0.37190057367486
"10846","TNFAIP3",0.259604775812864,5.37956692950728,0,19.6780580678902,0.204849983460086
"10847","TNFAIP6",0,0,0,3.22698936880424,0
"10848","TNFAIP8",0.830199714669396,0.327104386257238,0,0.0340717071583739,0.145364409904611
"10849","TNFAIP8L1",0,0,0,2.37887917217702,0.115492420651008
"10850","TNFAIP8L2",0,0,0,0.0275163675874502,0.280815896008033
"10851","TNFRSF10A",0,0,0,0.0400297462475907,0.382702827057769
"10852","TNFRSF10B",0,0,0,0.000244301187707216,1.69558007711142
"10853","TNFRSF10D",0,0,0,0.972521106338284,1.12861324247098
"10854","TNFRSF12A",0,0,0,1.6169545666985,1.8062480346559
"10855","TNFRSF13B",0.540855094895631,0,0,0,0
"10856","TNFRSF13C",0.0175321261352238,0,0,0,0.0829768446910542
"10857","TNFRSF14",0.0526899964434487,6.67008361083993,0,5.2017287030418,0.038758424479248
"10858","TNFRSF18",0,1.20447419808317,0,0,2.11789375400578
"10859","TNFRSF1A",0,0.0099795267207264,0,4.53175325334494e-05,0.00448297007430958
"10860","TNFRSF1B",1.55986706155954,1.10177380342701,0,7.33599738424915,0.956681236742355
"10861","TNFRSF25",0,0.210875163368433,0,0,1.39614313333921
"10862","TNFRSF4",0,1.16108238038816,0,0,1.67639567961246
"10863","TNFRSF8",0,0,0,1.60303779080156,0
"10864","TNFRSF9",0,0,0,0,1.54275342214709
"10865","TNFSF10",0,3.08820758216964,0,1.59154916587757,7.92365234203234
"10866","TNFSF12",0,0.743116846980793,0,6.61410637440751,0.00137859717236435
"10867","TNFSF13",0,0,0,0.116318166618194,0
"10868","TNFSF13B",0,0,0.333472977664001,0.347144704818056,0.149391645462888
"10869","TNFSF14",0,2.59355208196403,0,2.56954434065419,0.893306912445067
"10870","TNFSF8",0,0,0,1.08456796534359,1.15462374488779
"10871","TNFSF9",0,0,0,0,0.68188058784357
"10872","TNIK",0,0.493087023040112,0,0,0.64008906770426
"10873","TNIP1",0.605525249787998,0.179583862055356,0,4.00936608673731,5.73824709617504
"10874","TNIP2",2.68401722608352,0.867447624096477,0,0.0945297548407927,0.189236771846209
"10875","TNIP3",0,0,0,0,0.205986501235538
"10876","TNK1",0,0,0,0,0.0213151082063149
"10877","TNK2",0,0.0128999977183978,0,0.459067050708176,3.82391974853324e-05
"10878","TNK2-AS1",0,0,0,6.28736132095748,0
"10879","TNKS",0.632411541489076,0.0620194168666173,0,1.03056053468818,2.29161689098557
"10880","TNKS2",0.0418906501962514,0.337088144144225,0,0.0470843324707189,0.868711421932972
"10881","TNNI2",0,0,0,4.93711595093982,0
"10882","TNNT1",0,0,0,0.220854616967111,0
"10883","TNPO1",1.46027501576557,0.337597709808312,0,0.00684586267023392,1.15609297915227
"10884","TNPO2",0,0,0,1.17927711138619,0.634317989020253
"10885","TNPO3",0.325318989356926,0.0715247632106856,0,0.572291484451193,1.25949014550984
"10886","TNRC18",0,0.136615064316616,0,0.386920140807421,0.531399073862022
"10887","TNRC6A",0.0254496987003098,0.00197310798081202,0,0.0390908027891997,2.4687728600063
"10888","TNRC6B",0.75164583473604,2.02534606229836,0,0.000290326279962356,0.108751189466644
"10889","TNRC6C",2.85681705604733,0.147623523376892,0,8.13722421386066,2.30475768618633
"10890","TNS1",0,0,0,1.9041651971101,0
"10891","TNS3",0,0,0,3.47827385822385,0
"10892","TOB1",1.04383614965317,2.04808719547183,0,4.04016448456007,0.399964079912146
"10893","TOB2",3.15135677648854,0.316723749472327,0,0.693135103154563,0.453872026826245
"10894","TOE1",0.0308600354491592,0,0,0.00935159344158783,1.86969917013838
"10895","TOLLIP",0.458041045027228,0.182669315735064,0,1.3697863914965,2.36914109477493
"10896","TOLLIP-AS1",0,0,0,0.311346153152012,0.0385694563124794
"10897","TOM1",0,0.438143836374354,0,0.338949639557463,6.35451010962284
"10898","TOM1L2",0,0,0,0.810711071876174,0.00291366733452364
"10899","TOMM20",0.0447857065113469,0.0987666295378222,0,4.7546492511293,1.29511114068947
"10900","TOMM22",0.0787596568764228,1.5349492382376,0,0.408521010893968,1.36954697149437
"10901","TOMM34",0,0,0,0.0755565636496992,0.000280803536445728
"10902","TOMM40",0.101239214331803,0.0125782304951819,0,0.113989718891247,0.9722539401583
"10903","TOMM40L",0,0,0,1.63042433740738,0.122854741601006
"10904","TOMM5",0.946460481986351,0.188679014757291,2.82744392864325,0.0104642502326745,0.0172393996208291
"10905","TOMM7",0.352076862921711,0.764261233417084,0.0509323369112831,3.30002810729103,2.05293899065256
"10906","TOMM70A",0,0.0948375012784562,0,0.00618029442240144,0.0650153133491116
"10907","TONSL",0,0,0,0.197971243042375,0.00135478311478709
"10908","TOP1",0.402315029964084,0.0417724457862786,0,1.9447712659013,0.0449697215394549
"10909","TOP1MT",0,0,0,5.51254126960748,0.276629807685453
"10910","TOP2A",0,0,0,0,1.21981092042558
"10911","TOP2B",0.157969544419923,0.419780424050588,0,0.017146752609348,0.169240058351225
"10912","TOP3A",0,0,0,0.585798232147501,4.83802591633401
"10913","TOP3B",0,0,0,0.470334688432594,0.0153753493447658
"10914","TOPBP1",0.00817184760634125,0.198860815054584,0,0.109883070969307,0.194995462716338
"10915","TOPORS",0.49388562539707,0.988268523994092,0,1.68540429037056,1.46810111508946
"10916","TOPORS-AS1",4.70531007352066,2.27682026798041,1.53223370376628,0.00844021062480643,0.841082285781067
"10917","TOR1A",0.657564279101134,0.107973130365825,0,0.0564528858627431,0.881657852415705
"10918","TOR1AIP1",4.22225856648372,1.12268808336294,0,0.132217961053627,2.28630293809229
"10919","TOR1AIP2",0.017208328978634,0.343335949868635,0,0.0707820304375645,0.00842270744455817
"10920","TOR1B",0,0.153036020622292,0,2.09451712296817,0.0357655282345201
"10921","TOR2A",0,0.0128678849960195,0,2.66394090728129,0.589513213282402
"10922","TOR3A",0.309340550485091,1.34327485446476,0,0.126309546735551,0.211973883866873
"10923","TOR4A",0,0,0,0.834181926300332,0
"10924","TOX",0,0.000116347200848633,0,0,4.70871045351325
"10925","TOX2",0,0,0,0,0.0675212502916295
"10926","TOX4",1.61404703184978,2.67426620553841,0,1.66679925138282,3.20045302298258
"10927","TP53",0.414763860533075,0.0116760798327997,0,0.000624155921642717,0.561672951237694
"10928","TP53BP1",2.77841677209054,0.273410274010762,0,0.0183531951758079,0.770501342280585
"10929","TP53BP2",0,0.848854852838309,0,0.262806547378579,3.47346402391411
"10930","TP53I11",0.227984992125332,0,0,1.63103694016657,9.99063343637329e-09
"10931","TP53I13",0.554306111440943,0.054209547375013,0,2.06483670307938,2.47443900671897
"10932","TP53I3",0,0,0,10.8564783612835,0
"10933","TP53INP1",22.9159685282022,0,0,0.43915869572151,0.688255602867982
"10934","TP53INP2",0,0,0,0.682672862683842,4.55353572433144
"10935","TP53RK",0,1.68202843549769,0,0.0445411615387782,0.881095095464061
"10936","TP53TG1",0.0157401437494404,0.545535540289929,0,2.39314606226189,0.00306078664124281
"10937","TPCN1",0,0,0,0.112179485948692,0.46522110055368
"10938","TPCN2",0,0,0,3.84003964871182,0.56640696505225
"10939","TPD52",0.0154553711864105,0.76344684270068,0,0,2.65076334314228
"10940","TPD52L2",0.0555637989682153,1.3751757334312,0,0.123263957282094,6.30498046452508e-05
"10941","TPGS1",0.211490803341961,0.0442592764274493,0,0.122946918763659,0.151653267212141
"10942","TPGS2",0.392511175799024,0.0391183013162359,0,5.07991981407525,0.978161578693733
"10943","TPI1",0.0220539382425343,0.348004569133552,0.620535189050222,0.00215182812458526,0.0752557289774482
"10944","TPK1",0,0,0,0.746317929989934,0.00101153280840497
"10945","TPM1",0,0.122100257728652,9.30263275230082,0.0403249472497539,0.0144955622093856
"10946","TPM2",0,0,0,0,0.124827808898321
"10947","TPM3",0.691079413773187,0.224782415610306,0.254449724188149,0.153974637980893,1.95581719669301
"10948","TPM4",0.113083478875933,0.184608317987019,0.000573097102076276,8.20880194543298,1.73923924355764
"10949","TPMT",0,1.00576901302582,0,0.0599267788134075,0.304802787494937
"10950","TPP1",2.55419604526245,1.03021964204025,1.05924694950117,2.22418983962932,1.06403758830704
"10951","TPP2",0.800396046306826,0.0795372737038129,0,0.0140455409145705,0.0870689821353554
"10952","TPPP3",0,0,0,0.000948086678074865,0
"10953","TPR",5.7311692730035,0.120152404631563,0,0.104920432232972,1.27681989686753
"10954","TPRA1",0,0.0551145983665418,0,5.43677488909162,0.00942925133051644
"10955","TPRG1",0,0,0,0,1.79943170832628
"10956","TPRG1L",0,1.41992798226828,0,0.692260818508507,5.95265848926156
"10957","TPRKB",0.038570642647783,0.929573341624074,0,1.31877847317312,0.00846089200573408
"10958","TPRN",0,0,0,0.0871250538874815,0
"10959","TPST1",0,0,0,29.9285374362836,0.141931818555436
"10960","TPST2",1.2827725703554,1.47495239806582,4.15010665861487,1.53080175531124,1.52553245895024
"10961","TPT1",0.0171674527399318,0.00295445196408743,3.14994148717272,5.29704918849684,0.498606980508331
"10962","TPX2",0,0,0,0,3.33397016838111
"10963","TRA2A",1.19052004574486,0.102426844951754,0,0.192363229682524,0.000641726051593053
"10964","TRA2B",7.02243878947476,0.07319480360999,0,2.05949655241522,0.24159441295558
"10965","TRABD",0.488820042771854,4.69995849458776,0,3.19062978131539,4.29008177210842
"10966","TRABD2A",0,0,0,0,0.0444166247742821
"10967","TRAC",0,0.640565930936016,0,0,0.0566577839793655
"10968","TRADD",0.0652134983289941,4.60384503989912,0,0.460618881367923,3.1128541802821
"10969","TRAF1",0,0,0,0.901915023772057,2.29570740040961
"10970","TRAF2",0,0,0,0,1.47043640823106
"10971","TRAF3",0.302634870831906,1.48896033144333,0,6.40905480881607,3.16952050961805
"10972","TRAF3IP1",0,0,0,0,0.0103574623067533
"10973","TRAF3IP2",0,0,0,0.462087217767102,1.48267813933304
"10974","TRAF3IP2-AS1",0,0,0,0,0.940329503084907
"10975","TRAF3IP3",1.21850912167599,1.94721873143391,0,1.00565512547964,0.880270706344051
"10976","TRAF4",3.88104492837301,13.9752222710128,0,0.0260568016349748,4.90323378493369
"10977","TRAF5",0.000292052341616494,0.793424689375027,0,0,0.816204609121755
"10978","TRAF6",0.39615989629273,0.736195052672262,0,0.0130842868867116,10.0834312075152
"10979","TRAF7",0.094919713155496,1.29960073655219,0,4.0534371023331,0.166413654952492
"10980","TRAFD1",0.0461916912417744,0.0552510064013129,0,0.321293810353134,0.892570660262689
"10981","TRAK1",0.169604157484189,0,0,0.449062000999257,0.00992734826369665
"10982","TRAK2",0.000696778912545952,2.92042384805592,0,0.0112628652682476,0.0499858543242415
"10983","TRAM1",0.034239252794761,0.944451391862292,4.15164152299695,1.39036358240848,0.442652303373805
"10984","TRAM2",0,0,0,0.0824740807714607,0.309126401475611
"10985","TRANK1",0,0.428830616722056,0,0.00628612359088598,0.745599968954068
"10986","TRAP1",0.411830248745414,0.931547111793895,0,0.388563162349422,1.40758417950092
"10987","TRAPPC1",0.791865227351296,0.671410284432993,0.873678410334805,0.861455391215112,2.24716771795064
"10988","TRAPPC10",0.2713546374605,1.86299660810057,0,0.15816364283322,3.14483625475528
"10989","TRAPPC11",0,0,0,0.515582110117732,1.56352512170726
"10990","TRAPPC12",1.51173952419414,0.073724890851835,0,0.294990799708744,0.00135131799955842
"10991","TRAPPC13",0,2.05552901055561,0,0.878294237792762,0.120591759887433
"10992","TRAPPC2",0.119343682831373,0.00363672291574981,1.30930852252698,0.785704180169792,0.00666312711097975
"10993","TRAPPC2L",0.03360352919582,0.00497365737697968,0,1.37731136055631,0.515978900721912
"10994","TRAPPC2P1",3.42315171009024,1.00343378032014,0,1.12014194079828,3.50502782537724
"10995","TRAPPC3",0.768205278071843,0.00865693317685645,0,0.42127685857349,0.839139057381171
"10996","TRAPPC4",0.255432590655019,1.91177415289388,0,2.72818915352227,1.88826371509062
"10997","TRAPPC5",0,0,0,0.0853542365997268,0.872730797534992
"10998","TRAPPC6A",0.559395214243511,3.63224265929628,0,7.34670826429693,2.01300526034321
"10999","TRAPPC6B",0.328258225029509,0.708690466483179,0,0.300894139129441,0.0321258702835672
"11000","TRAPPC8",1.46974607565842,1.4321652705758,0,0.144393504011815,0.0142992392382282
"11001","TRAPPC9",0,0.0262120917713781,0,0.0805214739251817,0.28035555128407
"11002","TRAT1",0,0,0,0,0.982436831810552
"11003","TRAV1-1",0,0,0,0,0.244250208052796
"11004","TRAV1-2",0,0,0,0,0.120981844757147
"11005","TRAV10",0,0,0,0,0.0872035147423838
"11006","TRAV12-1",0,0,0,0,0.0209126665395679
"11007","TRAV12-2",0,0,0,0,0.00407784054899405
"11008","TRAV12-3",0,0,0,0,0.0193715010063461
"11009","TRAV13-1",0,0,0,0,0.0210944562260856
"11010","TRAV13-2",0,0,0,0,0.00772790365662477
"11011","TRAV14DV4",0,0,0,0,0.0866935532494576
"11012","TRAV16",0,0,0,0,0.0117510539574578
"11013","TRAV17",0,0,0,0,0.150365326274241
"11014","TRAV18",0,0,0,0,0.311415555357067
"11015","TRAV19",0,0,0,0,0.252517918144227
"11016","TRAV2",0,0,0,0,0.079195514351386
"11017","TRAV20",0,0,0,0,0.00667382278006884
"11018","TRAV21",0,0,0,0,0.00787162865088959
"11019","TRAV22",0,0,0,0,0.463021012073565
"11020","TRAV23DV6",0,0,0,0,0.0743723365088207
"11021","TRAV24",0,0,0,0,1.29011357845844
"11022","TRAV25",0,0,0,0,0.00212555043720778
"11023","TRAV26-1",0,0,0,0,0.586860056793293
"11024","TRAV26-2",0,0,0,0,0.0100475724897211
"11025","TRAV27",0,0,0,0,0.0674004458629374
"11026","TRAV29DV5",0,0,0,0,0.0460399545529924
"11027","TRAV3",0,0,0,0,0.0176866953712673
"11028","TRAV30",0,0,0,0,0.000190860903562766
"11029","TRAV34",0,0,0,0,0.877402622405371
"11030","TRAV35",0,0,0,0,0.506727835835119
"11031","TRAV36DV7",0,0,0,0,0.237890635085856
"11032","TRAV38-1",0,0,0,0,0.0668529935725643
"11033","TRAV38-2DV8",0,0,0,0,0.00196338823943404
"11034","TRAV39",0,0,0,0,0.0604947387289617
"11035","TRAV4",0,0,0,0,0.775564882662779
"11036","TRAV40",0,0,0,0,0.0410011475816123
"11037","TRAV41",0,0,0,0,0.0825265692252424
"11038","TRAV5",0,0,0,0,0.54538170036892
"11039","TRAV6",0,0,0,0,0.165613065693745
"11040","TRAV8-1",0,0,0,0,0.610044506686202
"11041","TRAV8-2",0,0,0,0,0.706852513774812
"11042","TRAV8-3",0,0,0,0,0.208958495276613
"11043","TRAV8-4",0,0,0,0,0.523675072917529
"11044","TRAV8-6",0,0,0,0,0.00368013827671182
"11045","TRAV9-2",0,0,0,0,0.000188778932548978
"11046","TRBC1",0,1.17845186256075,0,0,0.454273274526639
"11047","TRBC2",0.0854696478680457,1.14830300903739,0,0,0.00765642653651092
"11048","TRBV10-1",0,0,0,0,0.000275830791942815
"11049","TRBV10-2",0,0,0,0,0.133703349801418
"11050","TRBV10-3",0,0,0,0,0.0435533149070309
"11051","TRBV11-1",0,0,0,0,5.11429411556068
"11052","TRBV11-2",0,0,0,0,0.102703883871202
"11053","TRBV11-3",0,0,0,0,0.376508150151617
"11054","TRBV12-3",0,0,0,0,0.0010905952519582
"11055","TRBV12-4",0,0,0,0,0.0877069627934595
"11056","TRBV12-5",0,0,0,0,0.778023759486805
"11057","TRBV13",0,0,0,0,0.578029154747915
"11058","TRBV14",0,0,0,0,1.68696235047534
"11059","TRBV15",0,0,0,0,0.00555808113433842
"11060","TRBV18",0,0,0,0,0.00247017385803877
"11061","TRBV19",0,0,0,0,0.0188682185047537
"11062","TRBV2",0,0,0,0,0.0890820117592308
"11063","TRBV20-1",0,0,0,0,0.402434871515852
"11064","TRBV21-1",0,0,0,0,0.0350648384878799
"11065","TRBV23-1",0,0,0,0,0.137602116211976
"11066","TRBV24-1",0,0,0,0,0.194822042584714
"11067","TRBV25-1",0,0,0,0,0.00141152089964348
"11068","TRBV27",0,0,0,0,0.526599464715839
"11069","TRBV28",0,0,0,0,1.27806681172693
"11070","TRBV29-1",0,0,0,0,0.0121793203244515
"11071","TRBV3-1",0,0,0,0,0.0149324673402467
"11072","TRBV30",0,0,0,0,0.659952419424175
"11073","TRBV4-1",0,0,0,0,0.106435152678963
"11074","TRBV4-2",0,0,0,0,0.370548746894904
"11075","TRBV5-1",0,0,0,0,0.000115221685878314
"11076","TRBV5-4",0,0,0,0,0.000324532324869219
"11077","TRBV5-5",0,0,0,0,0.537361056339623
"11078","TRBV5-6",0,0,0,0,0.00017462911106434
"11079","TRBV6-1",0,0,0,0,0.0399587963565743
"11080","TRBV6-2",0,0,0,0,0.000596501046378698
"11081","TRBV6-4",0,0,0,0,0.000909496767769309
"11082","TRBV6-5",0,0,0,0,0.276817306893928
"11083","TRBV6-6",0,0,0,0,0.118905087158928
"11084","TRBV7-2",0,0,0,0,0.0244562959904089
"11085","TRBV7-3",0,0,0,0,0.0469053264635679
"11086","TRBV7-4",0,0,0,0,0.0562796031692291
"11087","TRBV7-6",0,0,0,0,0.0360509123586236
"11088","TRBV7-7",0,0,0,0,0.135315159878148
"11089","TRBV7-9",0,0,0,0,0.0215088337010624
"11090","TRBV9",0,0,0,0,0.701994348253836
"11091","TRDC",0,0.0215307279254448,0,0,1.04973070239899
"11092","TRDMT1",0,0,0,4.32266432821193,1.34175420324166
"11093","TRDV1",0,0,0,0,1.07917027521577
"11094","TRDV2",0,2.08851352119538,0,0,1.91814491218514
"11095","TREM1",0,0,0,5.96103189501681,0
"11096","TREML1",0,0,0.720552455488754,0.648342740648663,0.303103029435152
"11097","TRERF1",0,0.664184354454069,0,0.472039215691336,5.86529081297607
"11098","TREX1",0,0,0,0.0367342369104814,0.0145914994156189
"11099","TRG-AS1",0,2.86741815408726,0,2.46629575990629,9.02405506725753
"11100","TRGC1",0,0.308784637050513,0,0,0.438920959715543
"11101","TRGC2",0,0.216662964945885,0,0,0.014427461406683
"11102","TRGV10",0,0.296109186868961,0,0,0.0371067338449301
"11103","TRGV2",0,0,0,0,0.0187650228670801
"11104","TRGV3",0,0,0,0,0.070990152099102
"11105","TRGV4",0,0,0,0,3.44419719491545
"11106","TRGV5",0,0,0,0,0.0456388647585628
"11107","TRGV7",0,0.0358709984657318,0,0,0.000419615675704253
"11108","TRGV8",0,0,0,0,0.200813734581229
"11109","TRGV9",0,0.447345807880329,0,0,0.284055736895232
"11110","TRIAP1",0.347555127097364,0.367941900041134,0,0.734386055244928,0.219903395365733
"11111","TRIB1",0,0,0,0.0573053103900411,1.06329366333246
"11112","TRIB2",0.411745627374908,4.01978079686244,0,0,0.765820577546724
"11113","TRIB3",0,0.00188472518611077,0,0.65540117077085,3.54132600844411
"11114","TRIM11",0.397888585375014,8.03660341096276,0,0.601297842041899,0.835713681963488
"11115","TRIM13",0.782987011891349,1.45095317853021,2.13643457472052,7.29239763484048,2.37024609212537
"11116","TRIM14",0,1.10164796459111,0,0.000897853100706593,1.47269835888011
"11117","TRIM16",0,0,0,0,0.00429399778910212
"11118","TRIM16L",0,0,0,0,5.92575518989235
"11119","TRIM21",0,2.28766984529019,0,0.681510519347624,0.0732542011553894
"11120","TRIM22",1.91207962767896,12.8748981230224,0,8.81485212229001,1.93858702314618
"11121","TRIM23",0,0,0,1.15182456719531,4.79987910399803
"11122","TRIM24",0,0,0,0.783015474984367,0.477540746462912
"11123","TRIM25",0,0.781400133074849,0,0.00529592812815596,1.09872024743499
"11124","TRIM26",1.51806509476896,2.55324221069458,0,0.716759686852624,8.6018676618575
"11125","TRIM27",0.604366445120921,0.0827216452159067,0,0.941153287764538,0.0415634409261699
"11126","TRIM28",4.83918900606145,0.554070087674092,0,0.000216420132218262,0.77447057492373
"11127","TRIM3",0,0,0,0.667220028862207,1.96677028593209
"11128","TRIM32",0,0,0,0,0.0404520112682735
"11129","TRIM33",0.0668248197285684,2.75336263042622,0,0.144339599473547,0.828628273479878
"11130","TRIM35",0,0,0,0,0.110311080945248
"11131","TRIM37",0,0.100031790651235,0,1.55939895316203,0.58173236630566
"11132","TRIM38",2.46397717054432,1.64255452933683,0,9.62461343379552,2.67039606080824
"11133","TRIM39",0,0,0,0.0157897721557222,1.23531816763791
"11134","TRIM4",3.38784958334801,0.00279969927558858,0,0.0368892643029768,1.09109197840027
"11135","TRIM41",0,0.69527136802334,0,0.294240268588851,0.101471349951078
"11136","TRIM44",5.00990409504645,0.20103998877607,0,1.16074776258286,1.57543430492259
"11137","TRIM46",0,0,0,0,2.4726944805782
"11138","TRIM47",0,0,0,0,0.121730416533227
"11139","TRIM5",0,1.15458451427631,0,2.39006699721311,3.94431241687951
"11140","TRIM52",0,0.493569471174702,0,1.07296251814844,2.66388116095216
"11141","TRIM56",0.0103515580377173,0.264335102485295,0,0.24989129660828,0.116126117999323
"11142","TRIM58",0,0,8.49641973997552,2.53977911933243,1.39725757851533
"11143","TRIM59",1.19413115835991,0,0,0,0.0470629422689029
"11144","TRIM61",0,0,0,0,4.87125388788187
"11145","TRIM62",0,0,0,2.43941446543508,1.45258555758702
"11146","TRIM65",0,0,0,0.165135256708705,0.0171549698508612
"11147","TRIM66",0,0,0,0.360729075204399,2.29664402798777
"11148","TRIM68",0,0,0,0,0.216635958429709
"11149","TRIM69",0,6.01591247055947,0,1.84028566611437,6.95387791067499
"11150","TRIM7",0,0,0,10.5794673001927,0
"11151","TRIM73",0,0,0,0,2.2140129389299
"11152","TRIM8",0.000396194214885852,0.51339527609956,0,4.10565870979189e-05,5.13793657017857
"11153","TRIO",2.55524190980484,0,0,1.43965305273729e-06,0
"11154","TRIOBP",0,0.0209618968334862,0,0.0305900993486877,0.686826030152096
"11155","TRIP11",0.0572359654861694,1.56823344482688,0,0.645054850926832,1.03206560533894
"11156","TRIP12",0.0727045974952941,0.0719539351401833,0,0.0104410155339014,0.00240773957771106
"11157","TRIP4",0,1.1064330356525,0,0.330974312428547,0.176553367104002
"11158","TRIP6",0,0,0,1.28806542670452,3.30958643593579
"11159","TRIQK",0,0,0,5.63576507592548,0.0746759415269421
"11160","TRIT1",0,0,0,1.25576406583842,3.10262750805762
"11161","TRMO",1.32532321669218,3.04531941912373,0,6.08374930199853,1.1810559299231
"11162","TRMT1",4.38914947415204,6.6693263072101,0,4.14322562350153,0.974537475289784
"11163","TRMT10A",0,0,0,3.60266112252323,0.8390883471485
"11164","TRMT10B",0,0.0712801467545813,0,0.238725405530333,0.308228558788084
"11165","TRMT10C",0.901779009861463,0.254489843383371,0,1.39076337791141,3.24754929208393
"11166","TRMT11",0,0,0,0,0.413777811615931
"11167","TRMT112",2.59409390223543,0.895667729527503,0,0.165549162206662,2.99992211005572
"11168","TRMT12",0,0,0,0,0.0125737573427764
"11169","TRMT13",0,0.00471591868652783,0,1.84622992449829,2.57036416211962
"11170","TRMT1L",0,0,0,4.35823355782565,4.95867717088666
"11171","TRMT2A",0.32465321526703,0.612501687746571,0,0.117793062179478,0.0897140891590207
"11172","TRMT2B",1.09685791603217,0.40734086922147,0,3.56581682063546,0.977815065369119
"11173","TRMT44",0,0,0,0,0.211708899490269
"11174","TRMT5",0,0,0,0,1.71782252263717
"11175","TRMT6",0,0,0,0.897057119781908,1.19741743590508
"11176","TRMT61A",0.401163921118418,0,0,0.363393741241213,0.283025569278349
"11177","TRMT61B",2.34913445684696,0.734365361753143,0,1.1572888729804,0.160697920636443
"11178","TRMU",0.0119911876068241,0.0424705019635162,0,0.33478333649006,2.53314266351089
"11179","TRNAU1AP",5.47012771029285,1.70812809006464,0,0.245762244347995,0.824574446095468
"11180","TRNT1",0.164814921982236,0.000562567039738084,0,0.154041044836817,0.0976990246348954
"11181","TROVE2",0.686612153493831,5.9057026796291,0,1.57237028810153,1.78134719930505
"11182","TRPC1",0,0,0,0,0.527909374883924
"11183","TRPC4AP",2.1990936626404,8.83377176937408,0,1.39072755747925,7.55745476805379
"11184","TRPM2",0,0,0,3.63784170548798,0
"11185","TRPM4",0,0,0,4.12038082547756,0
"11186","TRPM7",1.89293622417644,0.144190920251337,0,0.491648060794609,0.0424716427309219
"11187","TRPS1",0,0,0,1.43280406488733,0.0270691431268037
"11188","TRPT1",0.163064379507321,1.99015175370527,0,1.1186040659717,4.91262305152001
"11189","TRPV2",0,0.855994960730886,0,0.929785708498594,0.453330406368127
"11190","TRRAP",0,0.743305993396395,0,0.000812566072719577,1.12651132827677
"11191","TRUB1",0,0,0,0,0.78943981373891
"11192","TRUB2",0,0,0,0.489236444741966,2.5074878913626
"11193","TSC1",0,0.342481417118717,0,3.02549963880235,0.703150448958054
"11194","TSC2",1.27784522661532,0.156126230861301,0,0.0013869012276669,0.056187077882658
"11195","TSC22D1",0,0,9.59528327778933,0.13187604182897,8.34824656502107
"11196","TSC22D2",0.427743249742507,0.0273302835479151,0,5.66065292812496,1.15667752668133
"11197","TSC22D3",5.53451056084995,3.08301453092547,2.02710463842048,10.714433342136,1.32559896811073
"11198","TSC22D4",0.78397130126431,0.288911553751022,4.11179544482194,2.10330656569299,0.246255276757255
"11199","TSEN15",1.47084126443599,0.15229281895085,0,0.026403936174492,3.2724608074828
"11200","TSEN2",0,0,0,0,0.84916793633212
"11201","TSEN34",4.33481311410769,0.00301561383150938,0,1.98836740717847,3.17750331322784
"11202","TSEN54",2.1324228910539,12.4057940851248,0,0.00781453046393498,1.74872940846065
"11203","TSFM",0,0.480960672180159,0,0.189011452063064,0.0152214250327558
"11204","TSG101",0.15980146531807,4.25764087060863,0,2.90989779670116,0.917873730626607
"11205","TSGA10",0.788818283982361,0,0,0,0.255742111089003
"11206","TSHZ1",0,1.5134261150679,0,0.976723215509151,0.0128923839726415
"11207","TSHZ2",0,0,0,0,3.97937121002778
"11208","TSHZ3",0,0,0,4.1655260728209,0
"11209","TSN",0.579595605081572,0.362757375580088,0,0.127926388596819,1.90582920242312
"11210","TSNARE1",0,0,0,0.247058751217924,0.845909205801307
"11211","TSNAX",0.0612531534741066,1.2184479228581,0,0.0284076823152675,0.0216412548738483
"11212","TSPAN13",0.830369716993817,0,12.8890935739723,0,0
"11213","TSPAN14",0.324110271228073,0.428456102773399,0,0.848794491788643,0.0869318885434625
"11214","TSPAN15",0,0,0,0,0.028925942404383
"11215","TSPAN17",1.88823898229308,0.862324737667037,0,0.0219672346767853,0.0440960522335352
"11216","TSPAN18",0,0,0,0,0.960264399012595
"11217","TSPAN2",0,0.443958945286981,0,0,0.57396423305762
"11218","TSPAN3",0.159811193500735,3.53537575959708,0,19.8562063414364,0.821208538768401
"11219","TSPAN31",1.31964866027769,0.0924198165209722,0,0.0111151644828733,0.889521859789306
"11220","TSPAN32",0.969330851430972,5.09827167214044e-05,0.695016427114057,0.00682161144569382,0.00741924819532159
"11221","TSPAN33",0.309235975531244,0,0,9.07288951089361,0.697620351135244
"11222","TSPAN4",0,1.19017562809411,0,12.5888046697837,1.79075711827703
"11223","TSPAN5",0,8.87215452114959,0,0,1.63531896455113
"11224","TSPO",0.215797991639768,1.57961650548147,0.237651220091599,0.991254758786935,0.111118506310497
"11225","TSPYL1",0.00360220549814168,0.0149549633742855,0,0.0590111061296044,0.0117015678214964
"11226","TSPYL2",8.6622444582958,5.04607243371867,0,0.00836508157953128,2.43087189477875
"11227","TSPYL4",0,0,0,3.61909282689016,2.68016933898453
"11228","TSR1",0.457862505782458,0.0390419942566174,0,0.943273689925917,0.765671397899632
"11229","TSR2",0.000710656013365063,4.99970449537168,0,3.47308674308791,6.99989948144171
"11230","TSR3",0.000765743396058415,0.0467566252229525,0,0.0909874722019664,0.0312260224206969
"11231","TSSC1",0.0881355998990288,1.70525272090872,0,2.46577350903166,0.138811263567851
"11232","TSSC4",0.132922528419019,0.131624078602787,0,0.368510752219886,0.804292555070078
"11233","TST",0,0,0,0.75843164622331,0
"11234","TSTA3",0.195796011104224,0.0384440034495317,0,0.0497174141546095,0.541460270528138
"11235","TSTD1",2.88262157870471,3.04181395096654,0,0.631507812675528,2.0061473461273
"11236","TSTD2",0,0,0,0.0801818339838396,1.91441105361757
"11237","TSTD3",0,0,0,0,1.14438588229064
"11238","TTBK2",0,0.343601067447843,0,0.291215118128372,1.48949881934011
"11239","TTC1",0.00312729631662804,2.09265270665733,0,7.20796177251399,0.852656652117714
"11240","TTC12",0,0,0,0,0.0181813193409776
"11241","TTC13",0,0.0412787871426506,0,2.07150236260196,3.42416971110636
"11242","TTC14",0.227358143174496,0.364406786422396,0,5.38658987197157,0.844962184131826
"11243","TTC16",0,2.85222674285821,0,0,2.82172300682529
"11244","TTC17",0.153151982864092,1.53698685885378,0,0.302031675596562,0.750663312799846
"11245","TTC19",0.000408587397269122,0.0266037566767043,0,0.0170517501484812,0.0262963646068198
"11246","TTC21A",0,0,0,0,2.74335629076325
"11247","TTC21B",0,2.05855990703816,0,2.16473101772784,4.0559349365315
"11248","TTC22",0,0,0,0,0.0664793976660754
"11249","TTC24",0,0,0,0,4.05947021902855
"11250","TTC27",0,0,0,0,2.19277562409231
"11251","TTC3",0.256938926583372,0.000919902306861273,0,1.26569440813399,0.43855820152151
"11252","TTC31",0,0.22739524150886,0,0.970104768297673,1.91679865980467
"11253","TTC32",0.717914401604743,0.40311894671851,0,5.93805378958052,2.86802776740748
"11254","TTC33",0,0,0,0,0.69871429377884
"11255","TTC37",0.00841047186252401,0.288991166681558,0,1.81269496470863,0.418564821211238
"11256","TTC38",0,1.42611359049332,0,0.823514864854363,8.23720772534374e-05
"11257","TTC39B",0,0.155445535457884,0,0.0583080980833283,2.36635686456503
"11258","TTC39C",0.151240783598925,0.0534678391045684,0,0.0460017160269129,4.38323900721407
"11259","TTC39C-AS1",0,0,0,0,7.72862288807579
"11260","TTC4",0,0,0,0,0.0609386869321039
"11261","TTC5",0,0.346947549499453,0,1.34951062507498,0.526966723450928
"11262","TTC7A",0.794846055158768,2.37868054292623,0,3.36975849727413,1.28123726833026
"11263","TTC9",0,0,0,2.25865959566911,2.28966012996148
"11264","TTC9C",0,3.36149345938532,0,0.951064160216334,0.00111450807961314
"11265","TTF1",0.160590001530351,1.8325259052125,0,0.473911647546249,0.769471367070714
"11266","TTF2",0,0,0,1.84305542059421,0.307078042263874
"11267","TTI1",0,0,0,0,0.914072523720861
"11268","TTI2",0,0,0,0.19351115929114,4.96897714105164
"11269","TTK",0,0,0.279444423212757,0,0
"11270","TTL",0,0,0,2.79343585991633,0.752242755292618
"11271","TTLL1",0,0,0,0,0.64634218799138
"11272","TTLL12",0,0,0,1.84369297280862,0.940607711630163
"11273","TTLL3",0,0,0,3.02753923308403,4.13240833232957
"11274","TTLL4",0,0,0,0.0292513934299891,0.00126452814460652
"11275","TTLL5",0,0,0,2.86195299870155,0.207374508376037
"11276","TTN",0.00904425931282603,0,0,0,0.956194416163393
"11277","TTN-AS1",0,0,0,2.50399219356829,0.00994390264626326
"11278","TTPAL",0,0,0,0.220698411038778,0.0518247596459022
"11279","TTTY14",0,0,0,0,0.683056183823286
"11280","TTTY15",0.193768099650121,0.711246332997558,0,0.596513329472818,0.188712170304048
"11281","TTYH2",0,0,0,0.111349303034562,6.90252986465339
"11282","TTYH3",0,0,0,3.36073198661323,2.0176099496131
"11283","TUBA1A",5.1509482091986,2.43451019894114,0.108263477905781,1.89498208957988,4.07617350404033
"11284","TUBA1B",0.166025137323355,0.126127973473138,0.0639582371719188,3.10806062060693,2.16330383363323
"11285","TUBA1C",0,2.82937089880242,0.0030467346350082,0.0286459173282836,1.92104220012867
"11286","TUBA4A",0.393928222148551,1.00221971937182,0.016516375718272,2.28637716904417,0.137180764550966
"11287","TUBA8",0,0,3.18898037660982,0,0
"11288","TUBB",2.74456886116591,5.50503570838799,0.067790212059587,9.91265302072376,2.44894929224769
"11289","TUBB1",0,0,0.240379136043234,0.390299010481823,0.872041763148592
"11290","TUBB2A",1.81116780633009,0,0,0.445062281753534,1.02988192004041
"11291","TUBB4A",0,0,0,0,2.19327772864977
"11292","TUBB4B",0.87519287415907,0.0454301437980455,0.242115248861838,0.608432445676934,1.49921792950181
"11293","TUBB6",2.47917767397539,0,0,2.35455824051016,0
"11294","TUBD1",0,0,0,0,0.252347222304751
"11295","TUBE1",0,0,0,0.771024141877544,0.710884092529975
"11296","TUBG1",0,0,0,0.757964601027954,2.09253203041904
"11297","TUBG2",0,0,0,0,0.375054989304302
"11298","TUBGCP2",0.205411644639684,0.018824495549794,0,0.196173639606154,2.82000248933323
"11299","TUBGCP3",0.102215521204484,1.56908297992445,0,0.351537905697337,1.07702400750725
"11300","TUBGCP4",0,0,0,0.115202149781367,0.509600744106573
"11301","TUBGCP5",0,0,0,0.703303556739305,5.06674486517054
"11302","TUBGCP6",0.57091902317583,0.172332834740467,0,0.0538211729415343,0.166664159594972
"11303","TUFM",1.1353487682897,0.0713539474485191,0,0.00469225344253259,1.405361099167
"11304","TULP3",0,0,0,0,0.756710858613031
"11305","TULP4",3.8350487346722,3.65165617275263,0,0.0380557335614003,0.0603921604413095
"11306","TUSC2",1.2127395715904,0.30111826222249,0,0.613092332802985,0.01635656443114
"11307","TUT1",0,0,0,0,0.174934460062603
"11308","TVP23B",0,0.246894392209826,0,0.724073393075721,0.0342004506125809
"11309","TVP23C",0,0,0,0,0.176625797057914
"11310","TWF1",0.0945591554850108,0.0709639105338512,0,0.00720233829265705,3.19192483208801
"11311","TWF2",2.13515011870845,0.0271392602254358,0.0148866298648148,2.58997311559917,3.10908090171281
"11312","TWISTNB",3.08742293339347,0.332092890815138,0,0.00677579348168303,0.766498704925822
"11313","TWSG1",0,0,7.95887402113094,0.0042494023757565,0.0434613652304882
"11314","TXK",0,0.185095211388526,0,0,1.34547576328528
"11315","TXLNA",0,0.883455224335718,0,0.435748475761431,5.30849209371319
"11316","TXLNG",0,1.81194267611975,0,0.310307009940254,0.74638233885995
"11317","TXN",0.154523788074609,2.16492773998647,0.36908358186843,5.64979837543281,0.763864608196914
"11318","TXN2",0.0162976027187108,0.265108835874149,0,0.0896448240807274,0.291488603041463
"11319","TXNDC11",0.00248849616555616,0.519633070595989,0,0.510337254305091,0.143466357064284
"11320","TXNDC12",0.689611390146144,0.256711076264589,0,0.139309681133461,2.05976924756026
"11321","TXNDC15",5.23009499726734,0.0590457004719807,0,0.345222117610631,0.0372398861071927
"11322","TXNDC16",0,0,0,0.153761890166645,0.000182615406936266
"11323","TXNDC17",1.46969758902287,0.313269688645372,0,2.14857509677914,0.29588172053854
"11324","TXNDC9",0.0182198030516836,0.170129553251096,0,0.286326042978154,0.990892089377211
"11325","TXNIP",5.69163435544527,5.99896220893807,0.687004508403207,0.271195391811683,0.390620883069552
"11326","TXNL1",0.524706631771241,0.147744987740208,1.8694992432009,0.705299172418807,0.0647189091092819
"11327","TXNL4A",0.0647309416405295,0.980258207445245,0,0.0339045698347085,0.166860907917137
"11328","TXNL4B",0,0,1.78367510717983,0.0507950019155615,0.000937450065265537
"11329","TXNRD1",0,0.416494703747598,0,2.00389408367858,0.591190371399218
"11330","TXNRD2",0,0,0,0.822512942131285,0.0751030201076817
"11331","TYK2",0.0565282195950426,0.466909091653465,0,0.44320924251528,1.00860055083771
"11332","TYMP",0.584265556617442,3.60404044047945,0.264415162958306,0.523769054801098,0.00103029311973565
"11333","TYMS",0,8.70557994646651,0,0,0.905837937318837
"11334","TYROBP",3.28990314575027,0.14584273520008,2.27874708052807,0.0988311399086026,0.155026053772051
"11335","TYSND1",3.23540061156954,0.0166791486019558,0,0.43865114859519,2.38258047759177
"11336","TYW1",0,0.0516274566078822,0,0.0564157555366459,0.139343726507987
"11337","TYW1B",0,0,0,0,0.0994179671568489
"11338","TYW3",1.39146202771552,0.206954557702245,0,4.62331998646161,0.00747816084172545
"11339","TYW5",0.236943188114481,2.42674808955017,0,0.976254335338064,0.922797307098632
"11340","U2AF1",0.00681702548158477,0,0,0.82837947941398,0.600839873197255
"11341","U2AF1L4",0.268291828806417,0.863936834782611,0,1.14551639679212,0.511089966064892
"11342","U2AF1L5",0,0,0,0,4.82691204159766
"11343","U2AF2",0.385245275998598,0.555636602531299,0,0.511687906101742,2.49447927376095
"11344","U2SURP",0.00690410562575117,0.814056289684888,0,0.0847075801539688,0.246213482153142
"11345","UACA",0,0,0,0.853976232885699,0
"11346","UAP1",0,1.17923631220084,0,0.025183997992194,0.296703141320862
"11347","UAP1L1",0,0,0,0.050762428591027,4.4600786606656
"11348","UBA1",0.348779254427824,0.00477403898200246,0,0.080625300730185,0.130103809579826
"11349","UBA2",0.00316121236817517,0.107548060694773,0,0.200866864929177,0.0493206688444674
"11350","UBA3",0.501140526317859,0.406530234309022,0,0.235411009689563,0.526129763554702
"11351","UBA5",2.57336875134806,1.22880888047707,0,0.230257794124761,0.507803934853397
"11352","UBA52",0.716782201427697,0.0221955699501883,0.0674403410998883,2.16204193411603,2.98646916002322
"11353","UBA6",1.30017704254973,0.0482640024912848,0,0.240745321937485,1.02948869939786
"11354","UBA6-AS1",0,0,0,0,3.95775899109745
"11355","UBA7",0.0644710055952729,0.013376810398982,2.14216054137294,1.17007693528012,0.251420480457549
"11356","UBAC1",0,3.15427973182357,0,3.97906985643659,0.784628762717069
"11357","UBAC2",0.000385028932854838,0.000730974575603698,0.33900132740693,0.254765526226853,0.311414928421294
"11358","UBAC2-AS1",0,0,0,0.0875460955882198,0.0347678403686277
"11359","UBALD1",0.709294716933414,0.080927960861293,0,0.97745487050869,0.311510251845689
"11360","UBALD2",0.429836462779035,3.78097021698669,0,3.3929485343273,0.0190504891701841
"11361","UBAP1",1.09500626446417,1.06088063727676,0,0.27623855021273,2.57655060863198
"11362","UBAP1L",0,0,0,0,1.53898900876951
"11363","UBAP2",0,0.162686831995117,0,0.0111291199474168,0.436866242173263
"11364","UBAP2L",0.0210786989376246,0.000543978112023458,0,0.00168428351235006,1.24351687710224
"11365","UBASH3A",0,0,0,0,2.40519115243894
"11366","UBASH3B",0,18.5660429676607,0,2.69807839062459,5.84735052369956
"11367","UBB",0.210570431501269,0.00824075539248006,2.25153809852708,0.000748636739590905,0.00418502606319874
"11368","UBC",4.28853820419477,0.344635003845093,0.41766303634904,0.0635225550797095,2.48577996069328
"11369","UBE2A",1.07543441847875,0.534490549973467,2.19261335760069,0.291425894720284,0.000763446675932864
"11370","UBE2B",2.40639022944347,7.81859239456187,0.348750368723073,5.94788627978793,4.00333592046803
"11371","UBE2D1",0.857158856025689,0.0577131851117013,0,0.888124565427893,5.48598741379962
"11372","UBE2D2",0.380453421171217,0.332628170933944,0.0613111050553182,4.45298348120461,0.526631681236013
"11373","UBE2D3",0.165590005713714,0.947524250988138,0.762368275716506,0.192005254612646,1.68491718191043
"11374","UBE2D4",0,2.812873820835,0,1.28414447600944,0.376915548691609
"11375","UBE2E1",0.00890395196749701,0.35151472239429,0.557767740756416,0.175215276051064,3.58208323412675
"11376","UBE2E2",0.357028133396267,0,0,1.31572222953155,0.38460584461962
"11377","UBE2E3",4.2737743781593,2.7990746366459,0.865265702570855,14.4340025486751,0.607081561537582
"11378","UBE2F",0.722293309631002,1.37754448339918e-07,0.339126180156291,0.208463169036648,0.000560524228620826
"11379","UBE2G1",0.152014620683051,1.88244731426711,0,5.32188615680847,1.87445152402044
"11380","UBE2G2",0.108482640439566,0.248075493032376,0,1.15052175467259,0.636452830056736
"11381","UBE2H",0.354610910062359,1.96358075167822,0,0.0994789883683853,1.77632616968038
"11382","UBE2I",1.64903195790475,1.3249407566208,3.22125448287392,1.38353158643744,0.423022559895413
"11383","UBE2J1",4.18514055712898,0.104970348151738,0.050976163978541,0.872981273153023,1.40946905175313
"11384","UBE2J2",0.417406356470534,0.716765967688628,0,1.68715360219171,0.0178002356048057
"11385","UBE2K",0.43236897877996,4.03619472793877,0,0.00600405574495989,1.89415745219785
"11386","UBE2L3",0.065752512669569,0.202205606267961,0.704336592105418,0.0637524778832889,0.0644277954551794
"11387","UBE2L6",1.36079143492784,9.78441452202636,0,1.75927644353447,4.7621807112111
"11388","UBE2M",0.63268742915785,3.29966656465485,0,1.78632664836089,1.89110629607302
"11389","UBE2N",0.466352644879024,0.0264666623620711,0.0864328764062218,0.0393240323122673,0.0132993840329701
"11390","UBE2O",1.29354005434349,0,0,0.273261816371533,0.418662171364082
"11391","UBE2Q1",0.04865758127463,1.58726714537282,0,1.65793570817306,0.892247175061515
"11392","UBE2Q2",1.24449291910951,0.651229586821193,0,0.00145265536131678,2.47989172526055
"11393","UBE2R2",2.37894759197271,0.261858707103795,0,4.59168549560921,0.846144072481836
"11394","UBE2S",0.34936244325866,1.82030982704632,0,0.12063228634123,0.335444686889964
"11395","UBE2T",0,0,0,0,5.44989499185862
"11396","UBE2V1",0,0.0275459509921897,0,0.0494450914911041,0.0497776358718371
"11397","UBE2V2",0.43928021888933,0.351567817791582,0,0.228778770135669,4.27526473513006
"11398","UBE2W",0.0399552511992896,0,0,0.00393986920947154,0.0603428998706316
"11399","UBE2Z",0.18830732630879,1.56523546554777,0,1.27810043247873,0.164813564548352
"11400","UBE3A",0.0422097391869219,0.00335129177820051,0,7.19404916812306e-05,0.06201324316892
"11401","UBE3B",0,0.05527554973955,0,0.0161133190237851,0.00404838029765224
"11402","UBE3C",0,0.134871265533249,0,1.00437627774632,0.0297751848308284
"11403","UBE3D",0,0,0,0,0.100417029800926
"11404","UBE4A",0.0355369448471246,1.66669228090179,0,0.468937117577654,1.0391719082621
"11405","UBE4B",0.0905876524554372,0.0380531926241872,0,0.0335371751441376,2.09392262161489
"11406","UBFD1",0,0,0,0.0663594656564323,1.86437194382672
"11407","UBIAD1",0.505566534990627,0.54691431305175,0,0.466887609163485,0.182013958692868
"11408","UBL3",0.0941758560589802,0.330159914409971,0,1.66937516547981,0.268556042197936
"11409","UBL4A",0,6.60320149708501,0.588582793941451,0.40965529528509,0.020157806754123
"11410","UBL5",0.14879609877828,2.18927539757587,2.59660323229454,1.1907107040814,5.11259549326122
"11411","UBL7",0.0135718015907014,1.11913102443441,0,0.0521247487177865,2.04995957352298
"11412","UBL7-AS1",0,0.000792133589648947,0,0.332538626035835,0.492194166747521
"11413","UBLCP1",2.87157997945266,0.232596670183297,0,2.39496291653156,0.0393052620094066
"11414","UBN1",2.91889186015798,1.75429170314781,0,0.416906756545304,1.18848830554633
"11415","UBN2",0,0,0,0.119167960776871,1.39781458385742
"11416","UBOX5",0,0,0,2.59285522014803,1.61691385020756
"11417","UBP1",0,0.111495535261302,0,0.000781829945643064,0.528464234950431
"11418","UBQLN1",2.63144096931092,0.131821473302327,0,1.50015726316584,1.82834714789673
"11419","UBQLN2",0.0814272111305436,0.28250500625233,0,3.55928631626619,0.0415141319940578
"11420","UBQLN4",0,0,0,0.0817815381525765,0.211979668178342
"11421","UBR1",0.480545966372369,3.0081821067188,0,1.03978172564517,0.360763373516055
"11422","UBR2",0.416081950802775,0.817758068801524,0,0.00079186885399642,2.27522555905899
"11423","UBR3",0,1.50498835486373,0,0.00053961369122899,4.64000174223025e-05
"11424","UBR4",0.0843471304214566,0.0602474387754447,0,0.690046142389719,0.25734967275661
"11425","UBR5",0.710615414924469,1.61741144332345,0,0.136650669775342,2.32289057451153
"11426","UBR5-AS1",0,0,0,1.2482908513459,2.01913555162379
"11427","UBR7",0,0.708565126137528,0,3.89929916389738,1.03166671892042
"11428","UBTD1",0,0,0,0.319710018033319,3.35831598772057
"11429","UBTF",1.97879254218091,2.6178752364611,0,0.0557518743402536,0.707736582418007
"11430","UBXN1",0.319534119659985,0.276254891425616,0,6.07784672601189,1.96263733492017
"11431","UBXN10-AS1",0,0,0,0,0.00011391864876728
"11432","UBXN11",0,1.54189858218711,1.45139488427427,2.38889577901128,0.156613435193803
"11433","UBXN2A",0.823312255051166,0.01936064944412,0,1.97273517196162,3.93916225257778
"11434","UBXN2B",0,0.883907499072084,0,2.52479169936174,0.00482045860704623
"11435","UBXN4",0.843081507932737,1.05878837320611,0,0.450457738262542,0.596582343448052
"11436","UBXN6",0.178047134077862,0.0419374282289031,5.90568175810569,2.02742212339931,0.46117348090816
"11437","UBXN7",1.36450209269321,5.18021658461736,0,1.63486080168969,4.57804448173461
"11438","UBXN8",0,0,0,1.42214191902421,4.13713455656456
"11439","UCHL3",2.80348102251551,1.31156058233964,0,0.183805859408095,1.116668694842
"11440","UCHL5",0.337989186608649,0.0446093131513254,0,1.17220526116916,0.00109604508660843
"11441","UCK1",0,0.8582292079572,0,2.79899393324316,0.206450545399856
"11442","UCK2",0,0,0,1.34498902561628,0.808171429780017
"11443","UCKL1",9.65676847043946,0.688857411191081,0,1.73719855538181,0.0144938480344146
"11444","UCKL1-AS1",0,0,0,0,0.53655039456479
"11445","UCN",0,0,0,0,0.0370801997511466
"11446","UCP2",12.1170844945507,0.237280604714316,1.95649385330485,0.163048747494618,0.324672989305573
"11447","UEVLD",0,0,0,2.19107219941717,0.00539699015404088
"11448","UFC1",4.17015226814529,0.835721802741031,0.058541314041059,0.635217843487002,0.113315244227279
"11449","UFD1L",0.000908020240963912,0.0562624327981811,4.98913069167416,0.123302806133758,0.52456806002506
"11450","UFL1",10.2543301844895,0.0390099788009201,0,0.0701613823590642,0.103857688330407
"11451","UFM1",0.400632517687155,0.870694081775072,0,0.13176243413083,0.0888717869661826
"11452","UFSP2",0,0.00319900627938503,0,3.16045262492462,0.748374415799936
"11453","UGCG",0.934116808848619,0.323788089589516,0,0.120853298099912,0.00384282591912685
"11454","UGDH",0,0,0,1.74117599366024,0.0547661675238593
"11455","UGGT1",0,1.59832067025135,0,0.0706859409308237,0.68776155873306
"11456","UGGT2",0,0,0,1.46447341269169,0
"11457","UGP2",2.059635750839,0.0732209021225048,13.2732563763222,0.131778328928371,1.57613236110599
"11458","UGT8",0.259594664358639,0,0,0,0
"11459","UHMK1",0.618556004457211,0.586314480066911,0,2.64023311004726,0.203178375084355
"11460","UHRF1BP1",0,0.0809219593171588,0,3.11631231980181,0.0535269292085655
"11461","UHRF1BP1L",0,0.117700508542855,0,0.638764215743278,1.57425682666682
"11462","UHRF2",0.46822478684313,0.577790216582087,0,4.04743843150859,1.72000210226242
"11463","UIMC1",1.17767407669426,2.30262509691038,1.53511785400896,0.84640632129648,0.493770781423259
"11464","ULK1",0,0,0,0.0408059312497127,2.35455929236561
"11465","ULK2",0,0,0,0.0870459352058364,3.04634085692678
"11466","ULK3",2.0537773933113,6.43977814994574,0,3.21153462550225,0.27621995320833
"11467","ULK4",0,0,0,0.284133391908693,0.0146849923340844
"11468","UMAD1",0.00199709685152838,6.1833513774047,0,0.863876839812449,0.00422546415510501
"11469","UMPS",0,0,0,0.0104755963769734,0.0204274866062923
"11470","UNC119",2.19959422084074,0.171150894432429,0,16.6527016395769,2.21227474645009
"11471","UNC119B",0,0,0,6.95191462608426,1.43825957751955
"11472","UNC13D",0.0310988597324572,3.94729162940538,0.000986600575192411,0.612707544652949,0.0781432267844892
"11473","UNC45A",0.345697765857475,1.50955874642986,0,0.837032924253523,1.53836675116898
"11474","UNC45B",0,0,0,0,0.759737549167117
"11475","UNC50",0.232516846015968,1.26972295926921,0,0.466091773468294,0.77629227784038
"11476","UNC93B1",0.0318204420447771,0,0,1.39270504156272,0.309354878070216
"11477","UNG",0,7.36241105069587,0,0,1.7457403360492
"11478","UNK",0.0271813521163516,0.0293059098695822,0,0.00168323044790371,0.0645460521516297
"11479","UNKL",0.475677387789113,2.21137159432033,0,0.71649118122668,1.20018317070474
"11480","UPF1",0,0.0218483017058069,0,0.050439408853962,0.591579369690843
"11481","UPF2",2.36307140976065,1.07268497058114,0,0.0772547682861801,0.546062200349477
"11482","UPF3A",0.642132013270017,0.0539128916582799,3.60642817518433,0.716919249592933,0.0235452180959336
"11483","UPF3B",0.00208902989381465,0.382165362973443,0,0.0360714639299329,0.86051756577762
"11484","UPK3A",0,0,0,12.8049687371039,0
"11485","UPP1",0,0.900087690617354,0,0.00253466269820771,0.194953932749844
"11486","UPRT",0,0.833357036380565,0,1.20574212159322,0.0344938912386229
"11487","UQCC1",0,0,0,1.65497686460644,0.163670703859966
"11488","UQCC2",0.303944698937769,1.76861687096284,0,3.90178484417984,12.5155191327948
"11489","UQCC3",0.0479110668048571,2.8811289753677,0,2.60020242396741,0.85645234457324
"11490","UQCR10",1.41570159750789,2.54351954348103,0.366110909677499,0.884811022766995,6.28819117260732
"11491","UQCR11",2.14838999232511,3.2736817176261,0.623565543924502,0.309240352834974,1.54396198600891
"11492","UQCRB",0.850378960258386,0.443928482108581,0.368120311193247,0.26314869629949,0.133616496941445
"11493","UQCRC1",1.92588454836072,0.816969651853214,0,0.366753440683951,0.136751201247872
"11494","UQCRC2",0.0739125798988547,0.127207121439987,0,1.8496541152121,0.182903396025125
"11495","UQCRFS1",1.38506551415158,0.0183462955646121,0,1.32659225633009,1.43006506337522
"11496","UQCRH",5.50326327158072,0.305905445279152,0.232304316367797,0.00288797780524714,0.405496727516368
"11497","UQCRHL",0.121576564520373,0.0527800664328171,0,0.726095845488357,0.125266214227578
"11498","UQCRQ",0.784637716193418,0.937585269773106,0.207128073011502,0.292588958354454,2.03574905160339
"11499","URB1",0,0,0,0,0.857147729550165
"11500","URB1-AS1",0,0.656507508967295,0,0.00531540856381871,1.90418002591787
"11501","URB2",0,0,0,0,0.383442316679856
"11502","URGCP",0,0,0,0.59103079179173,0.227694302683244
"11503","URI1",1.06299829518723,1.11716733487541,0,0.227040596476849,0.287861482362657
"11504","URM1",0.476294758052535,3.5727505929017,0,3.43059697439823,3.51128936713647
"11505","UROD",0.784673745526603,0.979568890538982,0.0899468794613696,1.28174913934024,0.0433561294930663
"11506","UROS",0.142607479079434,0.334660728663454,0,7.19443227735297,0.103522970288242
"11507","USB1",0,0.436694595913637,0,0.121713002043341,0.631473735563867
"11508","USE1",0.0113439400639681,1.52870465897377,0,1.13714046331716,1.12425887150868
"11509","USF1",0,0,0,0.455568205240549,1.42909972679337
"11510","USF2",0.260674362357544,5.36795361625527,0,0.467592205097119,1.69009937817174
"11511","USF3",0.000227907512792733,3.24539881983737,0,0.337767838452868,0.0084616678355573
"11512","USMG5",0.0579763536302866,5.30069277799648,0.554724606347687,0.603651336149437,1.63372009384912
"11513","USO1",1.26407235473716,0.0868243871203788,0,1.66438804379362,0.179127300099585
"11514","USP1",8.65468661917013,2.64092711511948,0,0.613197581774215,2.23498881620342
"11515","USP10",0.236085150183914,0.130005210852962,0,0.937486344314712,3.66138055576053
"11516","USP11",0.647126436111265,0.910113094125203,0,0.664417868453855,0.444483445902842
"11517","USP12",4.02205045143396,1.68063069516029,0,0.54119711970975,3.31590955129589
"11518","USP13",0,0,0,0,0.125915901984615
"11519","USP14",0.160800515339772,0.0976257085243735,0,0.00569254306098584,0.259138675627439
"11520","USP15",0.913481376328931,0.166916345549891,0,5.1914654532956,0.647445215073796
"11521","USP16",0.083628917643481,2.52453769450465,0,0.00799348018697604,3.17900011771651
"11522","USP18",0,0,0,2.19090372363783,0.104522768485716
"11523","USP19",0,0.941652930810421,0,0.000975135460610061,0.0232600910690796
"11524","USP20",0,1.35628423459131,0,0.624212494966248,0.00493776996852578
"11525","USP21",0,0,0,0.097493175371653,0.284713086215929
"11526","USP22",4.66898584192257,0.570843777477783,0,0.937210909358971,2.50386244000876
"11527","USP24",0.244923257567688,0.719918992115993,0,0.139383634344132,0.180314695266868
"11528","USP25",0,2.06975572517965,0,0.000396301846614116,0.187590766312044
"11529","USP28",2.09013545498377,0.16252252406475,0,0.853063944361465,0.25694655484373
"11530","USP3",6.65807026890993,3.87490545170887,0,0.0129659471199426,7.19450337498922
"11531","USP3-AS1",0,0,0,0,0.956422651999485
"11532","USP30",0,0,0,1.566141891657,6.67684496006027
"11533","USP30-AS1",0,4.93862567509237,0,2.82270158929946,2.15287550126348
"11534","USP31",0,0,0,0,0.0338219404057474
"11535","USP32",0,0.83118046028908,0,5.29841389960334,0.258836919078334
"11536","USP33",0.222779892878254,0.434687584201705,0,0.942419920495681,0.228445195245323
"11537","USP34",0.141571382965998,0.240943942152592,0,0.896499616806232,0.0735886492305696
"11538","USP35",0,0,0,0,2.21064083694969
"11539","USP36",0.482845583298867,2.07940565712765,0,0.128237175213981,4.80310553791683
"11540","USP37",0,0,0,0.260860429230353,0.436630669797171
"11541","USP38",0.347751096159944,0.565204572804065,0,1.74937600350716,2.15441738259613
"11542","USP39",0.0432753814061127,0.926968221887448,0,0.15708047882333,1.84358545839293
"11543","USP4",0.0367188202147609,1.1940249068106,0,0.0388592605763277,0.569809196137965
"11544","USP40",0,0,0,0.610875040668622,0.793070484803837
"11545","USP42",1.06897834587751,1.11348167518081,0,4.0466142916563,3.61356627048053
"11546","USP44",0,0,0,0,0.797117570730535
"11547","USP45",0,0,0,0,0.174035373285816
"11548","USP46",0,0,0,0.320199670708607,3.27969896690636
"11549","USP47",1.40110409499133,1.57835036201981,0,0.924003320939264,2.10365116404555
"11550","USP48",0.0395048173570198,1.44436927303382,0,3.32303361009084,0.0384600419649721
"11551","USP49",0,0,0,4.3769881099105,0.102389552607147
"11552","USP5",0,0.0029221400518504,0,0.679090085603261,0.0349519502502853
"11553","USP51",0,0,0,0,0.0162367675964395
"11554","USP53",0,0,0,0,0.0659107954728983
"11555","USP6NL",0.43181928227726,0,0,1.19900688226513,1.4063518966459
"11556","USP7",0.0406138351138385,0.293467037435344,0,0.0120664337637851,0.459305453061758
"11557","USP8",0.213601625435124,2.84647463722231,0,0.465401471528646,1.3162100928815
"11558","USP9X",8.37014366948155,0.41117502351096,0,0.16792481732339,0.00032022751859637
"11559","USP9Y",0,0.00455574352257876,0,0.448205560715676,0.00483060116704057
"11560","USPL1",4.2823715997594,3.77301111952473,0,0.392980458794414,0.832876370339773
"11561","UST",0,0,0,0,0.344497762784003
"11562","UTF1",0,0,0,16.2352697800473,0
"11563","UTP11L",0.469598456588345,1.14425840872425,0,0.0879231148511449,0.078574836085272
"11564","UTP14A",0,0.0357426042694124,0,4.40089243435765,0.690481419518644
"11565","UTP14C",0,0,0,0,0.776528586697525
"11566","UTP15",0,0,0,1.04664763894807,0.303399537370531
"11567","UTP18",1.74502983500894,0.0517863875879699,0,0.629332403503059,0.851529389371285
"11568","UTP20",0,0,0,0,2.59579759198277
"11569","UTP23",0.493183337117636,0.0291322031143358,0,1.07861737380882,0.381798178695743
"11570","UTP3",3.72634456853663,0.00906167784547749,0,2.83990582469296,0.501484608538145
"11571","UTP4",0,0.011625090219877,0,0.0130937016663557,0.969249133724289
"11572","UTP6",1.38231429013698,0.385236488606678,0,6.5024368021613,3.88766701990667
"11573","UTRN",0.00845071185879701,0.316451930474433,0,0.0891204256594743,0.450836794637858
"11574","UTS2",0,0,0,0,1.99249433716072
"11575","UTY",0.304920836445161,3.85977019648316e-05,0,0.109430544107953,0.144119806723847
"11576","UVRAG",0.0272012354483764,0.0450078479525067,0,0.0553018818640119,0.137890697463598
"11577","UVSSA",0,0.968518793633456,0,0.00212351653499075,0.151155680557054
"11578","UXS1",0.00348665299746563,0.00370251265604461,0,0.830515367191103,0.301125020412986
"11579","UXT",0.0348612131479936,0.249450233712296,1.75315055111937,7.63573051229046,0.194720141285165
"11580","VAC14",0.0829923516841496,0,0,1.67106173238906,0.0811991174053015
"11581","VAMP1",0,3.43470490474532,0,0,0.2038342096889
"11582","VAMP2",0.714071597737336,2.6362000947033e-06,0,0.181281137286614,0.141381749715965
"11583","VAMP3",6.37468620900826,1.00716815951418,0,1.39354202508929,8.20150251325955
"11584","VAMP4",2.24342274107819,0.399587420910603,0,0.7043831482593,0.0267168022832735
"11585","VAMP5",0.518848714606107,1.87837734852454,0,0.5764167891997,1.03527060814771
"11586","VAMP7",0.0436859604820563,0.408656743550517,2.51753567743202,0.184290353907802,0.0366752031541872
"11587","VAMP8",1.19036440343629,1.13831899513997,0.000664692206631435,4.91879392143465,2.57860285537001
"11588","VANGL1",0,0,0,0,0.120969542392754
"11589","VAPA",3.05925901925812,0.264380225017514,2.79807874823029,0.186572812454259,1.37271637988016
"11590","VAPB",0,2.60625278491976,0,3.72024737179603,3.36146528154923
"11591","VARS",0,0,0,0.359217264275441,5.94260923663168
"11592","VARS2",0,0,0,0.71382466846762,0.0536716436320536
"11593","VASH1",0,0,0,1.93293965168361,0
"11594","VASP",1.85779878273072,0.0328780524652698,0.611277160782283,0.644890998169402,0.265945711596803
"11595","VAT1",0,0.717085728215825,0,1.80884838193007,2.20415591892519
"11596","VAV1",0.036639468468669,0.00162999189295707,0,0.0212992390741815,1.33081927468781
"11597","VAV2",0,0,0,1.66704659441123,0
"11598","VAV3",0.638882946919428,0.731725404727486,0,19.500591212189,1.47444829558193
"11599","VAV3-AS1",0.011689494007891,0,0,0,0
"11600","VBP1",0.00258743538059641,0.107447989780914,1.84292848472776,0.424386841189045,1.99369679650852
"11601","VCAN",0,0,0,24.3153234384842,0.910170935169449
"11602","VCL",0.00094773568769332,2.05815533646606,2.96112706502167,0.718486233361348,0.343875556093368
"11603","VCP",0.034529481314981,0.0250289096777706,0.217193287318701,1.47945737501735,0.746032253136073
"11604","VCPIP1",1.24484929266219,1.11767410190413,0,2.86519814301716,0.881385214968976
"11605","VCPKMT",3.5018352707239,0.0995040086721636,0,1.22804620319457,0.287008790137358
"11606","VDAC1",0.244134185799978,1.40666481555892,0,0.184262752632277,0.114537502499309
"11607","VDAC2",0.000717548112110623,1.49888412128277,0.044422422734921,1.1602994620744,2.83482402210929
"11608","VDAC3",0.760671446974076,13.2578230756558,0.522351768095968,0.263718359049444,2.84665102032348
"11609","VDR",0,0,0,2.66679001790224,0
"11610","VEGFA",0,0,0,9.92560003074733,0
"11611","VEGFB",0,0,0,13.109635136549,0.0208730658554851
"11612","VENTX",0,0,0,0.571516014304854,0
"11613","VEZF1",0.319443474144315,1.25522297364345,0,1.84939956994669,4.21436995267935
"11614","VEZT",0.0706983478866858,3.51552903930773,0,0.0836075858270024,1.42954396004099
"11615","VGLL4",0,1.71808497145388,0,0.00156872322962309,0.111627751107846
"11616","VHL",0.250401911286586,0.68834487115307,0,0.827366989321656,0.377228242741299
"11617","VILL",0,0.630655241563768,0,1.11473022973811,0.047557129278408
"11618","VIM",2.29764555698504,2.36432222449249,5.59762131187332,2.65028895873896,2.43349112135008
"11619","VIM-AS1",0,0.470318476916544,0,2.21710803698246,0.618287314747685
"11620","VIMP",0.00927932653759551,0.23586502904175,0,0.689165344484953,0.000686367825242779
"11621","VIPAS39",0,0,0,0.00200497879004021,0.218847551318917
"11622","VIPR1",0,0,0,1.64088317133241,0.0470840570971153
"11623","VIPR2",0,5.88277882297193,0,0,1.7850116991442
"11624","VKORC1",0,0,1.1787607651416,0.333400601179593,0.187546139844287
"11625","VKORC1L1",0,0,0,0.751846676135548,0.495317171711212
"11626","VMA21",0.442476365667442,0.870905479303903,0,0.00166239880296269,3.4186844059247
"11627","VMAC",0,0,0,0.29204002116948,0.189818494074588
"11628","VMO1",0,0,0,1.77335757800196,0
"11629","VMP1",0.525951176269478,0.000835989872522559,0,1.29129193383233,0.133357188329864
"11630","VNN1",0,0,0,3.15291200323782,0
"11631","VNN2",2.38994827524772,0.0982581470707284,0,0.362290869836902,2.098340411418
"11632","VNN3",0,0,0,0.00243905186267146,0
"11633","VOPP1",0.0581618807107719,0.078180766598487,0,6.93164481861581,0.00526309438869866
"11634","VPRBP",0,0,0,2.26162722565049,1.4289177200146
"11635","VPREB3",0.516376503144164,0,0,0,0
"11636","VPS11",0,1.89867364747991,0,0.00886223654647968,0.794833607203317
"11637","VPS13A",1.46300275006636,1.14833204918092,0,0.00147496479097015,0.150093643528182
"11638","VPS13B",0.237763978527636,0.214297443091122,0,3.05387067385483,0.919556209551957
"11639","VPS13C",0.0239393891585197,0.376170686156262,0,0.884038851619891,0.73700099648875
"11640","VPS13D",0.378802639375865,0.0154406234804503,0,0.0176129593912256,0.00113956346552075
"11641","VPS16",0,1.10818375894798,0,1.23680414033362,0.0434766538905983
"11642","VPS18",0,1.35443305455443,0,2.67764925140049,4.95420361848312
"11643","VPS25",1.46594225396993,0.0531325446594559,0,1.162339896675,0.487199019863431
"11644","VPS26A",8.20876516742445,0.0318377355553562,2.61340055531667,8.36532839651892e-06,0.341311881476778
"11645","VPS26B",0,0.112833567257325,0,3.36864332061055,0.528605453174681
"11646","VPS28",4.57672394580024,0.0125047175162017,0.0526051566621336,0.0586684507698264,0.0114603322690587
"11647","VPS29",0.00123916275284023,0.0375989496706674,1.64411303566203,0.0657948330385921,2.09201443003654
"11648","VPS33A",0,0,0,1.8909820106245,0.217880137975089
"11649","VPS33B",0,0,0,0.345416045678343,0.311278529494861
"11650","VPS35",1.68774970967389,0.00162341112859265,0,0.957006094323904,0.0589248324001197
"11651","VPS36",0.0544135687966465,0.00626806006302053,0,0.697407799191144,0.841404209144787
"11652","VPS37A",0,0.000789671174996597,0,0.486365694728851,0.0223172852500632
"11653","VPS37B",0.0549139563673105,8.36102384026691,0,0.18463983893834,1.90602306438574
"11654","VPS37C",0,0,0,1.76734647523845,0.0589356377765078
"11655","VPS39",0,0.70729750926506,0,0.033573555368961,0.307666578849698
"11656","VPS41",0.431509631295261,0.689759565171813,0,3.99074664745426,3.17762996469157
"11657","VPS45",0,2.32369346799896e-05,0,6.29307137916584,2.33949780354576
"11658","VPS4A",0.101876276206072,0.0122994441735887,0,0.0182971986805948,0.769857355392362
"11659","VPS4B",0.145037932459554,0.107744021590095,0,1.58487326317214,0.00497294518944096
"11660","VPS50",0,0,0,0.575236404302657,0.0466819675878228
"11661","VPS51",0.000322264419147776,0.410180884544766,0,6.14349719711103,2.92053496502249
"11662","VPS52",0,0.660981692703321,0,0.647033905807208,1.5021294353885
"11663","VPS53",1.01031507604457,0.028138183718882,0,0.120030052750876,0.0953949594168236
"11664","VPS54",0,0,0,0.0194988475021763,1.87279408145795
"11665","VPS72",0,0.00290111447393721,0,0.0120036078247688,0.534479740107289
"11666","VPS8",0.204740939023431,0.165486552830386,0,3.20659681850095,6.09307692564322
"11667","VPS9D1",0,0,0,0.374269161769288,0.0436815211355342
"11668","VRK1",0.809233211043913,4.98411984313632e-05,0,0.00817771957274404,0.0570738910300044
"11669","VRK2",0.00832443459420051,0.290854268229852,0,1.52103762938044,0.0125018094794115
"11670","VRK3",0.0169027630636078,0.0227841516952609,0,0.979024146458848,0.00721519421244662
"11671","VSIG1",0,0,0,0,0.538737385746547
"11672","VSIG10",0,0,0,0,4.23044605507196
"11673","VSIG4",0,0,0,28.6774636165423,0
"11674","VSTM1",0,0,0,1.45931158380029,0
"11675","VTA1",0,0.225080275551901,0,14.0933794931093,0.298401873504396
"11676","VTI1A",0.0529298326405792,0.832601546290287,0,0.636203920533698,1.7634906647623
"11677","VTI1B",5.19890577268258,0.540711946414145,2.47268621676781,2.9355242606091,0.506609428597794
"11678","VWA5A",0,0,0,1.55805571163882,0.164610259517508
"11679","VWA8",0,0.253492910375002,0,0.211679261615377,0.486678330034829
"11680","VWA9",0,0.404648377816422,0,1.06621720934492,0.468069331031579
"11681","WAC",0.00172217670546212,0.881513560632857,0,4.2249027837428,1.65301683766663
"11682","WAC-AS1",0.305453353191984,1.37923739562038,0,0.638390490013602,1.07329988769586
"11683","WAPL",1.22538502417277,0.00673176843867734,0,2.45779939002949,0.0438107986273618
"11684","WARS",0,4.0104155510021,0,7.03185201532976,3.60615677740849
"11685","WARS2",0,0,0,0.0101946429263222,0.324090714959321
"11686","WAS",0.140270214850437,5.94612004040494,0,0.59351058972101,1.87636843844692
"11687","WASF2",0.0406814588047845,0.124887873132889,0.113292024343739,9.39904450586954,1.97740431498527
"11688","WASF3",0,0,1.72688969969628,0,0
"11689","WASH1",0.478729942567541,1.22970608478688,0,0.0476805729517979,0.670990969450274
"11690","WASL",0,0.114717557932262,0,2.13589945403656,0.59202642021411
"11691","WBP1",2.71564426262696,0.275986231137022,0,0.389800664403705,0.0160836328066302
"11692","WBP11",0.94803766056894,3.82132366733638,0,2.06600983955783,4.57105870813565
"11693","WBP1L",0.132141939392013,0.102107128520361,0,1.55122660492031,0.171130439025224
"11694","WBP2",0.0189650705872923,3.6912656534431,0.446300898479684,2.43446314670103,5.71148663269847
"11695","WBP2NL",0,0,0,0,0.00285884001974232
"11696","WBP4",0.140351222230744,0.0709567667687235,0,0.0897272079427572,0.610931159637128
"11697","WBP5",0,0,1.87227571953369,0,0.288290768503047
"11698","WBSCR16",0,0.0167634172114137,0,1.63339112808659,1.48812146832683
"11699","WBSCR22",0.245362745429418,0.000140394704951639,0,0.221890868805703,0.303119900730542
"11700","WDFY1",1.48316985750665,0.33561833575865,0,2.10242924974716,2.88208717536958
"11701","WDFY2",0.348743336995346,0.0222410458044192,0,5.7414137069477,3.75868002040115
"11702","WDFY3",0,0,0,10.4817254304192,0
"11703","WDFY4",6.44477304492559,0,0,1.53059621115579,0
"11704","WDHD1",0,0,0,0,0.0421903213213324
"11705","WDPCP",0,0,0,0.842930740603076,0.264845348476644
"11706","WDR1",6.38064902151134,0.796906731086901,1.5466477728524,1.35830595443642,0.290615612716159
"11707","WDR11",0.33322620463765,0.0330759735855411,0,9.25748451203782,0.119770433828889
"11708","WDR12",0,0,0,3.88087426491118,5.06279064364492
"11709","WDR13",1.51172408024295,0.369724743144803,0.107200116524925,0.170810372821098,0.00182363673697702
"11710","WDR18",0,2.97474926169999,0,4.11458716556016,3.31336232569568
"11711","WDR19",0,0,0,0,3.27561059139415
"11712","WDR20",1.1082747086194,0.972160819137687,0,0.471459886370782,8.66761530527213
"11713","WDR24",0,0,0,0.364350874924363,0.311101730418416
"11714","WDR25",0,0,0,1.16243844903834,1.60518518206402
"11715","WDR26",2.51322090576879,0.148568853849967,0,0.0158009093365327,0.555812101420277
"11716","WDR27",0,0,0,0,2.13085044842226
"11717","WDR3",0,0,0,0,2.24402251971202
"11718","WDR33",2.93252581625211,0.289853584303597,0,0.283395731225233,0.752960670906617
"11719","WDR34",0.0232530471753343,0,0,0,0.0356966839197661
"11720","WDR35",0,0,0,0,0.36838408274539
"11721","WDR36",0.0630833412909657,0.755380736188637,0,0.63586909458016,0.296900761634591
"11722","WDR37",0.00187464286104952,0.199137408663058,0,3.45077869559632,0.000452039609374903
"11723","WDR4",0,0,0,0.434289160618846,0.223045932890634
"11724","WDR41",0,0.07758657490862,0,0.599133542667008,1.85049912726412
"11725","WDR43",0.305155540956689,0.965249576292121,0,2.65533876124408,2.32981479976833
"11726","WDR44",0,0,0,0.119657435302348,1.39692241098865
"11727","WDR45",1.74467309413872,0.00364833003221444,0,0.0163757318642451,0.0224167704133408
"11728","WDR45B",10.2951027482298,0.373087906770194,0,0.142240490229703,1.79713332704965
"11729","WDR46",0.00689600157499301,2.65609428991637,0,0.166575344855563,0.341238523637113
"11730","WDR47",0,0,0,0.3301462776719,2.06110486200074
"11731","WDR48",4.74426279135013e-06,6.22368091625209,0,0.0468943007311861,5.97923534395923
"11732","WDR5",0,0.00215530726641201,0,3.39405592193944,0.0326799842788834
"11733","WDR53",0,0,0,0,3.07918644315093
"11734","WDR54",0.00988924182512634,2.41656418132967,0,0.0977386129113969,0.19362672345375
"11735","WDR55",0,0.738082528409411,0,2.23485444838121,1.68704257363526
"11736","WDR59",0,0.0324347625981122,0,0.899948834368611,1.98813237379956
"11737","WDR5B",0,0,0,0,0.00784661952519824
"11738","WDR6",0.487467222245921,0.723507014209145,0,0.0656332293837519,2.37691075860049
"11739","WDR60",0,0.241065691665214,0,0.0780549553151242,0.057581658233898
"11740","WDR61",0.522251498782369,0.202473905502281,0,0.141966192931879,1.70230450997244
"11741","WDR7",0,0.261454022011415,0,0.689654193559969,0.120689487925056
"11742","WDR70",0.0235548218374986,0.000632338080747253,0,1.48202091260275,0.263161327173222
"11743","WDR73",0.0539659740819529,0,0,0.0373608439320113,0.0734048841271562
"11744","WDR74",3.77629455657126,0.22761772623182,0,0.87951759396681,3.57530157481508
"11745","WDR75",0.000699627456473362,0.946590999205481,0,0.788757840699972,0.0923337199390395
"11746","WDR76",0,0,0,0,0.506379621297318
"11747","WDR77",1.18504633020654,0.0666524952829705,0,0.0985310066249298,2.65690483103288
"11748","WDR81",0,0,0,1.54527459229571,5.01564465133491
"11749","WDR82",0.623138756308789,0.0149981263175766,0,13.7901349024184,0.140579171842668
"11750","WDR83",0,0.145787427730018,0,0.0346791592745059,0.0609940102385084
"11751","WDR83OS",0.042389555296082,0.52348564654251,0.495608531223158,0.110163400216532,2.29788704344303
"11752","WDR86",0,0,0,0,3.2197632731935
"11753","WDR89",0,0,0,0,1.30148221784645
"11754","WDR91",0,0,0,0.430364858674554,1.58889328995987
"11755","WDR92",0,0,0,0,1.03149830818087
"11756","WDSUB1",0,1.88596897422824,0,1.0957264569688,16.1695568696968
"11757","WDTC1",0.598354830131655,0.482258371695289,0,0.217636722564038,0.325324795821081
"11758","WDYHV1",0,3.70180858004922,0,1.73644760522162,1.42991372854579
"11759","WEE1",0,0,0,0,0.229585610369361
"11760","WHAMM",0.672200799865195,1.92757818000504,0,0.257788830078438,2.95073904405539
"11761","WHSC1",0,0,0,0.754403784247638,1.63415764328199
"11762","WHSC1L1",0.0890785732921743,0.83893344967144,0,2.07563569388752,4.20042594857293
"11763","WIPF1",0.0051677364344805,5.06438059230862,0.316486300349998,0.103031274519129,1.83695874154302
"11764","WIPF2",0.0693373617253811,1.37973434492915,0,6.63948611530489,0.812298985971333
"11765","WIPI1",0,2.81112646197756,0,2.35562968025022,0.00273111419736347
"11766","WIPI2",2.97154918767006,0.855320003945617,0,1.59293954733969,1.39488994152257
"11767","WIZ",0,0,0,1.82672093683673,5.32098145347857
"11768","WLS",0,0,0,0.524106338534937,0
"11769","WNK1",0.431086347380996,0.221079571829317,0,0.0439358365298826,0.101330694415564
"11770","WNT1",0,0,0,0,0.382902765266753
"11771","WNT10A",0,0,0,0,4.95024635028859
"11772","WNT7A",0,0,0,0,18.2455497470413
"11773","WRAP53",0,0,0,0.121340588804207,0.0345186491353337
"11774","WRAP73",5.85279589085492e-06,2.40834625967416,0,0.0145973129748368,3.8013620327983
"11775","WRB",0,2.1610633899149,13.1717243928812,0.165986492652068,0.329498515305157
"11776","WRN",0,0,0,0,0.532038955151891
"11777","WRNIP1",0,0.090422598052491,0,0.826012673830461,0.481885824183707
"11778","WSB1",2.66504675705492,0.00909745164843367,0,0.337299823315979,0.805643699016131
"11779","WSB2",0,0.21355824476406,0,0.0157138453723159,0.00638121069094807
"11780","WTAP",0.239391904116275,0.622623610988454,3.25082960491391,0.470710679055756,0.191221333641611
"11781","WWC2",0,0,0,0.00770864552585189,0.484303291617231
"11782","WWC3",0,0,0,0.475166137766491,4.03929580876368
"11783","WWOX",0,1.4739091137146,0,0.0513362674699188,0.807302208555376
"11784","WWP1",0,4.33866272064346,0,2.45158336499858,0.0162873737493815
"11785","WWP2",0.0271320489043398,2.40874823205501,0,0.00115825203161387,0.0105767980631517
"11786","XAB2",0.582768774121816,1.95596689311894,0,0.144436287524427,5.93313488345534
"11787","XAF1",25.6164720064734,10.8156254059745,0,4.53988118436604,2.43114002481355
"11788","XBP1",3.01946413429182,0.215601436193516,0.000541155281702892,6.09443321807813,0.0994481963627797
"11789","XCL1",0,0.149541929445801,0,0,0.0366138234517504
"11790","XCL2",0,0.708986524458127,0,0,9.58437121390027
"11791","XIAP",0.0351870387223927,0.222373368185481,0,2.20043828213233,1.87655059896082
"11792","XK",0,0,2.57772952539618,0,0
"11793","XKR6",0,0,0,0,0.209538209159548
"11794","XKR8",0,0.00470245084109049,0,0.16790801114201,0.00948203619451749
"11795","XPA",1.56923962422442,0.00836664809768686,0,0.566242545895003,0.853088385155659
"11796","XPC",0.0802695800653521,0.145460942032386,0,3.65169800573493,2.00701601301375
"11797","XPNPEP1",0.813580103164951,5.36014581871093,1.32382728884532,0.401026981114877,0.74021354943812
"11798","XPNPEP2",0,0,0,0,0.202147247683025
"11799","XPNPEP3",0.204138789605927,0.014671632445044,0,2.69334278105604,0.0605924642409854
"11800","XPO1",0.295904848544458,0.127397680786307,0,1.97000618093087,7.87449537974868
"11801","XPO4",0.0316135508127263,0.107467261409863,0,0.11927327802958,0.406084858243707
"11802","XPO5",0,0,0,0.392282113976994,0.331613148545339
"11803","XPO6",2.72520656115673,1.46397239109153,0,0.803687419313514,0.485587656663018
"11804","XPO7",0,6.24047922541339,0,0.261105587200608,0.0121080253243544
"11805","XPOT",0,0.416288752813104,0,5.03121780373552,1.01731864033884
"11806","XPR1",0,0,0,0.865579120539974,0.437100515703678
"11807","XRCC1",0.00962815916597962,0.367688371182477,0,0.664061619823707,0.368112409569804
"11808","XRCC3",0,0,0,0,2.14897872840195
"11809","XRCC4",0,0,0,0.863620659624046,1.02094755591969
"11810","XRCC5",2.69502455927885,0.00570950395290895,0,0.339224592766163,0.699731424207628
"11811","XRCC6",0.502917703277998,1.20838783009725,0.154299293011171,0.0255295567233618,2.083636437851
"11812","XRCC6BP1",0,0,0,0.217672081585029,0.0121006630423963
"11813","XRN1",1.40016845061568,0.103518465242221,0,0.125963076792192,0.968775073840795
"11814","XRN2",0.856819334557428,0.564097169858103,0,1.07564544421369,0.35624686259919
"11815","XRRA1",0.102307365900044,4.80728785100362,0,0.741753091326012,0.0936038269122528
"11816","XXbac-B135H6.15",0,0,0,0.0722706273253295,0
"11817","XXbac-BPG252P9.10",0,0,0,0,6.26246059914699
"11818","XXbac-BPG294E21.9",0,0,0,0,0.0276355854547776
"11819","XXbac-BPG299F13.17",2.83256734330061,2.38488214288851,0,2.76136281866357,1.63482908547895
"11820","XXbac-BPG32J3.22",0,0,0,1.30089902631668,0.00702414742395113
"11821","XXbac-BPGBPG55C20.2",0,0,0,0,0.0194091919907289
"11822","XXYLT1",0,0.00382803934878531,0,0.0127370921468981,0.0457733391435996
"11823","XYLT1",0,0.386927531317158,0,6.37608649001043,0.0545976034697473
"11824","XYLT2",0,0,0,0,0.0495343442903446
"11825","YAE1D1",0,0,0,0,0.000111630429361788
"11826","YAF2",0.0265050268923698,0.215176376871379,0,2.4045925454803,0.323961742902423
"11827","YARS",0.181897356419335,0.753703743769415,0,0.0370714725903174,0.236138321306563
"11828","YARS2",0,0.254416649763969,0,0.00819539708055797,0.358505046307343
"11829","YBEY",5.57498868167936e-05,0.721618840949113,0,0.119601350667004,0.939462901052808
"11830","YBX1",2.00342433937243,0.550638259202467,0.118341773686909,4.40369192023045,1.23263457107252
"11831","YBX3",24.7779875149825,3.90690869596053,0.702543760107152,0.956974074357382,0.153429275110635
"11832","YDJC",0.00701551960819311,0.00322016541272773,0,4.16793132216104,0.249884040030879
"11833","YEATS2",0,0.300996326090528,0,0.0765521411604396,0.250311473263944
"11834","YEATS4",0.754772310182904,1.19272102453751,0,0.200646242387082,1.03140153320566
"11835","YES1",0,4.71609042387584,0,0,1.46324057105904
"11836","YIF1A",0.378883092331034,0.59686481822543,0,0.022972355686575,4.00892923375296
"11837","YIF1B",2.4070747850878,3.20925757093195,1.09253730312109,3.47679711521605,5.87471312295576
"11838","YIPF1",0,2.813191115419,0,0.387591638615421,0.293385069306179
"11839","YIPF2",0,0.740641138182721,0,1.16226634028116,1.1304992280084
"11840","YIPF3",2.53387105760144,0.0953972374181205,1.0241811300346,2.17170076256469,0.691757449056348
"11841","YIPF4",0.124489926398606,3.48078732775919,0,1.65002264843756,1.52464183731499
"11842","YIPF5",19.1546335015987,0.275338757103103,0,1.60021484011534,7.79336877122668
"11843","YIPF6",0,0.0149821219724188,0,0.224148829076786,0.179359439832513
"11844","YJEFN3",0,0,0,0,0.125571821166732
"11845","YKT6",0.380503947047981,0.00123116279694487,0,0.0286543865515244,2.11650240739353
"11846","YLPM1",0.63948151655302,0.0404979187581326,0,0.317158026932439,0.00539130442883891
"11847","YME1L1",0.370133791344001,0.215318728487402,0,2.43461219172234,1.25233831565211
"11848","YOD1",0,0,0,0.837743210334467,0.00456124136265274
"11849","YPEL1",0.00052636091085779,0.299272572921625,0,0,0.266525218689829
"11850","YPEL2",4.35154890093417,0.896742752112431,0,0.304469987260946,1.3380638913054
"11851","YPEL3",0.000424693549251581,14.5557669407151,0,0.156875181963623,2.56945131403643
"11852","YPEL4",0,0,0,0,4.5246456106707
"11853","YPEL5",1.36072238099142,1.19823724723726,3.89504588900967,0.675603972606039,2.08246746229734
"11854","YRDC",3.33870178808442e-05,0.0571522109812966,0,0.157440069158615,0.110818879818963
"11855","YTHDC1",0.732040262012499,0.360698669467453,0,0.179169519982115,0.85954233114662
"11856","YTHDC2",0.00272585617162925,0.0439006488013155,0,0.4904510130332,0.236628110047434
"11857","YTHDF1",0,2.56549748440294,0,0.0100266910991501,7.89369687427774
"11858","YTHDF2",0.85757192890518,0.0564474682439753,0,0.59943537815276,2.1273296673619
"11859","YTHDF3",0.635021901712698,4.37002192743471,0,0.909910435783176,1.5002883065621
"11860","YTHDF3-AS1",0,0,0,0.120452082698777,0.09856677466017
"11861","YWHAB",2.92860881611567,1.09990648138677,0.0220585299928389,0.0194673595055951,1.87747352159119
"11862","YWHAE",0.0105862252235035,0.0106363802706547,1.61309005192152,0.91551322163797,0.709434464230229
"11863","YWHAG",0.128892502432112,0.00293510224037039,0,0.816695544765452,0.143090197734915
"11864","YWHAH",1.39279252113755,0.0784182796246869,0.0699733948026728,0.284509864942012,3.43994070194989
"11865","YWHAQ",0.443894289701063,3.90044546273854e-05,8.17484017979219,0.0135270428141112,0.232504342474214
"11866","YWHAZ",0.320536883310708,0.444030418606099,1.8050227935035,0.299428145965117,1.71787024682757
"11867","YY1",0.539415880920085,3.16243812843916,0,1.96091975295185,0.290399688676222
"11868","YY1AP1",0.0259545375773056,0.546170561770139,0,0.477728630382517,2.29517195469732
"11869","ZADH2",0,6.8391954756493,0,0.00452930745351233,4.14916144173523
"11870","ZAP70",0,0.197002287043549,0,0,0.17308044390851
"11871","ZBED1",0.0724471908633158,8.1426183225054,0,11.9674547676487,6.46435768120849
"11872","ZBED3",0,0,0,0.811423478858331,0.117205902698166
"11873","ZBED4",0,0.623920743872619,0,1.78704435720137,3.48728232600885
"11874","ZBED5",2.81535383057622,0,0,0.128052531284153,0.204943091516495
"11875","ZBED5-AS1",1.67878120694684,0,0,0.770746967801067,1.48437564630684
"11876","ZBED6",0,0.105903510874191,0,2.96070217693044,0.0263977238778018
"11877","ZBED6CL",0,0,0,0,0.00140927574754227
"11878","ZBP1",1.39100779821525,0.386908175248327,0,0.00865053388019174,0.300171590177865
"11879","ZBTB1",0.476284224305244,0.685149421731144,0,3.72487739843913,0.59489846530139
"11880","ZBTB10",0.624360580036676,0.0236591706735114,0,0.853110732035133,0.0096662617031387
"11881","ZBTB11",0.703838611456504,0.506980729467598,0,0.0190201602271464,0.0284087235058207
"11882","ZBTB11-AS1",0,0,0,0,0.190436795823788
"11883","ZBTB14",0,0,0,0.0263539994610293,0.0102030435233219
"11884","ZBTB16",5.70806778432231,4.4333999799701,0,10.2022611904201,1.19551265131656
"11885","ZBTB17",0.0455341793955103,0.000170016173941771,0,0.5608886434749,0.0223365809430118
"11886","ZBTB18",0,0,0,15.625812701682,1.091305064819
"11887","ZBTB2",0,5.40663691064595,0,0.313573927121399,1.17731695202452
"11888","ZBTB20",0.321485263376639,0.556768211255968,0,0.0615160728979012,0.0702953299804519
"11889","ZBTB21",0.000429163941746284,0,0,4.47444016616949,2.9416864904677
"11890","ZBTB22",0,0,0,3.60254403936954,0.246422941152204
"11891","ZBTB24",0.329313013550985,1.24726451287236,0,0.0505043237657327,2.8441613892942
"11892","ZBTB25",1.55757480703093,0.201216318984489,0,1.30724908504641,1.14704920845748
"11893","ZBTB26",0,0,0,0,0.311024627262245
"11894","ZBTB3",0,0,0,0,0.762424360579914
"11895","ZBTB32",0,0,0,0,0.0397393836825067
"11896","ZBTB33",0,0.165778328585721,0,4.66805597906627,0.139350206478295
"11897","ZBTB34",0,0,0,2.09460342265478,0.27281659912868
"11898","ZBTB37",0,1.84612226100854,0,0.256282896299077,0.245627422135321
"11899","ZBTB38",0,0.337190706062916,0,0.151650401628388,1.00714942992987
"11900","ZBTB39",0,0,0,0,5.01775044000154
"11901","ZBTB4",0,0.25084598778693,0,11.5290402406159,0.479156637970814
"11902","ZBTB40",0,0,0,1.25652149334802,0.700694142986047
"11903","ZBTB41",0,0,0,0.249358652084993,0.0165274786029643
"11904","ZBTB43",1.90243210517702,16.001507711833,0,0.0136501172532085,4.53318608925058
"11905","ZBTB44",2.75348336991547,1.53163597149012,0,0.00305350137195495,0.0247796409295043
"11906","ZBTB45",0,0,0,11.3573578802107,0.112275401165335
"11907","ZBTB48",0.342124074073244,0,0,0.159728512694406,0.0508617753538003
"11908","ZBTB49",0,0,0,0.0294507843529195,4.14788557238531
"11909","ZBTB5",0,0,0,0.0390816948913199,2.907537636822
"11910","ZBTB6",0,0,0,0.630485978485365,0.264853468703315
"11911","ZBTB7A",0.323002805274586,1.0982519480977,0,0.428214667711866,0.989419214088351
"11912","ZBTB7B",0,0.0114121560752142,0,0.132636510225716,0.0829104218668707
"11913","ZBTB8OS",0.271128544347712,0.00439214065797758,0,0.961239846793702,0.911077477273759
"11914","ZC2HC1A",0,0,0,0.296832008125766,0.928883297221993
"11915","ZC2HC1C",0,0,0,0,0.0402893346500827
"11916","ZC3H10",0,0,0,1.00502930476947,0.0513526719052517
"11917","ZC3H11A",0.000648137372538962,1.06197248712364,0,0.63666886569186,0.764160361056893
"11918","ZC3H12A",0.606437197376585,1.35128603030221,0,6.08858092691012,2.35958333807494
"11919","ZC3H12D",0.0405368735255224,0,0,0,9.10445203598479
"11920","ZC3H13",0.000597638162370573,0.953979468367023,0,0.0154122548132651,1.22724164954927
"11921","ZC3H14",0.000310267101756353,1.02911989805738,0,0.0431752467790424,0.00199213157901009
"11922","ZC3H15",2.54417710093925,0.0393959642876097,0.848424057493115,0.0453260215585223,1.58915685983597
"11923","ZC3H18",0.35274862682189,0.148743433731714,0,3.64306429473421,0.897025032562319
"11924","ZC3H3",0,0.279485087031496,0,3.3782313904185e-06,0.203063866855473
"11925","ZC3H4",0,0.512483102385435,0,3.73006445804235,1.93954478326226
"11926","ZC3H6",0,0.468940396690139,0,0.0359805468433866,0.0040890802811956
"11927","ZC3H7A",2.6170330403727,0.702660487527903,0,2.06915136701702,1.09138725206869
"11928","ZC3H7B",0,0.389645612607788,0,5.23472811378731,0.00495094561754169
"11929","ZC3H8",0.0755399788008603,0.00641311138534238,0,0.110789198937647,0.00909261944843264
"11930","ZC3HAV1",2.5845437523416,0.0232853390713721,0,0.389416823853956,0.227630439113913
"11931","ZC3HC1",0,0,0,1.52954759680845,0.112908359575121
"11932","ZC4H2",0,0,0,0,0.00063991906316525
"11933","ZCCHC10",0.254126068154173,0.0228136435563831,0,1.83381615867904e-05,0.66401540256549
"11934","ZCCHC11",1.85275095680001,2.10114351772266,0,0.442304842135775,1.42332008297686
"11935","ZCCHC14",0,0,0,0.172332087427023,0.0247355996799092
"11936","ZCCHC17",1.46298890943121,0.115631876218142,10.7575336763986,6.54373790382335,0.354565689056304
"11937","ZCCHC18",0,0,0,0,3.25244155760959
"11938","ZCCHC2",0,0.00012120605219146,0,0.0327003368091564,4.05031339037063
"11939","ZCCHC24",0,0,0,1.07847474859527,0
"11940","ZCCHC3",0,0,0,0.911185022093189,1.49180213443286
"11941","ZCCHC4",0,0,0,0,3.39337373548694
"11942","ZCCHC6",0.904563554209921,0.0267146410667163,0,1.51823812810114,0.748956904875984
"11943","ZCCHC7",0.00489958811815733,1.1639480653529,0,0.0663339487069327,0.021557249733576
"11944","ZCCHC8",0,1.37362960251649,0,0.642205786569354,1.17845059915486
"11945","ZCCHC9",0,0,0,1.08013050419303,0.317738293080043
"11946","ZCRB1",0.0239089267969177,0.502520972128302,0,6.30744557119905,0.041381903124793
"11947","ZCWPW1",0.0109719899912488,0,0,0,0.0347324228931113
"11948","ZDBF2",0,0,0,0,3.99961257140173
"11949","ZDHHC1",0,0,0,6.68876036160432,0
"11950","ZDHHC12",0.939124772532245,0.0599078668554274,0,0.418614820571777,0.247474120687586
"11951","ZDHHC13",0,0,0,0,1.04639286809141
"11952","ZDHHC16",0,0,0,3.68496643487137,0.90418416299339
"11953","ZDHHC17",0.398393023431396,0.205035059503416,0,0.379166231377226,1.85262909560898
"11954","ZDHHC18",0,1.8587107435006,0,9.17833088477079,0.395518211037511
"11955","ZDHHC2",0.206365479348006,0.173338051653187,0,0.00236726865126467,0.0692559588136714
"11956","ZDHHC20",0,0.474180187351338,0,1.45313827077168,0.156082761354363
"11957","ZDHHC21",0.157569565300226,0.0661729384113132,0,0.406624759473175,2.82624611844391
"11958","ZDHHC24",1.44650430401168,0.289953136110174,0,0.877141686065219,0.0742277515610878
"11959","ZDHHC3",0.0308785735810891,0.740976265804858,0,2.95714514915006,0.631190004891779
"11960","ZDHHC4",2.10794055010921,1.9646105957078,0,2.17120911172407,0.0366662463219998
"11961","ZDHHC5",0,0.00280406184946686,0,0.0306767122193628,0.314828674069497
"11962","ZDHHC6",1.25953456234401,1.26259363375862,0,0.032627912472345,0.320190786317235
"11963","ZDHHC7",0,0.652052811785805,0,0.0426868872394568,1.47064120566858
"11964","ZDHHC8",0,0,0,0.483543429613105,1.11153922586399
"11965","ZDHHC9",0,0,0,0,0.188402836699444
"11966","ZEB1",1.00025173822009,0,0,0,3.00298784563293
"11967","ZEB1-AS1",0,0,0,0,1.18488447001464
"11968","ZEB2",2.76867858636609,2.34974646842635,0,0.217976617709489,0.127201824739545
"11969","ZEB2-AS1",0,0,0,1.06713662665248,0
"11970","ZER1",0,0.519603716155845,0,0.013367103130597,0.81634363335186
"11971","ZFAND1",0.67361414844726,0.372762538528495,0,5.03064633051505,0.509768804883475
"11972","ZFAND2A",0.000428568934658087,1.43470262877644,0,0.332552029705393,2.61837022165866
"11973","ZFAND2B",0.000449526565047999,0.203438965010758,0.517353200631141,5.70439790798644,0.798112804078811
"11974","ZFAND3",1.32208137436842,0.912557196393429,3.74569331415158,0.950709150036206,1.24148102189794
"11975","ZFAND4",0,3.45337509319746,0,0.122701639905831,0.229390614054376
"11976","ZFAND5",1.07279636847781,2.12209625218052,0,2.47858282396983,1.66182189125408
"11977","ZFAND6",0.30601435604691,0.372566694364884,0.921367441927232,1.20894244667313,0.0248539974384708
"11978","ZFAS1",0.0526256070375582,0.337133628898595,0.686566779549432,4.10155346100914,2.68732253971571
"11979","ZFAT",0,0,0,0,1.634711747337
"11980","ZFC3H1",1.43695818594528,0.845145007686244,0,0.587146085283183,0.652840835540098
"11981","ZFHX3",0,0,0,0.487369217594573,0
"11982","ZFP1",0,0,0,0,3.88577291424428
"11983","ZFP14",1.64140440600797,4.43237583352386,0,0.0213286215510729,0.0398072787425205
"11984","ZFP28",0,0,0,0,0.70454003920661
"11985","ZFP3",0,0,0,0,1.37323117627406
"11986","ZFP30",0,0,0,0,0.0422726595807668
"11987","ZFP36",5.54522597315615,16.9473715719017,0.846879646903292,5.9571196576129,0.311842865358996
"11988","ZFP36L1",3.80775928183802,1.92494976953777,0,1.2091764440688,3.1648740456139
"11989","ZFP36L2",0.0140771338844835,3.2470959697912,0,3.5465835334943,1.49068158790837
"11990","ZFP37",0,0,0,0,0.0900429499561502
"11991","ZFP41",0,0,0,0,1.38765815032824
"11992","ZFP62",0.154378483073492,0.232075944451537,0,0.495922593335297,0.493145903659581
"11993","ZFP64",0,0,0,0,0.531016564481705
"11994","ZFP69",0,0,0,0,0.623548773434531
"11995","ZFP69B",0,0,0,0,0.319258947964819
"11996","ZFP82",0,0,0,0,0.451136221656972
"11997","ZFP90",0,1.57882857157167,0,0.313523845432486,1.94256913070237
"11998","ZFP91",0.0665841011203631,4.48470530449731,0,1.85018926009918,0.284216059599291
"11999","ZFPL1",0.3831967594347,0.912440498157717,0,3.30883094568919,1.00328430138331
"12000","ZFPM1",0,0,0,0,2.87421125764245
"12001","ZFR",0.898955673147555,0.192929662051318,0,4.33925988749993,1.67156981265303
"12002","ZFX",0.0448784403062595,0.243612053156403,0,0.176422402895539,0.526676883886636
"12003","ZFY",0.869967409612979,5.24215301619115,0,0.0280190087907702,0.165651404382738
"12004","ZFYVE1",0,0,0,0.252723846969839,3.35325538870015
"12005","ZFYVE16",0,0.0954219601364383,0,0.141029009542339,2.72555300998501
"12006","ZFYVE19",0,3.58971104792374,0,4.28743020032777,0.505812696844987
"12007","ZFYVE21",0,0,0.408494008871293,1.10446918612979,0.276939733763743
"12008","ZFYVE26",0,0,0,0.123103067699328,0.0326765105360129
"12009","ZFYVE27",0.363219730362316,2.24060551724848,0,0.0184660547089578,0.347142182940621
"12010","ZFYVE28",0,0.276134298884817,0,0,1.44459963813016
"12011","ZFYVE9",0,0,0,0,0.205612368879796
"12012","ZG16B",0,0,0,8.70997968209953,0
"12013","ZGLP1",0,0,0,0.570900799337393,0
"12014","ZGPAT",0,0.0457259374529365,0,0.0120663584540625,0.0762565573315626
"12015","ZGRF1",0,0,0,0,1.53936725474517
"12016","ZHX1",0,0.408944482878585,0,5.92264795814246,1.5665112686456
"12017","ZHX1-C8orf76",0,0,0,0,0.210994700689019
"12018","ZHX2",0.540277979859413,0,0,0,0.275798555536718
"12019","ZHX3",0,0,0,0,0.510759442012474
"12020","ZIK1",0,0,0,0,19.6230804897634
"12021","ZKSCAN1",0.329379823949687,0.115150752904868,0,0.00276753979491951,0.222577129676905
"12022","ZKSCAN2",0,0,0,0,2.74864068181724
"12023","ZKSCAN3",0,0,0,0,1.62289429164341
"12024","ZKSCAN4",0,0,0,0,0.00211683390285695
"12025","ZKSCAN5",0,0,0,1.49933794575549,1.73085700101811
"12026","ZKSCAN8",0,0,0,1.14491441690681,0.478405809810898
"12027","ZMAT1",1.55802907356047,0,0,1.71130531356509,0.603072499839251
"12028","ZMAT2",1.01878844069911,0.413534623925414,0,0.188981457365473,0.0602263624091865
"12029","ZMAT3",0.163889595664531,0.376752950467279,0,0.568068636534815,3.76971570533945
"12030","ZMAT5",0.208995912260297,0.0780796702555644,0,1.60411505644713,0.801507322899503
"12031","ZMIZ1",0,0,0,0.502697036964608,0.140474517273952
"12032","ZMIZ2",0.0418298823914964,3.21894302871058,0,0.00236955379645974,0.633922236643924
"12033","ZMPSTE24",0,0.00250768877466861,0,1.22969321984295,0.568142898500276
"12034","ZMYM1",0,0,0,0.014043348266295,0.630906707104922
"12035","ZMYM2",0.184037457271685,1.92504086124132,0,1.60166245752508,1.91663523634846
"12036","ZMYM3",0,0,0,0.797802816479494,0.00245865868593294
"12037","ZMYM4",0,0.370866860838167,0,1.2625044368966,0.198848729176714
"12038","ZMYM5",0.000900489806572935,0.135722584395867,0,0.86969692355722,0.656029497618345
"12039","ZMYM6",0,0,0,2.75363772384697,0.440452654298603
"12040","ZMYM6NB",0,0,0,0.336166186942271,0.402176551999428
"12041","ZMYND11",1.17606376324516,0.371799120339594,0,3.61848153360348,4.91438039901807
"12042","ZMYND15",0,0,0,21.5625364976967,0
"12043","ZMYND19",0,0,0,0,0.00687215867369054
"12044","ZMYND8",0.485242552178915,2.15368774018982,0,2.90200597491046,1.09676658155837
"12045","ZNF10",0.273863905738341,0.054861371181429,0,0,0.2119248847901
"12046","ZNF100",0,0,0,9.08806507307098,3.89874853281672
"12047","ZNF101",0.700608834767549,1.69017798262933,0,0.14740764356834,0.00222565669868591
"12048","ZNF106",1.96961728185215,1.908428812069,0,2.95351776636049,0.108617901597969
"12049","ZNF107",0.0654746294130042,0.485198783730218,0,0,0.154671298507568
"12050","ZNF117",0,0,0,1.00756994507044,1.48278907707082
"12051","ZNF12",0,8.71363792210421,0,0.290580059044039,0.0393443137422765
"12052","ZNF121",0.00691744177864864,1.89379339517779,0,0.26085873170771,0.739786471597194
"12053","ZNF124",0.584676513822815,0,0,2.93767078241168,0.246507393633308
"12054","ZNF131",0.685482786639152,7.03134261222902,0,1.55436360025726,1.98862036180043
"12055","ZNF133",0,0,0,0,0.414372252409622
"12056","ZNF134",0.212448680558869,0,0,4.58651217734562,2.78081390026319
"12057","ZNF135",0,0,0,0,0.0357790854674103
"12058","ZNF136",0.00646596210812764,6.94582476764645,0,6.00997058287235,8.59939754845845
"12059","ZNF138",1.54641638640502,0.232472954598956,0,0,1.33761635582987
"12060","ZNF14",0,0,0,0,6.23410776256464
"12061","ZNF140",0,0,0,0,0.606769861497279
"12062","ZNF141",4.49024709789006,0.174344509944785,0,1.20003987575828,0.182309928308465
"12063","ZNF142",0,0,0,0.551479119729592,0.439532057167072
"12064","ZNF143",0,0.00431899805748856,0,3.83547031632109,0.380980241812572
"12065","ZNF146",0.266935037150908,0.0476453907352895,0,0.320627679421691,0.890286229574667
"12066","ZNF148",0.312574636656985,0.000333678838448878,0,0.0771230561614495,0.00931823019231585
"12067","ZNF154",0,0,0,0,0.371133985601405
"12068","ZNF155",0,0,0,0,0.000876221421975259
"12069","ZNF16",0,0,0,0.678652236656898,0.12112356809608
"12070","ZNF160",3.62034956622975,0.00215859308819517,0,3.01328940711533,5.46537551144341
"12071","ZNF169",0,0,0,0.595110575029531,0.00203942303850231
"12072","ZNF17",0,0,0,0,0.252596865572583
"12073","ZNF174",0,0,0,0,0.399458175639417
"12074","ZNF175",0,0,0,0,1.3994107778519
"12075","ZNF18",0,0,0,0.00659071087443858,3.02685759645914
"12076","ZNF180",0,0,0,0,0.854139077586374
"12077","ZNF181",0,0,0,0,2.21727953330623
"12078","ZNF182",0,0,0,0,0.108843736166847
"12079","ZNF184",0,0,0,0,0.393263379001569
"12080","ZNF185",0,0,1.42263848598979,0.010617043462993,4.8748193371511
"12081","ZNF189",0,0,0,0,0.000111912150120011
"12082","ZNF19",0,0,0,0,4.52001455163104e-06
"12083","ZNF195",0.193101713466463,0.108458689524853,0,2.10217296654979,0.260667582229525
"12084","ZNF197",0,0,0,3.67601285025031,2.18221408714319
"12085","ZNF2",0,0,0,0,2.83027626482715
"12086","ZNF200",0,0,0,0,0.548509640970879
"12087","ZNF202",0,0,0,0,0.790582268106893
"12088","ZNF207",1.62471949002667,0.00381218152501652,0,0.0107693706134956,0.464731203149513
"12089","ZNF208",0,0,0,0,0.832093884258451
"12090","ZNF211",0,0,0,1.48351532374336,3.77503467552592
"12091","ZNF212",0,0,0,4.54372693631801,0.756659512855339
"12092","ZNF213",0,0,0,1.03449648727198,0.59490288648832
"12093","ZNF213-AS1",0,0.853079195160476,0,0.103841873374083,1.0713868324203
"12094","ZNF217",0,0.13192534370205,0,2.8501981115384,0.120311113230382
"12095","ZNF219",0,0,0,0,6.20096761370416
"12096","ZNF22",1.36581357698603,0.237237992238851,0,1.13354491941803,0.0447961971759032
"12097","ZNF222",0,0,0,0,0.169038929837874
"12098","ZNF224",0.232649350847898,6.26154708211026,0,0.191097432798035,1.71002983353538
"12099","ZNF226",0.840624556441584,0.228381840026803,0,0.670145874246205,0.601250503724611
"12100","ZNF227",0,1.00865197405582,0,7.26386194471921,0.495200105581131
"12101","ZNF23",0,0,0,0,0.0975190009809361
"12102","ZNF230",0,0,0,0,1.19719661414788
"12103","ZNF232",0,0,0,0,1.01118225708602
"12104","ZNF234",0,0,0,0,0.337467263109006
"12105","ZNF235",0,0,0,0,8.18273222933383e-05
"12106","ZNF236",0,0.371396682694305,0,0.948164343458758,0.00538152512544497
"12107","ZNF24",1.96961554871623,4.98024550129247,0,6.30585318388937,1.96626101240273
"12108","ZNF248",0,0,0,0,0.671534854900494
"12109","ZNF25",0,0,0,0.146292110701724,0.0598538715076495
"12110","ZNF250",0,0,0,0,1.58388383887406
"12111","ZNF251",0,0,0,0,0.0769786945404235
"12112","ZNF253",0,0,0,0,0.0465120737438044
"12113","ZNF254",0.343795784755183,0.561532143485799,0,1.98439787925681,0.000127112350674661
"12114","ZNF256",2.13493097254823,0,0,0,5.07935056332302
"12115","ZNF257",0,0,0,0,0.563934567408303
"12116","ZNF26",0.400539814492343,0,0,0.135523273333289,0.802230271819274
"12117","ZNF260",0,0,0,0,8.10632062432687e-05
"12118","ZNF263",0.696498694289911,0.0976407020695556,0,9.91229438332527,6.66073280667887
"12119","ZNF264",2.12076824762469,0.478832710168609,0,0.401728377721399,0.0216109501777823
"12120","ZNF266",0.0259529804423969,0.59250255957134,0,0.37977563608789,0.0236491413374142
"12121","ZNF267",0.0013163879693674,12.4885716125116,0,5.03559505356456,3.83323954184227
"12122","ZNF268",0,0,0,0.166828790554228,0.0248220851107332
"12123","ZNF273",0,0,0,0,1.40881568853459
"12124","ZNF274",0.246615363532216,2.82364064518162,0,1.78341627614034,5.8777201857688
"12125","ZNF275",0,0,0,0,0.368610498856673
"12126","ZNF276",0,0.0017777211180651,0,1.41098766593664,0.0329459000186907
"12127","ZNF277",0.108501994840349,0.442315479264235,0,5.89245824007775,1.21003008334763
"12128","ZNF28",0,0,0,2.56485224043605,6.87973504284544
"12129","ZNF280B",0,0,0,0,0.653841433961783
"12130","ZNF280C",0,0,0,0,0.320868324969246
"12131","ZNF280D",2.72405648449176,5.53861831991864,0,0.510657362480446,0.176871313822021
"12132","ZNF281",1.03211615672933,0.0601186279858702,0,1.46173761095066,2.58252872636314
"12133","ZNF282",0,0,0,0.385510565264747,0.119956622682035
"12134","ZNF283",0,0,0,0,0.117400779031186
"12135","ZNF284",0,0,0,0,0.0829780793524257
"12136","ZNF286A",0,0,0,0,0.365345709716194
"12137","ZNF287",0,0,0,0,0.00326680747109358
"12138","ZNF292",4.55675547277565,1.44323866644467,0,0.9503335169517,0.179812596876815
"12139","ZNF296",6.60105023460379,0.065105547323214,0,4.017860709182,3.50358393558259
"12140","ZNF3",0,14.0930231801388,0,1.76261838103644,5.43219951091939
"12141","ZNF30",0,0,0,0,1.4738220766895
"12142","ZNF302",0.315728352288587,0.000122265936479279,0,0.210682824983185,0.106875230393072
"12143","ZNF304",0,0,0,0,1.71211036174921
"12144","ZNF316",0,0,0,0.980939281534339,0.147331490411188
"12145","ZNF317",0.287003467752573,2.26849526565148,0,0.413206585058062,1.54470826986399
"12146","ZNF318",0.678497207774841,0.371438921730054,0,0.907848649977222,1.34396276830715
"12147","ZNF319",0,0,0,0.0128099686020586,0.355778313890059
"12148","ZNF32",4.22577986085951,4.59989407166361,0,0.0855909735636976,0.570928261356377
"12149","ZNF322",0,0.0268220798298728,0,0.137229181067181,3.32356234685784
"12150","ZNF324",0,0,0,3.78693857459261,13.8893848351733
"12151","ZNF324B",0,0,0,0,0.00181730810208349
"12152","ZNF326",0.00144947044949351,2.4992806502534,0,1.23631845107924,4.38818118092027
"12153","ZNF329",0,0,0,0,11.8283207557725
"12154","ZNF330",0.111081450471645,0.307254959411798,0,3.33815044837472,0.328579663349493
"12155","ZNF331",3.55641491269469,6.33833471357829,0,4.0371009157677,5.00816599832361
"12156","ZNF333",0,0,0,0.0729274118882937,0.121120261883594
"12157","ZNF335",0.336591122749235,0.984462987387844,0,0.267894908633127,4.18614529974759
"12158","ZNF337",0,0,0,0.0891996868752965,0.00511613914127842
"12159","ZNF337-AS1",0,0,0,0,1.9207354130316
"12160","ZNF33A",4.3333711758186,0.813690758707979,0,0.265449214346473,0.347920626037885
"12161","ZNF33B",0.331891362059344,0.0396262687340866,0,0.00553765744022635,0.200611126820646
"12162","ZNF34",0,0,0,1.98994521233902,0.00184584952116168
"12163","ZNF341",0,0,0,0,0.821158955692443
"12164","ZNF345",0,0,0,0,0.541236293038441
"12165","ZNF346",0,0,0,0.102983742984921,0.572216522286927
"12166","ZNF347",0,0,0,0,1.16456718603804
"12167","ZNF350",0.5865672811457,2.72866673749129,0,1.86571491446797,1.60717032796794
"12168","ZNF354A",0,0,0,0.0103731143313561,0.270263588723329
"12169","ZNF354B",0,0,0,0,0.816889864213087
"12170","ZNF354C",0,0,0,0,0.093330866317471
"12171","ZNF358",0,0,0,9.74651555895789,0
"12172","ZNF362",1.67464023080985,0.544562656517086,0,1.46732093161631,2.53880988907148
"12173","ZNF367",0,0,0,0,4.46743794269857
"12174","ZNF37A",0.273066092051165,0.103926930041276,0,0.0408207461435829,0.0352388771618437
"12175","ZNF382",0,0,0,0,0.749202281982686
"12176","ZNF383",0,0,0,0.84564548962449,1.66293263285456
"12177","ZNF384",0,1.67564590682956,0,0.0666073844140321,0.648050038471517
"12178","ZNF385A",0,0,0,2.7648339193761,0.00332188417089105
"12179","ZNF394",0.0889688716136592,1.97928075808646,0,0.0285921415038847,5.02034709133865
"12180","ZNF395",0.00950120133330036,0,0,2.12419792511187,5.03998248351824
"12181","ZNF397",0.242080497604108,0,0,2.39954924563853,0.114338036799568
"12182","ZNF398",0,0,0,1.21399367839759,0.803671079272193
"12183","ZNF407",0,0,0,0.14360891617542,1.02023759828514
"12184","ZNF408",0,0,0,0.485889004437435,3.3397225145121
"12185","ZNF41",0,0,0,0,0.185249182114574
"12186","ZNF410",0,0.0588127677053818,0,0.116101390934359,1.24513341879325
"12187","ZNF414",0,1.20522744623012,0,0.0193081155656937,0.00775599677518289
"12188","ZNF415",0,0,0,0,0.00708163931275728
"12189","ZNF416",0,0,0,0,1.61013238799496
"12190","ZNF417",0,0,0,0,0.258257249464152
"12191","ZNF419",0,0,0,0,2.86148801916742
"12192","ZNF420",0,0,0,0,0.0365857314477242
"12193","ZNF426",0.212510273938744,0.112132027576087,0,0.362838241164944,0.795312241005018
"12194","ZNF428",3.70689385852517,0.84226150415494,0.0213590306013004,0.637221310877228,1.26114338670347
"12195","ZNF429",0.299848866419841,1.34757115154605,0,0.0776244108544666,0.0666681543108689
"12196","ZNF43",0,0,0,0.702503632592461,0.323129856371453
"12197","ZNF430",1.91758797772938,0.250130079887569,0,6.39816346586057,2.67788216238159
"12198","ZNF431",0.149417592645642,0.0164693354073838,0,1.80003737402582,0.00218655461530592
"12199","ZNF432",0,0,0,0,0.415117088089399
"12200","ZNF438",0,0,0,3.4125248929788,0.0168739033926907
"12201","ZNF439",0.338693839480484,0,0,0,0.19312776165175
"12202","ZNF44",0,3.15009383271376,0,4.50849141823235,8.15837110281308
"12203","ZNF440",0,0,0,0,0.229965138176588
"12204","ZNF441",0,0,0,0,0.0126519076843437
"12205","ZNF444",1.23786707954607,0.00098034777142995,0,0.0255144152302768,0.107829742785662
"12206","ZNF445",0,1.6045996021905,0,2.37590423783669,0.770826794963546
"12207","ZNF446",0,0,0,0,0.0302267301798171
"12208","ZNF449",0,0,0,0,0.0952223371000023
"12209","ZNF45",0,0,0,0,0.0584694240900431
"12210","ZNF451",1.57626200866533,2.80868052048515,0,0.799793865007222,1.38973988692485
"12211","ZNF460",0.272108091351268,0,0,0.149784366560373,0.462226491919198
"12212","ZNF461",0,0,0,0,0.11589477868055
"12213","ZNF467",0,0,0,0.0200657166529686,0.139486024072362
"12214","ZNF468",0,5.84939781167149,0,11.4796741793005,0.00893669552897864
"12215","ZNF473",0,0,0,0,2.74519487005381
"12216","ZNF48",0,0,0,0,0.0348660775329246
"12217","ZNF480",0.582393025137588,0.00359158014255817,0,0.783958702039391,1.27672956215672
"12218","ZNF483",0,0,0,0,1.53562906112081
"12219","ZNF484",0,0.484573188424789,0,0,0.193247712900617
"12220","ZNF485",0,0,0,0,1.75356687831603
"12221","ZNF486",0,0,0,0,0.142494969254501
"12222","ZNF487",0,0.0412032318358861,0,2.21166299293552,0.00533882256558554
"12223","ZNF490",0,0,0,0.135094613983898,0.0060452298690787
"12224","ZNF493",0.032172626247774,0.247244898702014,0,0.00987827475618131,0.00368683086311592
"12225","ZNF496",0,0.259159278807914,0,3.41660864430135,1.04583048648975
"12226","ZNF500",0,0,0,0,0.00782924204587341
"12227","ZNF501",0,0,0,0,0.102043432086334
"12228","ZNF502",0,0,0,0,1.82463509358072
"12229","ZNF503",0,0,0,1.95383872286642,0
"12230","ZNF506",0.937918302179298,2.38079305828441,0,0.343395531387106,0.994300348206501
"12231","ZNF507",0,0.312143609389635,0,0,2.69339424234343
"12232","ZNF510",0,0,0,0,1.00846463214833
"12233","ZNF511",1.24799368785043,0.0515103966790405,0,0.271667537351027,0.010644997099694
"12234","ZNF512",0,5.76336034737348,0,2.88791514743937,4.310813901314
"12235","ZNF512B",0,0,0,0,0.03970888100574
"12236","ZNF513",0,0,0,0.0961659488196408,0.0171283617480043
"12237","ZNF514",0,0,0,0,5.14738106159373
"12238","ZNF516",0.0944592337111594,0,0,0.732861467418017,2.23588947882501
"12239","ZNF517",0,0,0,0,6.26661974347426
"12240","ZNF518A",3.42460104938868,1.02251493758409,0,1.30143773527432,1.51892514868288
"12241","ZNF518B",0,0,0,0.0686102198632285,0.0423156375193253
"12242","ZNF519",0,0,0,0,0.106691733976153
"12243","ZNF524",0.0041134698284974,6.77391497171116,0,0.0762082570519122,2.34590926502936
"12244","ZNF525",0,0,0,0,0.747890519782879
"12245","ZNF526",0,0,0,0,1.03386617677254
"12246","ZNF527",0,0,0,0,0.33588467224203
"12247","ZNF528",0,0,0,0,0.149172542738942
"12248","ZNF529",0.760967145497948,5.48099220973485,0,0.104989039312527,1.35604875610885
"12249","ZNF529-AS1",0,0,0,0,1.05005235804379
"12250","ZNF530",0,0,0,0,2.28981419301476
"12251","ZNF540",0,0,0,0,0.907747534903726
"12252","ZNF543",0,0,0,0,1.27699899298244
"12253","ZNF544",0,0,0,0,3.30012692469049
"12254","ZNF546",0,0,0,0,1.00322454634739
"12255","ZNF548",0,0,0,1.36508129084011,0.386305086439027
"12256","ZNF549",0,0,0,0,0.305635496090305
"12257","ZNF550",0,0,0,0,1.31374276367631
"12258","ZNF551",0,0,0,0,0.577969121536812
"12259","ZNF552",0,0,0,0.842124604949965,1.17882485166924
"12260","ZNF554",0,0,0,0,0.0728075526313397
"12261","ZNF555",0,0,0,0,1.61893180901766
"12262","ZNF557",0,0,0,1.06789708877518,0.169753383455268
"12263","ZNF558",0,0,0,0,1.8957941577289
"12264","ZNF559",0,0,0,0,1.11425952162785
"12265","ZNF561",0,0,0,1.66974699586826,0.0590287063501946
"12266","ZNF562",1.77638643847899,0,0,0.0278076179439487,0.0583487180779924
"12267","ZNF563",0,0,0,0,1.10647870459747
"12268","ZNF564",0,0,0,0,4.94033010161669
"12269","ZNF565",0,0,0,0,0.975145944413727
"12270","ZNF566",0,0,0,0,0.000879489556080221
"12271","ZNF567",0,4.40149894365807,0,0,1.98441603723982
"12272","ZNF568",0,0,0,0,0.114559629386113
"12273","ZNF569",0,3.01107138257711,0,0,2.07982849846399
"12274","ZNF57",0,0,0,0,0.00106831951288307
"12275","ZNF570",0,0,0,0,0.458139380979955
"12276","ZNF571",0,0,0,0,1.53148602739374
"12277","ZNF573",0,0,0,0,0.481267864316924
"12278","ZNF574",0,3.66021560610452,0,3.25631546336561,3.82556210762462
"12279","ZNF575",0,0,0,0,2.67474859883526
"12280","ZNF576",0,0,0,3.22471302040499,1.02822949221824
"12281","ZNF577",0,0,0,0.181707868583569,2.5895348321851
"12282","ZNF578",0,0,0,0,0.504304331250228
"12283","ZNF579",0,0,0,3.71294253772127,4.21030474258122
"12284","ZNF580",0.73285445594771,2.06862747217203,0,4.14204787675457,0.886857417360187
"12285","ZNF581",0.00025416399941338,0.0631141379342731,0,5.3250872063781,2.51473615849384
"12286","ZNF582",0,0,0,0,0.288676824333942
"12287","ZNF582-AS1",0,0,0,0,0.135798127374001
"12288","ZNF583",0,0,0,0,0.316084850196177
"12289","ZNF584",0,0,0,0,0.124476302739448
"12290","ZNF585A",0,0,0,0.0638663893156788,0.598327369896763
"12291","ZNF585B",0,0,0,0,3.46007109965217
"12292","ZNF586",0.745495832174204,1.95634630527321,0,0.665223709937141,0.33350071011239
"12293","ZNF587",0,0,0,1.16937730541376,1.26675887726176e-05
"12294","ZNF587B",0,0,0,0,0.0540622357123573
"12295","ZNF589",0,0,0,0.0918474410277004,0.050945661885967
"12296","ZNF592",0.602335810800268,1.01293219349298,0,2.69403052287617,0.0655254263393472
"12297","ZNF593",0.218569524070934,0.175488806780118,0,0.277061559161769,0.627259938697441
"12298","ZNF594",0,0,0,0,1.05717957614719
"12299","ZNF595",0,0.166188938682349,0,0,2.98172418093007
"12300","ZNF596",0,0,0,0,0.473101806294682
"12301","ZNF597",0,0,0,0,0.988500177891589
"12302","ZNF598",0,0.778050782988913,0,0.176127731648165,0.517428590395351
"12303","ZNF599",0,0,0,0,1.93848299513826
"12304","ZNF600",0,0.498258507599425,0,1.36308383923723,0.0357612179770407
"12305","ZNF605",0,0,0,0,0.963488753191802
"12306","ZNF606",0,0,0,0,1.3808900908302
"12307","ZNF607",0,0,0,0,0.0408472588323654
"12308","ZNF609",0,0.119958941228332,0,0.182225770287372,7.56550875859875
"12309","ZNF610",0,0,0,0,0.328640056017242
"12310","ZNF611",0,1.40744273130968,0,0.521561015616255,0.972088951538336
"12311","ZNF614",0,0,0,0,0.210971433380366
"12312","ZNF615",0,0,0,0,0.311763589689885
"12313","ZNF616",0,0,0,0,0.0182022221228193
"12314","ZNF619",0,0,0,0,0.196923349005283
"12315","ZNF620",0,0,0,0,0.492304287281878
"12316","ZNF621",0,0,0,1.59638184323908,0.00155747694521171
"12317","ZNF622",0.638672770876223,0.0890066681368249,0,0.390159362400953,1.14072197155318
"12318","ZNF623",0,0,0,0,2.1063321700401
"12319","ZNF624",0,0,0,0,0.0807822963176171
"12320","ZNF626",0,0,0,0,2.33928863035866
"12321","ZNF627",0,0,0,0,2.0799643329338
"12322","ZNF628",0,0,0,2.33750908494346,0.179118425568062
"12323","ZNF629",0,0,0,0,0.458707203595126
"12324","ZNF630",0,0,0,0,0.0381216466632723
"12325","ZNF638",0.844503404467835,0.00962260751233002,0,0.429715983034232,0.203175870368969
"12326","ZNF639",0.248156721923606,0.000121414873575629,0,3.18253230582049,5.38333235393417
"12327","ZNF641",0,0.451584907471246,0,0.334119545699004,0.0469789987835968
"12328","ZNF644",1.4779129014433,2.85070236284583,0,2.23786415679445,0.840014144487534
"12329","ZNF646",0,0,0,0.0714914554017394,0.00208136833648718
"12330","ZNF649",0,0,0,0,0.153630833086064
"12331","ZNF652",0.356496241113267,3.18014185070274,0,3.06656711049372,1.22816184942291
"12332","ZNF654",0,8.36982383937798e-05,0,0.211364702884331,0.00788510153024509
"12333","ZNF655",0.00203020200064087,0.360459299337609,0,0.230173011252161,0.0378302371849342
"12334","ZNF658",0,0,0,0,0.0903192565244769
"12335","ZNF66",0,0,0,0,0.116637850841036
"12336","ZNF664",0,0.424725442282901,0,0.491447992208863,1.79950119768918
"12337","ZNF665",0,0,0,0,0.00972318813556573
"12338","ZNF667",0,0,0,0,0.0814682131589272
"12339","ZNF667-AS1",0.198837743041328,0,0,0,0.092015488929149
"12340","ZNF668",0,0,0,3.68356231428978e-05,0.00580449988902863
"12341","ZNF669",0.577965839141483,0.106320664292953,0,9.02247060949466,0.170209529477035
"12342","ZNF670",0,0,0,0,0.665406510290124
"12343","ZNF671",0,0,0,0,6.89094225651819
"12344","ZNF672",2.25844388900876,0,0,0.102455008971761,0.894363351727384
"12345","ZNF674-AS1",0,0,0,0.898278387091447,0.433251439343356
"12346","ZNF675",2.96231667150001,4.04117205064825,0,1.73825708159956,1.63229023634113
"12347","ZNF677",0.058847382263359,0.636827640056688,0,0,0.493855086621713
"12348","ZNF678",0,0,0,0,4.0949457320615
"12349","ZNF680",0,0,0,0,0.0699207148385506
"12350","ZNF681",0,0,0,0,1.99125245665356
"12351","ZNF682",0,0,0,0,2.00909433182824
"12352","ZNF683",0,0.0947878461236904,0,0,1.17576275370678
"12353","ZNF684",0,0,0,1.32317276962125,0.781278583998908
"12354","ZNF687",0,1.00363554382402,0,1.95446670416629,4.68074638253543
"12355","ZNF688",0.00868304996605334,0.677215169683962,0,1.03873975095184,0.0105286051031503
"12356","ZNF689",0,0,0,6.65868023923541,8.1725952822254
"12357","ZNF69",0,0,0,0,0.213764395616512
"12358","ZNF691",0,0,0,0,0.0117918702957513
"12359","ZNF692",0,5.44469352127957,0,8.26926229085216,1.7931444207186
"12360","ZNF696",0,0,0,0,0.072801857894044
"12361","ZNF699",0,0.29417208378953,0,1.23970111467523,1.02269514760411
"12362","ZNF7",0.00855977116337503,0.742127877596575,0,0.00343643146215901,0.00148272179225302
"12363","ZNF700",0,0,0,0.0085761289760948,0.0344906265922004
"12364","ZNF701",0,0,0,0.373264435488828,0.0686994940204234
"12365","ZNF703",0.149050918408167,0,0,6.93438961192403,0
"12366","ZNF706",1.93230464570135,0.108546706922286,0.214218066846857,4.01742807124848,0.0392588636209895
"12367","ZNF707",0,0,0,0,2.67165617100926
"12368","ZNF708",0,1.66241358891726,0,0.235005251047514,0.159092753667277
"12369","ZNF71",0,0,0,0.0756087732927188,0.00128392981854571
"12370","ZNF710",0,0,0,0.180036870813538,0.0811069033265823
"12371","ZNF714",0,0,0,7.07388843564794,0.627339545163467
"12372","ZNF717",0,0,0,0.00362381015639804,0.547118317258858
"12373","ZNF718",0,0,0,0,0.603260682908867
"12374","ZNF720",0.0909068204131155,0.135011999971109,0,0.00281294168137922,3.17765955369823
"12375","ZNF721",1.13899736657955,0.0962464797289017,0,1.02889813070563,0.172718876790126
"12376","ZNF724P",0,0,0,0,0.0491633261074761
"12377","ZNF726",0,0,0,0,2.38250253545123
"12378","ZNF736",0.251282356884424,0,0,1.54910308379834,0.136677061370049
"12379","ZNF737",0,0,0,0,0.00260566615414408
"12380","ZNF738",0,0.131615912864957,0,0.351736308254639,0.0149717150534915
"12381","ZNF74",0,0,0,0,1.79570414620857
"12382","ZNF740",0,0,0,0.446964122016827,0.0248594985319815
"12383","ZNF746",0,0.139857266502846,0,0.00492362705598005,3.06388009127619
"12384","ZNF747",0,0,0,0,0.308735487174614
"12385","ZNF749",0,0,0,0,0.334232933414666
"12386","ZNF75A",0.579268527591077,4.8417597395824,0,0.104878097804559,0.562211356267929
"12387","ZNF75D",0,0,0,0.0187886488238637,0.00302630675024051
"12388","ZNF76",1.95707495557599,0.0499847695748181,0,0.392356108727942,0.29529324949972
"12389","ZNF761",0,0,0,0.502857512588571,0.623163459268529
"12390","ZNF763",0,0,0,0,0.0331555134110745
"12391","ZNF764",0,0,0,0,1.22949864825729
"12392","ZNF765",0,0,0,0,0.109550963319811
"12393","ZNF766",0.86464115194181,3.25956429066862,0,4.16085517015526,11.8753108768715
"12394","ZNF768",0,0,0,0.284653431566197,0
"12395","ZNF77",0,0,0,0,0.0806968073716451
"12396","ZNF770",0.000252257915908146,0.60341904903796,0,4.25568527049312e-05,0.0472453022296812
"12397","ZNF771",0,0,0,0,0.423744976631936
"12398","ZNF773",0,0,0,0,2.44283113689243
"12399","ZNF776",0,0,0,0,1.29145156714388
"12400","ZNF777",0,0,0,0,1.3880909326338
"12401","ZNF778",0,5.86709250332343,0,0.093832946457288,1.99689472786116
"12402","ZNF780A",0,8.13385440529915,0,0.220042498542649,0.632197424183046
"12403","ZNF780B",0,0,0,0.143685720171377,0.990760795578154
"12404","ZNF781",0,0,0,0,1.3412327524481
"12405","ZNF782",0,0,0,0,0.174224454183724
"12406","ZNF783",0,0,0,0.758930978928066,0.262480580839783
"12407","ZNF784",0,0,0,0.0712355338897338,0.674141068210145
"12408","ZNF785",0,0,0,0,0.0258818355846048
"12409","ZNF786",0,0,0,0,0.000209480680673758
"12410","ZNF787",0,0,0,1.86994181060813,1.40719726599797
"12411","ZNF789",0,0,0,0,0.0619589777266329
"12412","ZNF79",0,0,0,0,0.0125879362716515
"12413","ZNF790",0,0,0,0,3.23123106624741
"12414","ZNF790-AS1",0,0,0,0,0.0916962516199557
"12415","ZNF791",2.62557633424421,0.569329356414631,0,1.32522414264907,0.56972252226863
"12416","ZNF792",0,0,0,0,0.0398906129232782
"12417","ZNF793",0,0,0,0,0.00504619968137975
"12418","ZNF793-AS1",0,0,0,0,4.6988401293139
"12419","ZNF799",0,0,0,0,0.0983563956328039
"12420","ZNF8",0,0,0,0.129917142501721,1.03707786455783
"12421","ZNF80",0,0,0,0,0.517251513314623
"12422","ZNF800",0.0348084716021791,0.0693846178666322,0,0.940155873706079,0.396712690828309
"12423","ZNF804A",0,0,0,0.463220799947123,0
"12424","ZNF805",0,0,0,0,1.45965428160913
"12425","ZNF808",0,0.119959877357474,0,0.325731483903083,0.00956595754213841
"12426","ZNF81",0,0,0,0,0.181290205637608
"12427","ZNF813",0,0,0,0,1.72642300946697
"12428","ZNF814",9.82966100525797e-06,0,0,0.103425195394423,0.000939845256969224
"12429","ZNF816",0,0,0,0,7.484672839751
"12430","ZNF816-ZNF321P",0,0,0,0,0.563840102056634
"12431","ZNF821",0.132663347637884,0.682842027683231,0,1.29415688925602,8.90823940411299
"12432","ZNF823",0,0,0,0,0.308071181840875
"12433","ZNF827",0,0,0,0,0.187318580057052
"12434","ZNF829",0,0,0,0,1.02592917628211
"12435","ZNF83",0.750575008967832,0.263169547473183,0,0.213271879797476,0.498124421255672
"12436","ZNF830",0.198904545889585,0.00694738909173337,0,0.0673583246271475,0.311748394987201
"12437","ZNF831",0,2.16652979250168,0,0,0.601849654999984
"12438","ZNF836",1.00972330851349,0.226571086536772,0,2.80543644297964,3.15958484840703
"12439","ZNF837",0,0,0,0,2.9973698731321
"12440","ZNF839",0,0,0,0,0.0137244058115709
"12441","ZNF84",1.19132293112247,0.000108497179996689,0,0.0290657909847813,0.000690414280549919
"12442","ZNF841",0,0,0,0,0.0295310054532477
"12443","ZNF844",0,0,0,0,0.0464606822398996
"12444","ZNF845",0,0,0,0,0.235743386449287
"12445","ZNF846",0,0,0,1.09193878977609,0.0982176073650045
"12446","ZNF85",0,0,0,0,0.497082457548991
"12447","ZNF852",0,0,0,0,0.625260368985097
"12448","ZNF853",0,0,0,0,0.0252781712107246
"12449","ZNF862",0,0,0,0.134506568117065,0.0736692616361209
"12450","ZNF865",0,0.0183301324970893,0,1.18232631786727,0.0426889322695489
"12451","ZNF879",0,0,0,0,0.00525351648256375
"12452","ZNF880",1.9908666177607,0.0374372463502844,0,0.0545622968912473,5.30269128751595
"12453","ZNF891",1.0023997646813,0,0,0,0.0452495782878652
"12454","ZNF90",2.37718605746407,0,0,0,0.0215292664663073
"12455","ZNF91",0.345762945738772,0.182139068456319,0,0.840061128395243,0.242691867706844
"12456","ZNF92",0.147845258316704,1.36583850541172,0,0.688145771488901,2.68648565135894
"12457","ZNF93",0,0,0,0.870413489169905,0.0301181430436454
"12458","ZNFX1",0.0623861205348035,0.0364972293399764,0,3.52131961392559,4.41322583299322
"12459","ZNHIT1",0.00455496689591779,0.126642793194524,0,1.18912721764439,3.24086631735103
"12460","ZNHIT2",0,0,0,0.267686948667858,10.0854475089008
"12461","ZNHIT3",3.17647306035652,0.596204475175227,0,4.84069986645658,2.15987550649276
"12462","ZNHIT6",0.00224680858094083,0.231481373152936,0,0.0847477957753589,1.5287173715031
"12463","ZNRD1",5.35708711043436e-06,0.774199306870684,0,1.42830232137564,0.107589502017037
"12464","ZNRF1",0,0,0,0.277312161641899,1.4162806150146
"12465","ZNRF2",0,0,0,0.0298966684973332,1.37253593448759
"12466","ZP3",0,0,0,0.932960661725921,4.02676890492587e-07
"12467","ZPR1",0.0517313288546719,0.165415566306654,0,0.00353473359030212,0.211069846162326
"12468","ZRANB1",0,2.35495161332919,0,12.7630026941125,2.30799417890924
"12469","ZRANB2",0.726397442249369,0.0043752876032577,0,2.45982765470412,0.0707463375697356
"12470","ZRANB3",0,0,0,0,3.71439264502587
"12471","ZRSR2",0.162585179549806,0.00384963012131008,0,0.0272883413527629,0.732973210718451
"12472","ZSCAN12",0,0,0,0,4.06029267346237
"12473","ZSCAN16",0,0,0,6.71305520793045,1.96641943460899
"12474","ZSCAN16-AS1",0.157192778539425,0.748551043382778,0,0.480840627629313,0.0327904314041737
"12475","ZSCAN18",0.381658996822931,0.00661480654005656,0,0,2.46351876102584
"12476","ZSCAN2",0,0,0,3.64947844452456,0.118860337202488
"12477","ZSCAN21",0,0,0,0,0.669932072233045
"12478","ZSCAN25",0,0,0,1.72854882305437,2.45275865232867
"12479","ZSCAN26",0,0,0,0,0.483858975723535
"12480","ZSCAN29",0,0,0,0.627996439193039,1.50589335920631
"12481","ZSCAN30",0,0,0,0,6.94530823267174
"12482","ZSCAN32",0,0,0,0,0.17793002243381
"12483","ZSCAN5A",0,0,0,1.54813489877885,0.687988837330863
"12484","ZSWIM1",0,0,0,0,0.077338926975618
"12485","ZSWIM3",0,0,0,0,0.0176225471867353
"12486","ZSWIM5",0,0,0,0,1.16393734337397
"12487","ZSWIM6",0,0,0,5.01831625156205,2.46000544968174
"12488","ZSWIM7",0.236886735190312,2.7966080222253,0,1.84610573955368,5.36438066512916
"12489","ZSWIM8",0,3.08659358876246,0,0.0423936142409633,0.429402198989317
"12490","ZUFSP",0,1.31561645144913,0,0.212452560527117,1.56403457520324
"12491","ZW10",0,0,0,0.693641194705139,4.16706280402789
"12492","ZWILCH",0,0,0,1.1264779267075,0.21098338630504
"12493","ZWINT",0,0,0,0,0.177076053680505
"12494","ZXDA",0,0,0,0,0.549557076614536
"12495","ZXDB",0,0,0,0.0519596441523447,0.665558054678392
"12496","ZXDC",0,0.367793477511471,0,0.110556173563878,0.772164339867489
"12497","ZYG11B",0,0,0,0.262949566176366,0.173246939257391
"12498","ZYX",0,0.0541708754372763,4.26561470960189,1.13593695399773,1.64227789882492
"12499","ZZEF1",0.979301400728673,0.000290154175320291,0,0.0697071838685299,1.29477465923632
"12500","ZZZ3",3.70615475880383,0.302769114022259,0,0.286305438144137,0.596374793704951
